ticker,latest_date,ensemble_probability,ensemble_prediction,cnn_probability,resnet_probability,vit_probability
BCC,2026-07-08,0.63714886,1,0.54351,0.8405287,0.5274077
GPRK,2026-07-08,0.628778,1,0.4744048,0.92305315,0.48887601
TER,2026-07-08,0.61867356,1,0.58456296,0.77599144,0.49546623
BLDR,2026-07-08,0.61552334,1,0.52765197,0.7868612,0.5320566
SSD,2026-07-08,0.6114037,1,0.49642584,0.82293445,0.5148508
QRVO,2026-07-08,0.6107946,1,0.47697353,0.85640854,0.4990016
TY,2026-07-08,0.6039009,1,0.4801337,0.8223392,0.50922984
BC,2026-07-08,0.6034497,1,0.4630761,0.8463702,0.5009028
TRN,2026-07-08,0.6008265,1,0.47875285,0.80799997,0.5157266
MAS,2026-07-08,0.60060966,1,0.4822768,0.81642956,0.5031225
WWD,2026-07-08,0.59991676,1,0.48172987,0.8055137,0.51250666
NDSN,2026-07-08,0.5980953,1,0.4813711,0.81738514,0.49552968
AVGO,2026-07-08,0.59702694,1,0.48092067,0.7917215,0.5184386
MRTN,2026-07-08,0.5969828,1,0.46997574,0.82018965,0.5007829
INTU,2026-07-08,0.59631634,1,0.4772662,0.8022372,0.5094456
HAL,2026-07-08,0.5952345,1,0.49286687,0.7832363,0.5096003
LEN,2026-07-08,0.59336895,1,0.49005896,0.7772203,0.5128275
GFS,2026-07-08,0.5922477,1,0.50023884,0.7736459,0.5028583
RACE,2026-07-08,0.5919626,1,0.49655744,0.7575185,0.5218117
UFPI,2026-07-08,0.59040916,1,0.48325905,0.77577,0.51219845
WMS,2026-07-08,0.5884058,1,0.5160007,0.7488396,0.500377
BYD,2026-07-08,0.5867245,1,0.4665012,0.77469116,0.51898104
CPAY,2026-07-08,0.58660805,1,0.470932,0.77362484,0.51526713
REXR,2026-07-08,0.58641887,1,0.45918226,0.8098423,0.49023196
CNX,2026-07-08,0.58607006,1,0.49580148,0.7341712,0.52823734
MLI,2026-07-08,0.5858741,1,0.5242862,0.7262889,0.507047
HWM,2026-07-08,0.5857194,1,0.49134815,0.72795624,0.53785384
SLB,2026-07-08,0.58561796,1,0.5027621,0.7410561,0.51303566
SM,2026-07-08,0.58556044,1,0.48350385,0.76054996,0.5126275
SPFI,2026-07-08,0.58551246,1,0.48100853,0.77168083,0.50384796
FCPT,2026-07-08,0.58551157,1,0.48089945,0.7711075,0.5045276
SD,2026-07-08,0.58510756,1,0.48004666,0.78311676,0.49215934
SWKS,2026-07-08,0.58496785,1,0.47214434,0.78936464,0.49339446
COST,2026-07-08,0.5847476,1,0.4908031,0.729225,0.5342147
ALLY,2026-07-08,0.58413416,1,0.45971948,0.7975302,0.49515277
NIE,2026-07-08,0.5839097,1,0.47666842,0.76395625,0.51110435
AX,2026-07-08,0.5829807,1,0.46582717,0.7999837,0.48313114
IRM,2026-07-08,0.5829328,1,0.5143167,0.6863966,0.548085
VCTR,2026-07-08,0.5828957,1,0.483184,0.73591316,0.5295898
BLK,2026-07-08,0.58265144,1,0.47059783,0.7634744,0.513882
ESNT,2026-07-08,0.5819822,1,0.48350936,0.74137974,0.5210575
TVTX,2026-07-08,0.5816016,1,0.47626156,0.78124857,0.4872947
BKV,2026-07-08,0.58115464,1,0.5093161,0.704471,0.5296768
MRSH,2026-07-08,0.5801511,1,0.48243186,0.7296113,0.5284101
SKYW,2026-07-08,0.5794027,1,0.4798831,0.7586081,0.49971685
ATI,2026-07-08,0.5792505,1,0.47987032,0.7480279,0.5098532
ASGI,2026-07-08,0.5792208,1,0.45986596,0.7975456,0.4802507
CACC,2026-07-08,0.57916296,1,0.47616196,0.76340663,0.49792024
TREX,2026-07-08,0.57904065,1,0.49224782,0.7370473,0.5078268
ENVA,2026-07-08,0.5782238,1,0.48301232,0.73328644,0.51837265
BZH,2026-07-08,0.5777208,1,0.49613988,0.74928325,0.48773926
KMI,2026-07-08,0.5776832,1,0.48744565,0.7398712,0.5057328
IBP,2026-07-08,0.5772065,1,0.5278447,0.6799011,0.5238736
URBN,2026-07-08,0.57638824,1,0.48470947,0.7323521,0.51210296
GLW,2026-07-08,0.5762011,1,0.5296068,0.6926909,0.5063056
AAL,2026-07-08,0.5760361,1,0.47901323,0.76488066,0.48421437
XYZ,2026-07-08,0.57586336,1,0.4737772,0.7732414,0.48057145
EPD,2026-07-08,0.574528,1,0.50250924,0.67357296,0.54750174
AI,2026-07-08,0.57407427,1,0.45059538,0.78382254,0.48780495
PHM,2026-07-08,0.57365894,1,0.4952051,0.71099114,0.5147806
MHO,2026-07-08,0.5736296,1,0.5349101,0.67762786,0.5083509
HLI,2026-07-08,0.571924,1,0.4671045,0.7250182,0.5236492
AIN,2026-07-08,0.5717983,1,0.4806881,0.72465307,0.51005375
GRBK,2026-07-08,0.5717049,1,0.46997163,0.74084306,0.50429994
ACN,2026-07-08,0.57150614,1,0.45675257,0.76001596,0.49774978
AME,2026-07-08,0.5707369,1,0.51882225,0.66897875,0.52440965
RH,2026-07-08,0.57006574,1,0.46560103,0.7582276,0.48636842
SNA,2026-07-08,0.56954205,1,0.47943857,0.7180329,0.5111546
GOF,2026-07-08,0.56940436,1,0.48120698,0.7067979,0.5202082
KOP,2026-07-08,0.5683127,1,0.4846171,0.7081217,0.5121993
NOG,2026-07-08,0.5678649,1,0.5053661,0.6658011,0.5324273
MCB,2026-07-08,0.5677978,1,0.4616086,0.7594704,0.4823142
ROCK,2026-07-08,0.56760716,1,0.49553266,0.7019403,0.5053485
HRI,2026-07-08,0.5665467,1,0.52457213,0.6600996,0.5149682
HMC,2026-07-08,0.5665393,1,0.46673736,0.72092754,0.51195294
VERX,2026-07-08,0.5661798,1,0.48025465,0.70627075,0.512014
TMHC,2026-07-08,0.5656391,1,0.49864528,0.69038326,0.5078887
PG,2026-07-08,0.5654168,1,0.50658697,0.6709481,0.51871526
FRBA,2026-07-08,0.5652424,1,0.47352377,0.7397731,0.48243025
EPM,2026-07-08,0.56523633,1,0.46692473,0.74714875,0.48163545
MCBS,2026-07-08,0.5647054,1,0.46935672,0.71986806,0.50489134
JBI,2026-07-08,0.5645039,1,0.48056626,0.7091792,0.5037662
RYZ,2026-07-08,0.5644813,1,0.49446332,0.6993759,0.49960464
TEX,2026-07-08,0.5644592,1,0.5111,0.68873584,0.49354172
GNRC,2026-07-08,0.56437856,1,0.54048026,0.65796846,0.494687
EBS,2026-07-08,0.5639926,1,0.46034807,0.7477579,0.48387176
FIX,2026-07-08,0.5638619,1,0.5071237,0.6567317,0.5277302
TTE,2026-07-08,0.5637156,1,0.5077023,0.65531904,0.5281252
AGM,2026-07-08,0.56345046,1,0.47646287,0.7017783,0.5121101
UMC,2026-07-08,0.5628675,1,0.43315142,0.79875034,0.45670074
F,2026-07-08,0.5628278,1,0.4761997,0.7167294,0.49555427
BANR,2026-07-08,0.56262124,1,0.44762906,0.75756323,0.48267135
AIR,2026-07-08,0.5624914,1,0.4814099,0.6866671,0.5193972
CCBG,2026-07-08,0.56202155,1,0.49846643,0.6733113,0.5142869
GPOR,2026-07-08,0.5619967,1,0.4813386,0.6973148,0.50733674
AAON,2026-07-08,0.56199586,1,0.50880843,0.65586305,0.5213161
FBNC,2026-07-08,0.5618439,1,0.4515517,0.76146495,0.4725149
VIK,2026-07-08,0.5612395,1,0.52647704,0.6189833,0.53825796
ZS,2026-07-08,0.56090474,1,0.51991063,0.6459139,0.51688963
PIPR,2026-07-08,0.5608956,1,0.47034284,0.6957178,0.5166261
WRLD,2026-07-08,0.5608313,1,0.49742636,0.6861368,0.49893084
HLF,2026-07-08,0.5600474,1,0.48107016,0.71300185,0.4860702
GFF,2026-07-08,0.56000113,1,0.5027166,0.6447353,0.5325516
FULT,2026-07-08,0.559491,1,0.475426,0.7090947,0.49395218
V,2026-07-08,0.5593474,1,0.4867956,0.6655946,0.5256519
GD,2026-07-08,0.55925685,1,0.47982424,0.68003696,0.51790935
AMKR,2026-07-08,0.55901986,1,0.48602867,0.693255,0.49777588
MOD,2026-07-08,0.55874157,1,0.5314531,0.608678,0.53609353
TOL,2026-07-08,0.55816907,1,0.51740706,0.63813996,0.5189601
MTDR,2026-07-08,0.55802894,1,0.48815888,0.6634033,0.52252454
NWBI,2026-07-08,0.55777204,1,0.45253477,0.72970635,0.4910749
VTS,2026-07-08,0.557376,1,0.488294,0.6659021,0.51793206
WMB,2026-07-08,0.55721736,1,0.50149405,0.64510405,0.52505404
NRG,2026-07-08,0.55700564,1,0.5214005,0.6197727,0.52984375
BLX,2026-07-08,0.556631,1,0.475426,0.6701941,0.5242729
JHX,2026-07-08,0.5565753,1,0.48467132,0.6890686,0.49598593
SAIC,2026-07-08,0.5561938,1,0.47749195,0.66031486,0.53077465
FANG,2026-07-08,0.556129,1,0.5069128,0.632835,0.52863914
ACLS,2026-07-08,0.5561026,1,0.513627,0.65616935,0.49851134
GABC,2026-07-08,0.55572605,1,0.46938008,0.7075425,0.49025568
WFRD,2026-07-08,0.55571127,1,0.49503338,0.65088826,0.5212122
APA,2026-07-08,0.55551374,1,0.48813632,0.66574425,0.51266056
TSLX,2026-07-08,0.5553628,1,0.48547083,0.6643156,0.5163019
PDI,2026-07-08,0.55525774,1,0.4995448,0.6242343,0.54199404
ALAB,2026-07-08,0.55514556,1,0.50667024,0.6418137,0.51695263
TWST,2026-07-08,0.5549179,1,0.47633317,0.70908517,0.47933522
MLM,2026-07-08,0.554897,1,0.4582879,0.69125193,0.5151511
DIOD,2026-07-08,0.554415,1,0.46794394,0.7092653,0.4860357
HD,2026-07-08,0.5539941,1,0.48422706,0.6592189,0.5185363
SN,2026-07-08,0.55398405,1,0.49120796,0.6490966,0.5216476
CMI,2026-07-08,0.5536257,1,0.50922143,0.6388259,0.51282966
PGC,2026-07-08,0.553569,1,0.4688477,0.7036707,0.48818865
AVNS,2026-07-08,0.5535545,1,0.44565585,0.7231187,0.49188888
RITM,2026-07-08,0.5535077,1,0.4656268,0.6882414,0.50665474
AROC,2026-07-08,0.5533576,1,0.47507602,0.6734733,0.5115235
SMBC,2026-07-08,0.55308616,1,0.48673946,0.67453754,0.49798152
HRB,2026-07-08,0.5530406,1,0.47408855,0.6745996,0.51043373
PHG,2026-07-08,0.5530202,1,0.46643376,0.6932175,0.4994093
ADT,2026-07-08,0.5530012,1,0.4582058,0.7085106,0.49228725
GXO,2026-07-08,0.55275214,1,0.4714316,0.69587684,0.49094802
ALV,2026-07-08,0.5523914,1,0.48414057,0.6627968,0.5102367
LII,2026-07-08,0.55234325,1,0.4974601,0.6352496,0.52431995
ZWS,2026-07-08,0.55195,1,0.4784921,0.67750216,0.4998556
J,2026-07-08,0.5517,1,0.4731143,0.6559582,0.52602756
FSK,2026-07-08,0.5515713,1,0.4670528,0.6572109,0.5304502
ATO,2026-07-08,0.55155385,1,0.48182106,0.64880145,0.5240389
WSM,2026-07-08,0.55144167,1,0.5010669,0.6487422,0.5045159
MPWR,2026-07-08,0.5513671,1,0.5206302,0.61793107,0.51554006
ABM,2026-07-08,0.5510455,1,0.49894723,0.6391938,0.51499534
ORLY,2026-07-08,0.55103445,1,0.5351605,0.5656514,0.5522914
BANF,2026-07-08,0.55103314,1,0.48280147,0.6629341,0.50736386
RBLX,2026-07-08,0.55081725,1,0.48657712,0.6579738,0.5079008
LADR,2026-07-08,0.5508107,1,0.4723252,0.68216324,0.49794355
CSQ,2026-07-08,0.5507278,1,0.4795181,0.67790914,0.49475613
OLED,2026-07-08,0.55072516,1,0.49724707,0.64699507,0.50793326
LEN-B,2026-07-08,0.55035925,1,0.50431675,0.63071775,0.51604325
PNFP,2026-07-08,0.5502376,1,0.4515805,0.69266254,0.50646967
MAIN,2026-07-08,0.55011433,1,0.48219687,0.6373048,0.53084135
CXT,2026-07-08,0.55002,1,0.491126,0.63696223,0.5219716
ET,2026-07-08,0.5495321,1,0.5000899,0.6223355,0.52617085
CPA,2026-07-08,0.5493252,1,0.48524117,0.6636693,0.4990652
H,2026-07-08,0.5491774,1,0.4734915,0.6646413,0.5093994
LLY,2026-07-08,0.54860795,1,0.49335292,0.6272152,0.5252558
NWPX,2026-07-08,0.5484625,1,0.49236444,0.6378048,0.5152183
BOOT,2026-07-08,0.5481912,1,0.4814871,0.6616808,0.5014057
IFF,2026-07-08,0.5481474,1,0.45894864,0.69390315,0.49159023
TBBK,2026-07-08,0.5480744,1,0.47139946,0.66808504,0.50473875
EVT,2026-07-08,0.5479015,1,0.45828,0.68533224,0.5000923
CECO,2026-07-08,0.54758537,1,0.5312744,0.6065183,0.50496346
BBVA,2026-07-08,0.54753625,1,0.47616953,0.6475828,0.5188564
GBCI,2026-07-08,0.5472791,1,0.47007263,0.68569547,0.48606923
OVV,2026-07-08,0.5470264,1,0.49293095,0.64677554,0.50137264
STRL,2026-07-08,0.54698247,1,0.5612307,0.5561795,0.5235371
XPRO,2026-07-08,0.5467005,1,0.49925208,0.61997765,0.52087176
EPAC,2026-07-08,0.5466253,1,0.5008881,0.62194246,0.51704526
AGO,2026-07-08,0.54649556,1,0.48071128,0.6378858,0.52088964
KBH,2026-07-08,0.54646313,1,0.5033749,0.6201157,0.5158987
MTSI,2026-07-08,0.54592234,1,0.5313677,0.5897717,0.51662755
BRO,2026-07-08,0.54556376,1,0.46827242,0.6444127,0.5240062
JRS,2026-07-08,0.5455476,1,0.4652497,0.6783249,0.49306816
RGT,2026-07-08,0.5451613,1,0.45596802,0.68553627,0.4939795
FTI,2026-07-08,0.5450922,1,0.49603954,0.6270079,0.5122291
CVX,2026-07-08,0.5444112,1,0.4942299,0.6160623,0.5229414
MRVL,2026-07-08,0.54440475,1,0.49644735,0.63373107,0.5030357
ENLT,2026-07-08,0.5440769,1,0.5029476,0.6188519,0.51043123
UBER,2026-07-08,0.54399776,1,0.46885592,0.67298496,0.49015245
NU,2026-07-08,0.5439917,1,0.50775987,0.61998045,0.5042348
AGI,2026-07-08,0.5438607,1,0.4903701,0.6298603,0.5113517
SF,2026-07-08,0.54382366,1,0.45386946,0.6660263,0.51157516
BXC,2026-07-08,0.54380375,1,0.5665556,0.5595987,0.50525695
LB,2026-07-08,0.5437298,1,0.4857353,0.6136413,0.5318126
WPP,2026-07-08,0.5433983,1,0.46574533,0.6595872,0.5048623
UPST,2026-07-08,0.5432742,1,0.46044034,0.6982821,0.4711001
UVSP,2026-07-08,0.54320025,1,0.44913378,0.6964899,0.48397717
SKY,2026-07-08,0.54315776,1,0.48997447,0.6316263,0.50787246
LGI,2026-07-08,0.5428527,1,0.47127128,0.6689144,0.48837236
KGS,2026-07-08,0.5427267,1,0.513201,0.5891477,0.52583134
NWG,2026-07-08,0.5426417,1,0.47928712,0.6312634,0.5173745
REPX,2026-07-08,0.54259914,1,0.49398783,0.63647115,0.49733835
PTGX,2026-07-08,0.5425121,1,0.47312176,0.65879166,0.4956229
BHB,2026-07-08,0.54215574,1,0.48813167,0.662027,0.4763085
KALU,2026-07-08,0.5420104,1,0.51564825,0.6040808,0.50630206
SKM,2026-07-08,0.5419534,1,0.47223422,0.6524237,0.50120217
NX,2026-07-08,0.54191405,1,0.4848279,0.64010113,0.50081307
OMF,2026-07-08,0.5418252,1,0.47602934,0.63750243,0.5119437
LBRT,2026-07-08,0.5417688,1,0.48805475,0.64195174,0.49529973
RKT,2026-07-08,0.541766,1,0.472019,0.6667302,0.48654878
BGR,2026-07-08,0.54144794,1,0.48752257,0.6279344,0.50888675
SCHL,2026-07-08,0.54144126,1,0.50499254,0.60571265,0.5136185
KNTK,2026-07-08,0.5414189,1,0.49053073,0.6195805,0.5141454
CURB,2026-07-08,0.54140997,1,0.477537,0.6418578,0.5048351
CAKE,2026-07-08,0.54138803,1,0.475426,0.67592305,0.472815
POWI,2026-07-08,0.5413146,1,0.46724445,0.67921114,0.47748825
WMT,2026-07-08,0.54095465,1,0.49821806,0.59826857,0.52637726
HRZN,2026-07-08,0.540839,1,0.4805738,0.6392973,0.5026459
VRSK,2026-07-08,0.54078984,1,0.47101957,0.6306782,0.5206717
CII,2026-07-08,0.5407694,1,0.47021136,0.6407884,0.51130843
GT,2026-07-08,0.54071325,1,0.48305246,0.6387912,0.500296
HESM,2026-07-08,0.54070747,1,0.48113346,0.62389106,0.51709795
QCRH,2026-07-08,0.54068613,1,0.47115713,0.6511853,0.499716
LOVE,2026-07-08,0.54063296,1,0.475426,0.6564814,0.48999158
AGRO,2026-07-08,0.54063135,1,0.49126434,0.63104564,0.49958408
MT,2026-07-08,0.5404344,1,0.47505826,0.6486642,0.49758074
SFST,2026-07-08,0.5402655,1,0.49110755,0.6418162,0.4878727
TRGP,2026-07-08,0.540249,1,0.48573104,0.59989345,0.5351224
TGLS,2026-07-08,0.54008174,1,0.49490768,0.5988433,0.52649426
ENTG,2026-07-08,0.5399351,1,0.47943348,0.6422202,0.4981516
LNC,2026-07-08,0.539721,1,0.4726981,0.6389459,0.50751907
SWIM,2026-07-08,0.53951734,1,0.475426,0.65834874,0.4847773
FMBH,2026-07-08,0.5392834,1,0.47335175,0.68308634,0.46141198
RS,2026-07-08,0.5391966,1,0.4850409,0.611448,0.5211009
CARR,2026-07-08,0.5391394,1,0.49009332,0.62634486,0.50098
WTTR,2026-07-08,0.53908944,1,0.4871414,0.61927295,0.51085395
NNN,2026-07-08,0.53905594,1,0.47189483,0.64668065,0.49859217
ACA,2026-07-08,0.539011,1,0.4675595,0.6470274,0.50244606
WGO,2026-07-08,0.538979,1,0.4863481,0.6430166,0.48757228
SAN,2026-07-08,0.53888804,1,0.4549875,0.6677755,0.4939011
PNNT,2026-07-08,0.5385984,1,0.48594758,0.63425344,0.49559408
NCNO,2026-07-08,0.5385622,1,0.46531388,0.6544152,0.49595731
URI,2026-07-08,0.5384839,1,0.50345415,0.60992044,0.50207716
PR,2026-07-08,0.53834856,1,0.5085431,0.5994387,0.50706387
THW,2026-07-08,0.5382553,1,0.45705533,0.6795056,0.47820485
BRSL,2026-07-08,0.53823805,1,0.475426,0.6367961,0.5024921
JBL,2026-07-08,0.5381093,1,0.48359004,0.62149704,0.50924075
HLT,2026-07-08,0.53808403,1,0.48174128,0.5956579,0.53685296
CNH,2026-07-08,0.53807783,1,0.49151403,0.6323915,0.490328
QCOM,2026-07-08,0.5380417,1,0.46995392,0.634874,0.50929713
CRK,2026-07-08,0.5379993,1,0.51304656,0.60574555,0.49520558
CMC,2026-07-08,0.5376965,1,0.50406474,0.60278904,0.5062356
CWT,2026-07-08,0.5376476,1,0.466729,0.6583276,0.4878863
DORM,2026-07-08,0.53732306,1,0.47086674,0.62489986,0.5162025
AWR,2026-07-08,0.5372971,1,0.4759185,0.6458368,0.49013606
FBRT,2026-07-08,0.53723466,1,0.47665274,0.6331468,0.5019044
OKE,2026-07-08,0.53710663,1,0.49650896,0.58780354,0.5270074
KRUS,2026-07-08,0.5371061,1,0.49005106,0.61626565,0.5050015
HGV,2026-07-08,0.5370299,1,0.4768331,0.6531345,0.48112214
LRCX,2026-07-08,0.53698874,1,0.47676116,0.63860095,0.49560416
SCCO,2026-07-08,0.5368174,1,0.47754234,0.63971436,0.49319535
MIDD,2026-07-08,0.5367124,1,0.47448778,0.63570607,0.49994338
PHIN,2026-07-08,0.536531,1,0.5086642,0.5961372,0.50479144
MATW,2026-07-08,0.5361798,1,0.46190557,0.6708552,0.47577846
CTAS,2026-07-08,0.53590655,1,0.47737086,0.5809231,0.54942554
STM,2026-07-08,0.5358708,1,0.5282307,0.5914215,0.48796016
SHW,2026-07-08,0.5358316,1,0.47054875,0.63670844,0.5002374
DMLP,2026-07-08,0.53582656,1,0.48732847,0.5979967,0.52215457
RL,2026-07-08,0.5356592,1,0.48351088,0.6062692,0.5171974
WDC,2026-07-08,0.53563464,1,0.47690862,0.6388543,0.4911409
HAYW,2026-07-08,0.53559446,1,0.4603695,0.67938685,0.46702698
ITW,2026-07-08,0.5355063,1,0.47931206,0.6096214,0.51758546
UNM,2026-07-08,0.5352993,1,0.48486435,0.59203136,0.52900225
AM,2026-07-08,0.5352834,1,0.49439648,0.6094287,0.5020249
BELFB,2026-07-08,0.5347097,1,0.50658,0.58895516,0.50859374
ATMP,2026-07-08,0.5345362,1,0.5138792,0.5558733,0.53385603
SBR,2026-07-08,0.5344105,1,0.49113217,0.59361935,0.51847994
NVDA,2026-07-08,0.53435373,1,0.506517,0.5792169,0.51732725
BKNG,2026-07-08,0.53418124,1,0.47302258,0.60372007,0.52580094
HBNC,2026-07-08,0.5340452,1,0.456905,0.6515698,0.49366072
HAE,2026-07-08,0.53400207,1,0.475426,0.61423224,0.51234794
PCAR,2026-07-08,0.5339937,1,0.4925439,0.58179003,0.52764714
LEVI,2026-07-08,0.53393316,1,0.47611126,0.6254161,0.5002721
ABT,2026-07-08,0.5339166,1,0.475426,0.6269765,0.49934724
BHF,2026-07-08,0.5337082,1,0.475426,0.6113672,0.5143313
CAH,2026-07-08,0.5336818,1,0.49718696,0.57505524,0.5288032
SPOK,2026-07-08,0.53364754,1,0.4749748,0.6254462,0.5005215
CRVL,2026-07-08,0.53363425,1,0.47842368,0.6054838,0.5169952
CAVA,2026-07-08,0.5334183,1,0.4855042,0.58448994,0.5302607
CAE,2026-07-08,0.53327066,1,0.47273326,0.62593913,0.5011396
CZNC,2026-07-08,0.5332322,1,0.48067972,0.6487428,0.47027403
FDS,2026-07-08,0.5331892,1,0.46742463,0.6003807,0.53176224
FCBC,2026-07-08,0.53297055,1,0.45155525,0.65885603,0.4885004
KRG,2026-07-08,0.53292227,1,0.4698648,0.62354445,0.50535744
VNOM,2026-07-08,0.5326756,1,0.49638626,0.5853364,0.516304
CDRE,2026-07-08,0.53250575,1,0.49261737,0.5789157,0.52598405
GDDY,2026-07-08,0.532464,1,0.4830072,0.5732222,0.5411627
NCLH,2026-07-08,0.53243935,1,0.47406203,0.63995606,0.4833
ARES,2026-07-08,0.532385,1,0.46461567,0.6190762,0.513463
CDP,2026-07-08,0.5323586,1,0.4618772,0.63385296,0.50134563
AMUB,2026-07-08,0.5322873,1,0.52290976,0.54371077,0.5302414
RGA,2026-07-08,0.532249,1,0.47697213,0.61037874,0.5093961
CHKP,2026-07-08,0.53221285,1,0.48960334,0.58943933,0.51759577
LDOS,2026-07-08,0.5321472,1,0.47396216,0.6058853,0.5165942
ITIC,2026-07-08,0.5319711,1,0.4875993,0.5959602,0.5123538
SRV,2026-07-08,0.5319335,1,0.49644053,0.5607902,0.5385696
KEX,2026-07-08,0.5318808,1,0.50940293,0.5680568,0.5181826
HBCP,2026-07-08,0.53171027,1,0.46946925,0.6293334,0.49632815
FWRG,2026-07-08,0.5315385,1,0.48380435,0.61081994,0.49999118
GM,2026-07-08,0.5314731,1,0.49229383,0.5839443,0.51818115
IT,2026-07-08,0.5314684,1,0.4685705,0.59676564,0.529069
BN,2026-07-08,0.53142947,1,0.46249914,0.6202177,0.5115715
IGA,2026-07-08,0.5313548,1,0.46691364,0.65197897,0.47517174
TSCO,2026-07-08,0.5313103,1,0.4849635,0.5988482,0.5101193
M,2026-07-08,0.5312348,1,0.45563754,0.64601004,0.49205676
EAT,2026-07-08,0.5311241,1,0.47895157,0.6134135,0.5010073
FWONA,2026-07-08,0.53107554,1,0.48472786,0.58233756,0.52616113
AHRT,2026-07-08,0.53099483,1,0.47664854,0.62025815,0.4960778
CVLT,2026-07-08,0.5309309,1,0.5243564,0.5355118,0.53292423
CPT,2026-07-08,0.53090715,1,0.4701209,0.6136589,0.50894153
E,2026-07-08,0.53079927,1,0.48788682,0.5895706,0.5149402
UCIB,2026-07-08,0.530797,1,0.49583688,0.5721002,0.5244539
PRKS,2026-07-08,0.5306834,1,0.46235916,0.6340975,0.49559352
ETD,2026-07-08,0.5306583,1,0.46643284,0.63216496,0.49337718
NXG,2026-07-08,0.53053284,1,0.5070636,0.5615259,0.52300894
HUBB,2026-07-08,0.5305299,1,0.48996258,0.5723199,0.52930725
YUM,2026-07-08,0.5304823,1,0.46875507,0.6112741,0.51141775
MGY,2026-07-08,0.53022254,1,0.4695646,0.60903597,0.51206696
DEO,2026-07-08,0.530203,1,0.46514654,0.63127434,0.49418795
PANW,2026-07-08,0.5301838,1,0.48023045,0.59685385,0.5134671
OR,2026-07-08,0.53018,1,0.47238675,0.6089179,0.5092353
CR,2026-07-08,0.5301148,1,0.4754966,0.59846574,0.51638204
EMO,2026-07-08,0.5299872,1,0.49976724,0.55576694,0.53442746
WSO,2026-07-08,0.52991736,1,0.5008256,0.56383306,0.5250933
SBRA,2026-07-08,0.5299114,1,0.474681,0.60506994,0.5099832
SIMO,2026-07-08,0.5297062,1,0.4720904,0.6348893,0.4821388
GLNG,2026-07-08,0.52959704,1,0.4708715,0.61749494,0.50042456
WK,2026-07-08,0.5292784,1,0.44913733,0.63671535,0.50198257
PH,2026-07-08,0.5291376,1,0.47330606,0.59421223,0.5198946
LCII,2026-07-08,0.52911496,1,0.49202263,0.5825472,0.51277506
PKE,2026-07-08,0.5289048,1,0.48332554,0.59575456,0.5076342
PEPG,2026-07-08,0.52879673,1,0.4666591,0.6389911,0.48073992
KIM,2026-07-08,0.528661,1,0.475426,0.59729755,0.5132594
AJG,2026-07-08,0.52858984,1,0.4862989,0.56557274,0.5338978
LOMA,2026-07-08,0.5285783,1,0.48331898,0.6092597,0.49315605
ACT,2026-07-08,0.52857065,1,0.498157,0.55894715,0.52860767
LLYVA,2026-07-08,0.52850956,1,0.51017225,0.5291049,0.54625154
PBA,2026-07-08,0.52845114,1,0.4779099,0.5916844,0.51575905
SU,2026-07-08,0.5282972,1,0.49469498,0.5709015,0.51929486
GSBC,2026-07-08,0.5282483,1,0.48509207,0.6055557,0.49409717
TILE,2026-07-08,0.52821076,1,0.48802403,0.6225397,0.47406855
NMAI,2026-07-08,0.52817905,1,0.47481865,0.6055172,0.5042012
PMTU,2026-07-08,0.5279088,1,0.48155692,0.60621846,0.49595097
KSPI,2026-07-08,0.5277701,1,0.4635384,0.63021755,0.48955432
LMB,2026-07-08,0.5277351,1,0.5112753,0.544735,0.52719504
TU,2026-07-08,0.5276011,1,0.4590396,0.6424381,0.48132554
KRYS,2026-07-08,0.5275661,1,0.4964797,0.5801156,0.50610286
SHEL,2026-07-08,0.52744186,1,0.49239543,0.5682996,0.52163035
GDV,2026-07-08,0.52741694,1,0.46116605,0.6284037,0.49268097
WHD,2026-07-08,0.52727777,1,0.47148594,0.6071858,0.5031616
HEI,2026-07-08,0.52722937,1,0.48954248,0.5627984,0.5293472
PMT,2026-07-08,0.5271571,1,0.46533728,0.62523633,0.4908977
WMK,2026-07-08,0.52713746,1,0.47543493,0.6042792,0.50169814
GTY,2026-07-08,0.5270857,1,0.4627789,0.6272176,0.49126074
PDX,2026-07-08,0.5269827,1,0.5023814,0.5585133,0.52005345
TRNO,2026-07-08,0.5269624,1,0.46120515,0.6272922,0.49238977
WES,2026-07-08,0.5269069,1,0.47114772,0.598904,0.510669
ATR,2026-07-08,0.526895,1,0.48096994,0.5708627,0.5288522
AMBA,2026-07-08,0.5268389,1,0.4801556,0.5948695,0.5054916
FNF,2026-07-08,0.52679574,1,0.46510983,0.59359574,0.52168167
NOV,2026-07-08,0.52678293,1,0.48151484,0.59635025,0.50248355
LMND,2026-07-08,0.5266424,1,0.46499783,0.64301056,0.4719187
RGEN,2026-07-08,0.52660763,1,0.44886336,0.63495773,0.49600187
CPRX,2026-07-08,0.5265787,1,0.4953727,0.57626414,0.50809926
OIS,2026-07-08,0.5265653,1,0.46770456,0.63891083,0.47308046
ROAD,2026-07-08,0.52648914,1,0.5331049,0.5332733,0.5130892
EVR,2026-07-08,0.52647185,1,0.47028115,0.5887078,0.5204266
LIF,2026-07-08,0.5264155,1,0.49426183,0.58323365,0.5017511
OII,2026-07-08,0.5263846,1,0.4766714,0.59837687,0.5041054
CNM,2026-07-08,0.526346,1,0.4836792,0.5741573,0.52120143
MTUS,2026-07-08,0.52626854,1,0.47179535,0.6209711,0.4860392
CL,2026-07-08,0.52618086,1,0.50482213,0.55924076,0.5144796
LLYVK,2026-07-08,0.526062,1,0.5182049,0.51489043,0.54509056
CBAN,2026-07-08,0.52604055,1,0.45631954,0.66345435,0.4583477
EFSC,2026-07-08,0.52594924,1,0.46539783,0.6219998,0.49045014
VST,2026-07-08,0.5258049,1,0.4952172,0.56037587,0.5218216
SYF,2026-07-08,0.52577096,1,0.48499492,0.577369,0.5149489
BKE,2026-07-08,0.52570665,1,0.47330517,0.60133487,0.5024799
VRTX,2026-07-08,0.5256223,1,0.48929366,0.54647183,0.54110146
TG,2026-07-08,0.5256177,1,0.475426,0.61277795,0.4886491
TT,2026-07-08,0.525612,1,0.5012594,0.5460812,0.5294955
RCL,2026-07-08,0.52558905,1,0.50045395,0.57199717,0.50431603
DOX,2026-07-08,0.52555543,1,0.475426,0.59985054,0.50138974
BBSI,2026-07-08,0.5252779,1,0.46586725,0.5876078,0.52235866
QTWO,2026-07-08,0.5251742,1,0.4513179,0.6231349,0.5010697
DCI,2026-07-08,0.52514416,1,0.47890416,0.57225204,0.5242762
KLAC,2026-07-08,0.5251248,1,0.4948695,0.570912,0.50959283
NVR,2026-07-08,0.52509195,1,0.47173193,0.5907034,0.5128405
AMPY,2026-07-08,0.52509046,1,0.4746743,0.61340976,0.48718736
EXP,2026-07-08,0.5250827,1,0.4924581,0.5621595,0.5206306
CDNA,2026-07-08,0.5250163,1,0.49561882,0.5956944,0.48373577
INSE,2026-07-08,0.524987,1,0.48500636,0.5840598,0.50589484
ULS,2026-07-08,0.52496374,1,0.46392918,0.610557,0.5004049
BDJ,2026-07-08,0.5249548,1,0.46028483,0.6434071,0.47117227
ADAM,2026-07-08,0.52492815,1,0.45590138,0.6396882,0.47919488
ASAN,2026-07-08,0.52485,1,0.4636002,0.6366811,0.47426867
ETON,2026-07-08,0.52484816,1,0.47679493,0.6108789,0.48687065
CET,2026-07-08,0.5247935,1,0.4720278,0.5795177,0.5228349
TPG,2026-07-08,0.524766,1,0.46351647,0.59543294,0.5153486
PCN,2026-07-08,0.52461326,1,0.48396635,0.55839545,0.5314778
MITP,2026-07-08,0.5245289,1,0.49050444,0.5474933,0.535589
HDB,2026-07-08,0.5244858,1,0.47419885,0.5892119,0.5100468
UNTY,2026-07-08,0.5244851,1,0.47511616,0.6141532,0.48418596
BME,2026-07-08,0.5244648,1,0.47504544,0.5959677,0.5023811
FLNC,2026-07-08,0.52435213,1,0.5084079,0.57563263,0.48901585
CVBF,2026-07-08,0.5243165,1,0.4671306,0.63410246,0.47171637
FORM,2026-07-08,0.5243124,1,0.49995482,0.5799013,0.4930809
STT,2026-07-08,0.524307,1,0.4784418,0.5830254,0.51145387
RYAN,2026-07-08,0.52428675,1,0.47532755,0.5829776,0.51455504
SKT,2026-07-08,0.52414685,1,0.4897645,0.5918707,0.49080527
GATX,2026-07-08,0.52412236,1,0.48924795,0.5695104,0.51360875
KRT,2026-07-08,0.5239599,1,0.50500774,0.55136347,0.5155085
FIS,2026-07-08,0.523957,1,0.45354968,0.62168646,0.49663487
EGY,2026-07-08,0.52386695,1,0.475426,0.6069848,0.48919007
JXN,2026-07-08,0.5237736,1,0.4881382,0.5607485,0.52243406
DGP,2026-07-08,0.5236478,1,0.48186263,0.57771105,0.51136965
APG,2026-07-08,0.5236419,1,0.49190953,0.5618381,0.51717794
SLG,2026-07-08,0.5234509,1,0.46964103,0.60724676,0.49346495
DECK,2026-07-08,0.5233375,1,0.5380033,0.51482385,0.5171852
RWTN,2026-07-08,0.5232495,1,0.48728454,0.5484935,0.53397036
GL,2026-07-08,0.52324355,1,0.4798943,0.556508,0.53332835
ADP,2026-07-08,0.52306384,1,0.47166854,0.58805037,0.50947255
UAL,2026-07-08,0.52295554,1,0.49112618,0.5815994,0.49614093
CORZ,2026-07-08,0.5229428,1,0.47923663,0.5615755,0.5280162
FTAIM,2026-07-08,0.5229163,1,0.4930029,0.5681032,0.50764275
IBM,2026-07-08,0.522893,1,0.48155755,0.5563595,0.53076196
PAYX,2026-07-08,0.5228859,1,0.4923016,0.56689256,0.50946355
HOV,2026-07-08,0.5228857,1,0.48427653,0.5867718,0.49760872
ADC,2026-07-08,0.5228819,1,0.4788351,0.5789974,0.5108133
AFRM,2026-07-08,0.52285683,1,0.46783948,0.6137334,0.4869976
BX,2026-07-08,0.52283156,1,0.4605184,0.59412366,0.51385254
WRBY,2026-07-08,0.52275157,1,0.47306788,0.61170036,0.4834863
KMB,2026-07-08,0.5226539,1,0.47452247,0.5789093,0.5145299
VMAR,2026-07-08,0.5226221,1,0.44011724,0.72736126,0.40038773
HUM,2026-07-08,0.5225728,1,0.5034817,0.5517726,0.51246405
ESS,2026-07-08,0.52254593,1,0.46606123,0.5938269,0.50774974
LEGH,2026-07-08,0.52253133,1,0.47028288,0.6115913,0.48571977
AOD,2026-07-08,0.522526,1,0.46160403,0.6220307,0.48394334
DAL,2026-07-08,0.52246284,1,0.47551367,0.5866462,0.5052285
VTOL,2026-07-08,0.5224457,1,0.48533517,0.5780153,0.50398654
AVNT,2026-07-08,0.5224248,1,0.45911834,0.62718767,0.48096827
ALG,2026-07-08,0.52240634,1,0.47979438,0.58587617,0.5015483
HXL,2026-07-08,0.5222324,1,0.48031384,0.57591146,0.5104718
CRDO,2026-07-08,0.5222287,1,0.49910188,0.5561848,0.5113993
MNSO,2026-07-08,0.5221274,1,0.48735806,0.580942,0.49808204
CAC,2026-07-08,0.5220046,1,0.4610488,0.6344434,0.4705214
NIC,2026-07-08,0.52195907,1,0.46649593,0.59942347,0.49995768
IDE,2026-07-08,0.52194786,1,0.4530619,0.6047149,0.5080668
CVE,2026-07-08,0.5218229,1,0.47976243,0.5760597,0.50964653
DHI,2026-07-08,0.5218034,1,0.5005853,0.54803634,0.5167884
JOUT,2026-07-08,0.5215859,1,0.45265177,0.6394332,0.47267267
FBIN,2026-07-08,0.5215381,1,0.48563492,0.584202,0.49477726
PRM,2026-07-08,0.5214238,1,0.4621467,0.62651694,0.47560787
IDYA,2026-07-08,0.5213804,1,0.47912803,0.5857901,0.49922302
CFR,2026-07-08,0.52131164,1,0.48306093,0.5756972,0.5051768
CRH,2026-07-08,0.52126074,1,0.49170747,0.55120766,0.520867
JAKK,2026-07-08,0.5212559,1,0.50369376,0.55635077,0.5037231
GLPI,2026-07-08,0.52125335,1,0.4629538,0.5999526,0.50085366
APAM,2026-07-08,0.5212428,1,0.46292415,0.6049582,0.49584603
DCBO,2026-07-08,0.5211622,1,0.47669196,0.59037536,0.49641928
WH,2026-07-08,0.52112955,1,0.46950477,0.6183056,0.47557822
AIZ,2026-07-08,0.52109265,1,0.470113,0.5685468,0.52461827
VSEC,2026-07-08,0.52108675,1,0.5125957,0.53281766,0.5178468
FCN,2026-07-08,0.52101964,1,0.48305836,0.55481255,0.52518797
MKSI,2026-07-08,0.5209907,1,0.49032754,0.5736164,0.4990281
FR,2026-07-08,0.5209768,1,0.4700713,0.6013367,0.49152237
CTO,2026-07-08,0.5209583,1,0.47375482,0.56965476,0.5194653
KKR,2026-07-08,0.5207758,1,0.458926,0.5886415,0.5147599
MMYT,2026-07-08,0.5207335,1,0.46400917,0.594359,0.50383216
BDCZ,2026-07-08,0.5207195,1,0.5002723,0.5323212,0.5295651
BATRK,2026-07-08,0.5205308,1,0.46867266,0.59293646,0.49998343
AXON,2026-07-08,0.5204481,1,0.4750411,0.56288916,0.52341396
RZC,2026-07-08,0.52036196,1,0.4788611,0.5719863,0.51023835
RY,2026-07-08,0.520298,1,0.4667207,0.5749235,0.5192496
APLE,2026-07-08,0.52028525,1,0.4496586,0.6228531,0.48834398
SPT,2026-07-08,0.52026993,1,0.4765243,0.5846323,0.4996531
DIS,2026-07-08,0.52021265,1,0.46564904,0.6057486,0.48924023
RUSHB,2026-07-08,0.52015364,1,0.50188124,0.5379974,0.5205822
LULU,2026-07-08,0.5200894,1,0.48167178,0.5688938,0.50970256
CNQ,2026-07-08,0.5199613,1,0.5052159,0.53478986,0.51987803
PLD,2026-07-08,0.51989996,1,0.475426,0.5855749,0.4986989
NPFD,2026-07-08,0.519858,1,0.47814807,0.57093024,0.51049566
FTAI,2026-07-08,0.5198035,1,0.50304395,0.5380286,0.5183379
CSW,2026-07-08,0.51976985,1,0.50029176,0.52970505,0.5293126
BELFA,2026-07-08,0.51972026,1,0.4853149,0.5839808,0.48986506
PCB,2026-07-08,0.51971954,1,0.47660434,0.5816998,0.50085443
CNR,2026-07-08,0.5196796,1,0.48947302,0.5587777,0.510788
SON,2026-07-08,0.5196526,1,0.47293144,0.5841607,0.50186557
MYI,2026-07-08,0.5196332,1,0.44810566,0.6422981,0.46849573
GGZ,2026-07-08,0.5195981,1,0.47300953,0.5847511,0.5010336
CHD,2026-07-08,0.5195396,1,0.49662712,0.54329485,0.5186967
CORT,2026-07-08,0.5194857,1,0.475426,0.5657076,0.5173235
BLMN,2026-07-08,0.5193545,1,0.45933583,0.6237906,0.47493717
NUE,2026-07-08,0.5192705,1,0.48966712,0.5609225,0.5072218
FROG,2026-07-08,0.51925135,1,0.47753593,0.5952079,0.48501006
PBR,2026-07-08,0.51904047,1,0.4958493,0.56672233,0.49454963
CRC,2026-07-08,0.5189712,1,0.47180766,0.57385784,0.51124805
MSBI,2026-07-08,0.5189493,1,0.4731148,0.5954117,0.4883212
AER,2026-07-08,0.51884186,1,0.47502017,0.57575804,0.50574726
NBR,2026-07-08,0.5188221,1,0.475955,0.60253555,0.47797552
FWONK,2026-07-08,0.51879126,1,0.49633855,0.5413004,0.5187347
CUZ,2026-07-08,0.51878655,1,0.475426,0.57553166,0.50540185
WING,2026-07-08,0.518742,1,0.5033394,0.53658336,0.5163032
COF,2026-07-08,0.5187417,1,0.45307326,0.6112157,0.49193624
LOAR,2026-07-08,0.5187013,1,0.5258647,0.5107994,0.51943976
BVN,2026-07-08,0.5186378,1,0.475426,0.581712,0.49877533
FMAO,2026-07-08,0.5183428,1,0.5095934,0.5487928,0.49664205
CW,2026-07-08,0.51829875,1,0.48220012,0.5358875,0.5368086
GNE,2026-07-08,0.51826143,1,0.48985252,0.54761785,0.51731384
DLR,2026-07-08,0.5182414,1,0.4777394,0.56746453,0.50952035
BTU,2026-07-08,0.5182272,1,0.47458184,0.5851719,0.49492788
ASTH,2026-07-08,0.51819736,1,0.48731616,0.5838964,0.48337948
KNF,2026-07-08,0.51804405,1,0.53165317,0.4817586,0.5407204
MCRI,2026-07-08,0.5179857,1,0.49333245,0.5527486,0.507876
JBGS,2026-07-08,0.51798135,1,0.4633822,0.596352,0.49420983
AMR,2026-07-08,0.5178753,1,0.4829668,0.5646799,0.5059793
GE,2026-07-08,0.5178234,1,0.5010701,0.5234246,0.5289754
AN,2026-07-08,0.5177608,1,0.48456225,0.5503604,0.5183597
MMI,2026-07-08,0.5177245,1,0.47630537,0.57180977,0.5050584
CIMN,2026-07-08,0.5176976,1,0.49012935,0.53057057,0.5323927
UGI,2026-07-08,0.51769495,1,0.4590286,0.60704803,0.48700812
RRC,2026-07-08,0.51760536,1,0.48656622,0.5681438,0.49810606
WAFD,2026-07-08,0.51760435,1,0.4685343,0.61124545,0.47303337
NFG,2026-07-08,0.51760423,1,0.49657056,0.5398441,0.51639795
DTM,2026-07-08,0.5175797,1,0.5093934,0.4983621,0.54498345
RYAAY,2026-07-08,0.5175395,1,0.4835524,0.55771434,0.51135176
UFPT,2026-07-08,0.51750964,1,0.48918974,0.5423625,0.5209766
ALRS,2026-07-08,0.517486,1,0.46178374,0.59871906,0.49195498
GETY,2026-07-08,0.51737005,1,0.46201974,0.64615643,0.44393387
IBTA,2026-07-08,0.51736104,1,0.4753688,0.56965137,0.5070629
RMBS,2026-07-08,0.51734495,1,0.4975179,0.5444093,0.5101075
PFLT,2026-07-08,0.51731074,1,0.47699904,0.5454955,0.5294376
VREX,2026-07-08,0.51725054,1,0.46860978,0.60305375,0.48008797
CARG,2026-07-08,0.5172345,1,0.48770025,0.5592245,0.50477874
RSG,2026-07-08,0.5172299,1,0.48349348,0.5421252,0.5260711
PUMP,2026-07-08,0.5172267,1,0.48250556,0.5639456,0.5052288
NI,2026-07-08,0.5172108,1,0.48514548,0.5487293,0.51775753
JMIA,2026-07-08,0.5170296,1,0.45025954,0.64178216,0.459047
MBIN,2026-07-08,0.51699793,1,0.46971542,0.5811759,0.5001024
ENB,2026-07-08,0.5169772,1,0.4781234,0.5654823,0.50732577
GRN,2026-07-08,0.51694703,1,0.47988182,0.5701301,0.5008292
AR,2026-07-08,0.5169115,1,0.5014301,0.5271213,0.52218306
OWL,2026-07-08,0.5168302,1,0.4606662,0.58394736,0.50587684
FRST,2026-07-08,0.5167798,1,0.4560088,0.63735104,0.45697948
BFC,2026-07-08,0.51675326,1,0.47475186,0.56917113,0.5063366
SAY,2026-07-08,0.51673454,1,0.48940971,0.55521107,0.5055828
VET,2026-07-08,0.51661694,1,0.47728112,0.57205707,0.5005126
OPY,2026-07-08,0.516571,1,0.47147867,0.58000135,0.49823278
TPL,2026-07-08,0.51655257,1,0.4891142,0.5261157,0.5344277
VRNS,2026-07-08,0.51647496,1,0.47304633,0.5702096,0.5061689
EQBK,2026-07-08,0.51644075,1,0.48346594,0.5724892,0.49336714
AZO,2026-07-08,0.51640755,1,0.49642292,0.5285524,0.52424717
WLY,2026-07-08,0.51637435,1,0.475426,0.56621814,0.50747895
GIL,2026-07-08,0.51627487,1,0.47280243,0.56516045,0.5108617
PBR-A,2026-07-08,0.51626194,1,0.49093285,0.5461123,0.51174057
MSA,2026-07-08,0.51622987,1,0.475426,0.57787883,0.49538478
HSBC,2026-07-08,0.51616275,1,0.48921165,0.52520776,0.5340688
PEO,2026-07-08,0.5159979,1,0.4766039,0.5496008,0.5217889
ATRO,2026-07-08,0.51594853,1,0.4755327,0.5766854,0.49562734
EXPE,2026-07-08,0.51594764,1,0.475426,0.56766814,0.50474876
NSSC,2026-07-08,0.515784,1,0.47775936,0.5699906,0.49960205
LHX,2026-07-08,0.51576555,1,0.46459633,0.5832945,0.49940568
EXPO,2026-07-08,0.5157503,1,0.45598438,0.6041434,0.4871232
CHCI,2026-07-08,0.5156801,1,0.48928437,0.5517751,0.50598073
UNF,2026-07-08,0.5155962,1,0.46777025,0.57574844,0.5032698
TRI,2026-07-08,0.5154134,1,0.46097428,0.5711831,0.51408285
WOR,2026-07-08,0.5153884,1,0.45820093,0.5786096,0.5093547
AEG,2026-07-08,0.51518667,1,0.484271,0.5447268,0.51656204
NGVT,2026-07-08,0.51518,1,0.4657027,0.6053213,0.47451591
PGZ,2026-07-08,0.5151752,1,0.4694769,0.58183795,0.49421072
LYTS,2026-07-08,0.51514506,1,0.4732855,0.58157593,0.4905738
ESQ,2026-07-08,0.51510954,1,0.47009635,0.55787635,0.5173559
COP,2026-07-08,0.5151009,1,0.491806,0.5519758,0.5015208
STX,2026-07-08,0.51508236,1,0.47504038,0.5706223,0.4995842
CLBK,2026-07-08,0.51507336,1,0.4786827,0.57430327,0.49223408
ROL,2026-07-08,0.51506186,1,0.48108104,0.55401814,0.5100863
TW,2026-07-08,0.5149775,1,0.50729054,0.5158082,0.5218338
DB,2026-07-08,0.5149679,1,0.47755018,0.5600761,0.5072773
PLPC,2026-07-08,0.51494235,1,0.53281844,0.5200747,0.49193388
GLQ,2026-07-08,0.5149367,1,0.47433716,0.5844176,0.48605525
BAR,2026-07-08,0.51486576,1,0.46447933,0.57094526,0.5091727
SRCE,2026-07-08,0.5148059,1,0.46780488,0.5866656,0.48994735
CDLR,2026-07-08,0.5147921,1,0.5109203,0.5258492,0.5076066
MLR,2026-07-08,0.5146265,1,0.48095173,0.5558694,0.5070584
CALM,2026-07-08,0.51460963,1,0.48829538,0.52994925,0.5255842
DLX,2026-07-08,0.5145775,1,0.45920238,0.5935553,0.49097475
SYK,2026-07-08,0.51444507,1,0.48234218,0.5585457,0.50244737
R,2026-07-08,0.51439464,1,0.46785197,0.5773535,0.49797836
PRU,2026-07-08,0.5143022,1,0.46542072,0.5623382,0.5151476
FE,2026-07-08,0.5142919,1,0.46997657,0.56026804,0.51263094
SR,2026-07-08,0.5142356,1,0.475426,0.56542253,0.5018583
MTG,2026-07-08,0.514198,1,0.47612,0.5431745,0.5232995
VLO,2026-07-08,0.514197,1,0.48759282,0.5380236,0.5169744
NLY,2026-07-08,0.51412284,1,0.46546715,0.5825388,0.4943625
ORRF,2026-07-08,0.5140546,1,0.4747459,0.57419944,0.49321845
RES,2026-07-08,0.51399326,1,0.48026553,0.58313394,0.47858036
HCA,2026-07-08,0.513988,1,0.4724711,0.5504934,0.5189995
BCBP,2026-07-08,0.51383495,1,0.4674169,0.59002435,0.48406354
ACDC,2026-07-08,0.51381266,1,0.46251833,0.58442056,0.49449912
OLLI,2026-07-08,0.5137452,1,0.4989876,0.54453796,0.49771005
LTM,2026-07-08,0.5137396,1,0.4644717,0.57503104,0.5017159
CVCO,2026-07-08,0.51366025,1,0.4999978,0.53232825,0.50865465
BKR,2026-07-08,0.5136577,1,0.47922942,0.54574436,0.51599914
VRT,2026-07-08,0.5136422,1,0.49494576,0.51024544,0.53573537
PATK,2026-07-08,0.51364076,1,0.47850215,0.5558531,0.50656706
CACI,2026-07-08,0.51361835,1,0.47756213,0.53413004,0.5291629
ALGT,2026-07-08,0.513477,1,0.4536859,0.6067372,0.48000792
RHP,2026-07-08,0.51343715,1,0.475426,0.56302637,0.50185907
OXLCI,2026-07-08,0.5134335,1,0.50584465,0.5037185,0.53073734
PRDO,2026-07-08,0.513383,1,0.4822847,0.5526597,0.50520456
WNC,2026-07-08,0.51335645,1,0.475426,0.5503954,0.51424783
TPR,2026-07-08,0.5133379,1,0.46048382,0.5842913,0.49523854
RXST,2026-07-08,0.513303,1,0.47679818,0.5545293,0.5085814
VLGEA,2026-07-08,0.5132248,1,0.475426,0.56871843,0.49552992
FFIV,2026-07-08,0.51319575,1,0.48229876,0.5509958,0.5062927
STVN,2026-07-08,0.5131621,1,0.478886,0.55446154,0.5061387
TM,2026-07-08,0.51314706,1,0.48997048,0.5375576,0.5119131
HQY,2026-07-08,0.51307607,1,0.47842857,0.54977125,0.5110284
KO,2026-07-08,0.5130111,1,0.49820238,0.52702403,0.5138068
ARMK,2026-07-08,0.51292074,1,0.46807793,0.5680736,0.5026108
FSBC,2026-07-08,0.5128611,1,0.475426,0.566269,0.4968881
TDAY,2026-07-08,0.51284117,1,0.4734516,0.58731663,0.4777552
GLAD,2026-07-08,0.51273,1,0.47746927,0.5596498,0.5010708
BCH,2026-07-08,0.51268363,1,0.48771307,0.53443533,0.51590246
MNR,2026-07-08,0.5126585,1,0.48755455,0.5546354,0.49578547
ALLE,2026-07-08,0.5125869,1,0.48269302,0.55920106,0.49586654
HCC,2026-07-08,0.51253146,1,0.49766603,0.5226634,0.5172649
THQ,2026-07-08,0.5125249,1,0.45264012,0.5926561,0.49227846
OPCH,2026-07-08,0.5124606,1,0.47028473,0.5643391,0.50275797
YALA,2026-07-08,0.5124397,1,0.46666044,0.5944086,0.47625008
LKFN,2026-07-08,0.51238704,1,0.4746901,0.5746489,0.48782215
PAGP,2026-07-08,0.5123455,1,0.507105,0.5023937,0.52753776
LNN,2026-07-08,0.51222205,1,0.4781232,0.5528114,0.50573164
BMI,2026-07-08,0.5121436,1,0.5067891,0.5228529,0.5067888
LBTYA,2026-07-08,0.5121362,1,0.475426,0.56329817,0.4976845
MCK,2026-07-08,0.5121241,1,0.47001502,0.5290068,0.5373505
AHR,2026-07-08,0.5120312,1,0.502763,0.49934462,0.533986
ICUI,2026-07-08,0.51202196,1,0.46467578,0.5866085,0.48478156
FNV,2026-07-08,0.5119674,1,0.4762548,0.5573819,0.50226545
SLM,2026-07-08,0.5119424,1,0.4726159,0.55236006,0.5108511
PFGC,2026-07-08,0.51190317,1,0.47556424,0.5560735,0.50407183
WSC,2026-07-08,0.51189315,1,0.5096617,0.5191128,0.506905
FAF,2026-07-08,0.5118667,1,0.47223553,0.56776965,0.49559492
TMUS,2026-07-08,0.5118514,1,0.48355335,0.542011,0.5099897
MEOH,2026-07-08,0.511695,1,0.49150372,0.53530407,0.50827736
CSL,2026-07-08,0.5116224,1,0.49676475,0.51961786,0.51848465
INTA,2026-07-08,0.5115484,1,0.47037593,0.5564298,0.50783944
MU,2026-07-08,0.5115468,1,0.47411588,0.56392,0.4966044
CRAI,2026-07-08,0.5114442,1,0.47969124,0.5189541,0.53568727
EGP,2026-07-08,0.5113848,1,0.46720043,0.5657305,0.5012233
PI,2026-07-08,0.5113423,1,0.52070385,0.48990375,0.5234192
POWL,2026-07-08,0.51133096,1,0.52610433,0.48674577,0.52114284
STLD,2026-07-08,0.51129025,1,0.47866002,0.5514682,0.50374246
EFC,2026-07-08,0.51126534,1,0.46504942,0.56278366,0.50596285
NEE,2026-07-08,0.5112582,1,0.48574206,0.5392358,0.50879675
DDOG,2026-07-08,0.5112107,1,0.468063,0.5647358,0.50083333
SMID,2026-07-08,0.51114005,1,0.49094382,0.52468425,0.51779205
MLKN,2026-07-08,0.51110125,1,0.47244114,0.56897587,0.4918868
ARCC,2026-07-08,0.5109967,1,0.47322255,0.53522056,0.5245468
KGC,2026-07-08,0.5109439,1,0.46245494,0.56928784,0.5010889
MORN,2026-07-08,0.5109044,1,0.4663231,0.56354743,0.5028425
GCBC,2026-07-08,0.5108702,1,0.47946277,0.5560743,0.49707347
GMED,2026-07-08,0.51079375,1,0.49188802,0.54061,0.4998831
FLG,2026-07-08,0.51076573,1,0.47181466,0.5801046,0.4803779
ARLP,2026-07-08,0.5107386,1,0.49606165,0.51629806,0.519856
OGS,2026-07-08,0.51072496,1,0.47805327,0.5367507,0.51737094
MERC,2026-07-08,0.5106944,1,0.4797786,0.55201185,0.5002927
CVLG,2026-07-08,0.51062095,1,0.46998975,0.55178255,0.51009053
HQH,2026-07-08,0.51056623,1,0.44949448,0.58809114,0.49411297
STWD,2026-07-08,0.51054406,1,0.46946242,0.55932635,0.5028433
NWE,2026-07-08,0.5104552,1,0.476202,0.5492647,0.5058988
SRBK,2026-07-08,0.5104455,1,0.48357904,0.5338958,0.5138615
RGLD,2026-07-08,0.51039577,1,0.48907188,0.5218201,0.52029526
BWIN,2026-07-08,0.5103311,1,0.47717932,0.5453583,0.5084556
HAFC,2026-07-08,0.5102984,1,0.48363978,0.5486183,0.498637
KLXE,2026-07-08,0.5102794,1,0.49062064,0.55531025,0.48490745
CTRI,2026-07-08,0.51026964,1,0.5335012,0.51786727,0.4794403
CWST,2026-07-08,0.5102633,1,0.47275653,0.5354689,0.5225646
NMIH,2026-07-08,0.5102235,1,0.48369464,0.53813636,0.50883955
LYG,2026-07-08,0.5102178,1,0.4570377,0.60282,0.4707955
ACAD,2026-07-08,0.5102118,1,0.47224122,0.58395207,0.4744422
TEVA,2026-07-08,0.5102029,1,0.46081388,0.57989514,0.4898996
ISRG,2026-07-08,0.51017153,1,0.4780647,0.53176093,0.52068895
PDFS,2026-07-08,0.5100802,1,0.49073216,0.52449495,0.51501346
TCBI,2026-07-08,0.51007324,1,0.476561,0.5479642,0.50569445
SFM,2026-07-08,0.509984,1,0.52264935,0.47691306,0.5303897
CLAR,2026-07-08,0.509717,1,0.47366998,0.55966127,0.49581978
CCAP,2026-07-08,0.5096774,1,0.4690848,0.55511224,0.50483507
RRR,2026-07-08,0.50961727,1,0.4785372,0.53983325,0.5104813
NVAX,2026-07-08,0.50957894,1,0.45056364,0.6121041,0.46606898
TK,2026-07-08,0.50957763,1,0.48579112,0.54358274,0.49935895
RBA,2026-07-08,0.5095103,1,0.49244618,0.5217147,0.5143699
TXG,2026-07-08,0.50950027,1,0.42183578,0.6343193,0.47234574
PM,2026-07-08,0.509472,1,0.4930721,0.513073,0.5222708
ANF,2026-07-08,0.50945663,1,0.48419306,0.52204615,0.5221306
TYRA,2026-07-08,0.5094507,1,0.4785299,0.5539827,0.49583945
IMMR,2026-07-08,0.50942594,1,0.449343,0.59094787,0.487987
BWFG,2026-07-08,0.5093702,1,0.475426,0.56251603,0.49016848
SBAC,2026-07-08,0.5093452,1,0.46387234,0.5596369,0.50452614
LPLA,2026-07-08,0.5093263,1,0.49111485,0.5062061,0.5306578
STRW,2026-07-08,0.5093018,1,0.4695526,0.5752965,0.48305625
CMSC,2026-07-08,0.5092681,1,0.47763303,0.5613488,0.48882252
ELAN,2026-07-08,0.50926787,1,0.44132125,0.6230314,0.46345097
TGS,2026-07-08,0.50926447,1,0.52217704,0.49516225,0.51045394
KNSL,2026-07-08,0.50924575,1,0.51658976,0.46996135,0.54118603
DVA,2026-07-08,0.50918233,1,0.48612332,0.52734375,0.5140799
AGX,2026-07-08,0.5091219,1,0.4964744,0.5108259,0.52006537
GAB,2026-07-08,0.5091133,1,0.46309483,0.5611872,0.5030579
AGNCL,2026-07-08,0.5090421,1,0.49185133,0.5351615,0.5001134
PBH,2026-07-08,0.5090361,1,0.5055358,0.49123657,0.53033596
MTH,2026-07-08,0.50903296,1,0.48892817,0.53803384,0.5001369
RUSHA,2026-07-08,0.50899774,1,0.49077263,0.5280809,0.5081396
NXPI,2026-07-08,0.50896716,1,0.48715544,0.5227157,0.51703036
ALK,2026-07-08,0.5089317,1,0.46282226,0.573731,0.4902418
ONC,2026-07-08,0.5089029,1,0.45336387,0.58991075,0.4834342
ASBA,2026-07-08,0.5088853,1,0.5009268,0.5122069,0.51352227
NTRA,2026-07-08,0.5088726,1,0.48318124,0.535969,0.5074675
NWN,2026-07-08,0.50883114,1,0.4709704,0.5496005,0.5059226
MLP,2026-07-08,0.50868833,1,0.47816476,0.54530364,0.5025965
EA,2026-07-08,0.50868815,1,0.4720488,0.5449715,0.50904405
SHEN,2026-07-08,0.5086309,1,0.47212148,0.5725962,0.48117486
PRMB,2026-07-08,0.5086184,1,0.475426,0.55720645,0.49322274
CMPR,2026-07-08,0.5085398,1,0.47153503,0.56559014,0.4884942
ABBV,2026-07-08,0.5085206,1,0.5054769,0.4921768,0.52790815
BIPC,2026-07-08,0.5085035,1,0.47881132,0.53621835,0.51048076
ETB,2026-07-08,0.5084355,1,0.46560925,0.5535323,0.50616485
RVMD,2026-07-08,0.50842094,1,0.48323467,0.54259056,0.4994376
FOF,2026-07-08,0.5083203,1,0.4828821,0.5319253,0.51015335
IBN,2026-07-08,0.5082958,1,0.5019136,0.5122971,0.51067656
DJP,2026-07-08,0.50826955,1,0.4748794,0.5315886,0.51834065
WBD,2026-07-08,0.5082201,1,0.475426,0.5598758,0.48935845
TJX,2026-07-08,0.50820994,1,0.48373014,0.52251375,0.51838595
INGR,2026-07-08,0.50810945,1,0.4825019,0.5287041,0.51312226
AEM,2026-07-08,0.5079477,1,0.46730354,0.54750293,0.50903654
AVBP,2026-07-08,0.5078819,1,0.4766096,0.52571636,0.5213196
TRINZ,2026-07-08,0.50783396,1,0.48441407,0.5210756,0.5180122
LIVN,2026-07-08,0.5077399,1,0.475426,0.55965364,0.48814002
COR,2026-07-08,0.5077227,1,0.47904125,0.5109491,0.5331777
LW,2026-07-08,0.5077195,1,0.48799554,0.5259593,0.5092036
CLX,2026-07-08,0.5076537,1,0.479265,0.5308248,0.51287127
USLM,2026-07-08,0.5076391,1,0.4881353,0.5145762,0.5202058
ATHS,2026-07-08,0.5076288,1,0.4622028,0.5648476,0.49583593
UPS,2026-07-08,0.5076167,1,0.44679186,0.58692974,0.48912847
ZETA,2026-07-08,0.5076106,1,0.47593212,0.5336165,0.51328325
TURB,2026-07-08,0.50758386,1,0.47871724,0.5849288,0.45910537
GEF-B,2026-07-08,0.5074804,1,0.475426,0.56365216,0.48336288
EE,2026-07-08,0.50740707,1,0.475426,0.5535511,0.4932442
CHRW,2026-07-08,0.5073945,1,0.48616603,0.53081226,0.50520515
NPK,2026-07-08,0.5073717,1,0.47761008,0.53377604,0.5107291
AQNB,2026-07-08,0.507317,1,0.483444,0.5320494,0.5064575
CCL,2026-07-08,0.50729823,1,0.46475148,0.5689088,0.48823446
IESC,2026-07-08,0.50722563,1,0.5592254,0.42650032,0.5359512
KF,2026-07-08,0.5071958,1,0.4728322,0.56522626,0.48352882
SUPN,2026-07-08,0.50718606,1,0.47984806,0.53138566,0.5103244
TDW,2026-07-08,0.5071722,1,0.48926625,0.5121742,0.52007616
RGR,2026-07-08,0.50716925,1,0.47450274,0.5486643,0.49834064
ABXL,2026-07-08,0.50705695,1,0.48089516,0.5388216,0.501454
PSEC,2026-07-08,0.50696784,1,0.44899967,0.572029,0.49987486
PAGS,2026-07-08,0.5069263,1,0.46363616,0.57264733,0.48449543
ASR,2026-07-08,0.5067824,1,0.47076365,0.54117846,0.5084049
RHI,2026-07-08,0.50677705,1,0.44898176,0.5729164,0.49843302
CAPR,2026-07-08,0.5067424,1,0.46775135,0.56715804,0.48531783
PAM,2026-07-08,0.50674117,1,0.4827463,0.5248749,0.51260215
EFX,2026-07-08,0.5066156,1,0.47299314,0.53492725,0.5119263
MBWM,2026-07-08,0.5065092,1,0.47078484,0.55336577,0.49537694
NXRT,2026-07-08,0.5064415,1,0.45769867,0.5689954,0.49263033
LNTH,2026-07-08,0.5063635,1,0.47726786,0.52305096,0.51877165
LYV,2026-07-08,0.50634927,1,0.47856954,0.5284906,0.51198757
CP,2026-07-08,0.50634104,1,0.475426,0.54300165,0.5005954
HVT,2026-07-08,0.50633806,1,0.46397978,0.5569117,0.49812272
AMT,2026-07-08,0.50631607,1,0.45196638,0.5790389,0.48794273
ALNT,2026-07-08,0.5063145,1,0.50286674,0.5202847,0.49579203
NVCT,2026-07-08,0.50623876,1,0.5014414,0.5319337,0.48534107
MNKD,2026-07-08,0.5062276,1,0.48293677,0.55336565,0.48238054
BF-B,2026-07-08,0.5062115,1,0.46611628,0.5600465,0.49247175
ZION,2026-07-08,0.5062076,1,0.475426,0.5377325,0.5054642
CQP,2026-07-08,0.5061772,1,0.48556492,0.51674694,0.5162196
XPOF,2026-07-08,0.50614774,1,0.47654757,0.53897685,0.5029189
TRST,2026-07-08,0.50610983,1,0.4582128,0.58363456,0.47648212
NEOG,2026-07-08,0.5060746,1,0.4627628,0.58420515,0.47125593
EMBJ,2026-07-08,0.50600386,1,0.46803725,0.5370158,0.51295847
BSRR,2026-07-08,0.5059695,1,0.45966753,0.57721,0.48103103
PINE,2026-07-08,0.5059416,1,0.47806433,0.5479864,0.4917741
EMR,2026-07-08,0.5059018,1,0.47627518,0.5490071,0.492423
UAN,2026-07-08,0.50586563,1,0.4752304,0.5610294,0.4813371
MNST,2026-07-08,0.50585866,1,0.48595214,0.5185513,0.5130725
FBIZ,2026-07-08,0.50584435,1,0.477127,0.55413395,0.48627222
DMRC,2026-07-08,0.505797,1,0.4765624,0.5323469,0.50848174
JCE,2026-07-08,0.5057831,1,0.49466646,0.51490027,0.50778246
NEWTH,2026-07-08,0.5057825,1,0.48402008,0.5410791,0.49224818
RTO,2026-07-08,0.50577223,1,0.4638986,0.5641406,0.4892774
JBSS,2026-07-08,0.5057696,1,0.47716287,0.5458813,0.49426463
AOMR,2026-07-08,0.50573874,1,0.475426,0.5360921,0.505698
SUN,2026-07-08,0.505705,1,0.4922779,0.5048324,0.52000463
FHB,2026-07-08,0.5056966,1,0.48565343,0.5478662,0.48357013
DASH,2026-07-08,0.50562704,1,0.4691777,0.54717296,0.5005305
CSV,2026-07-08,0.5056097,1,0.47845218,0.5452894,0.4930874
BNT,2026-07-08,0.5056054,1,0.45714176,0.5462439,0.51343054
JHI,2026-07-08,0.50559163,1,0.46545464,0.56894964,0.48237056
IIF,2026-07-08,0.5055342,1,0.48005226,0.5133629,0.5231874
FICO,2026-07-08,0.50553334,1,0.48918927,0.4837425,0.5436682
GPC,2026-07-08,0.5054792,1,0.46347243,0.5353676,0.51759756
SXC,2026-07-08,0.505433,1,0.47890702,0.5299821,0.5074099
CRESY,2026-07-08,0.5054189,1,0.48716584,0.52803546,0.5010554
KTB,2026-07-08,0.5053947,1,0.47111952,0.5355487,0.5095157
LMAT,2026-07-08,0.5053822,1,0.49063993,0.50810754,0.517399
SKWD,2026-07-08,0.5053459,1,0.4930703,0.5083503,0.514617
LOGI,2026-07-08,0.5053294,1,0.45134562,0.5537562,0.51088625
TSBK,2026-07-08,0.50531334,1,0.49194795,0.52777547,0.49621654
WTW,2026-07-08,0.5053098,1,0.475426,0.5351774,0.5053261
PAA,2026-07-08,0.50530136,1,0.49004397,0.5040798,0.52178025
AZTA,2026-07-08,0.5052872,1,0.45195702,0.58462346,0.47928104
MCO,2026-07-08,0.5052154,1,0.47009793,0.5267796,0.51876867
ORC,2026-07-08,0.5052026,1,0.45678827,0.5829215,0.47589788
PRCT,2026-07-08,0.50516325,1,0.475426,0.54176015,0.4983036
FISI,2026-07-08,0.50515056,1,0.46104556,0.56459713,0.48980883
NEWT,2026-07-08,0.5051497,1,0.475426,0.5483616,0.49166152
COCO,2026-07-08,0.5050893,1,0.502995,0.5204482,0.49182457
RNAC,2026-07-08,0.50507396,1,0.4646747,0.58243006,0.46811712
ANRO,2026-07-08,0.5050354,1,0.4794276,0.5176565,0.5180221
EIM,2026-07-08,0.50496954,1,0.46258923,0.5784263,0.47389302
BTE,2026-07-08,0.5049044,1,0.46910873,0.5553682,0.4902363
TLK,2026-07-08,0.5048867,1,0.47558188,0.5350155,0.50406265
GWRE,2026-07-08,0.5048863,1,0.46135157,0.5440153,0.50929207
CARE,2026-07-08,0.50486004,1,0.47100836,0.5499834,0.49358842
MYFW,2026-07-08,0.50479835,1,0.47264653,0.5593963,0.48235223
TYG,2026-07-08,0.5047963,1,0.48061356,0.5236243,0.510151
AVT,2026-07-08,0.5047894,1,0.48009184,0.5363994,0.49787694
AGCO,2026-07-08,0.50476354,1,0.485996,0.51977324,0.5085214
NWFL,2026-07-08,0.50472987,1,0.4755673,0.5695907,0.46903163
ONT,2026-07-08,0.50467974,1,0.46512705,0.5603792,0.4885329
CELH,2026-07-08,0.50451636,1,0.475426,0.5526619,0.48546118
MVBF,2026-07-08,0.5045066,1,0.48560384,0.5748926,0.45302334
ALCO,2026-07-08,0.50448966,1,0.4804976,0.5342347,0.4987367
PPC,2026-07-08,0.5044536,1,0.47395846,0.54293835,0.49646392
FSM,2026-07-08,0.5044428,1,0.4667691,0.56309044,0.48346895
QUAD,2026-07-08,0.50437534,1,0.475426,0.5459991,0.49170083
NOC,2026-07-08,0.5043075,1,0.46768516,0.526543,0.51869434
PSMT,2026-07-08,0.5042538,1,0.475426,0.5387476,0.49858773
AESI,2026-07-08,0.5042448,1,0.4798698,0.52496827,0.50789636
LSCC,2026-07-08,0.5042387,1,0.47478205,0.5430665,0.4948675
IHG,2026-07-08,0.5042129,1,0.48788905,0.49410835,0.53064126
EGO,2026-07-08,0.5041941,1,0.4885767,0.52917296,0.4948325
INVX,2026-07-08,0.5041815,1,0.47780192,0.5301023,0.50464016
PFIS,2026-07-08,0.50415564,1,0.48058867,0.5427623,0.48911592
LAZ,2026-07-08,0.5041084,1,0.4696455,0.56473565,0.47794414
MKC,2026-07-08,0.5040694,1,0.48218971,0.5284854,0.501533
DRI,2026-07-08,0.50402355,1,0.47373632,0.5400848,0.4982496
WHF,2026-07-08,0.50400853,1,0.48886588,0.51945317,0.50370646
BJRI,2026-07-08,0.5038826,1,0.47486004,0.57078606,0.46600157
TMDX,2026-07-08,0.50383574,1,0.47627437,0.5561184,0.47911444
HNI,2026-07-08,0.5038305,1,0.47611102,0.53233474,0.50304556
CGBD,2026-07-08,0.50375104,1,0.4801457,0.5109381,0.5201693
GWW,2026-07-08,0.5037321,1,0.4841435,0.50296295,0.5240899
TFPM,2026-07-08,0.50372005,1,0.50815856,0.509239,0.49376237
TATT,2026-07-08,0.5037105,1,0.5348168,0.48553368,0.49078104
RELL,2026-07-08,0.503697,1,0.48661464,0.5341899,0.4902863
TULP,2026-07-08,0.5036597,1,0.437874,0.6369996,0.4361055
SNOW,2026-07-08,0.503559,1,0.47432885,0.52778834,0.5085596
LUV,2026-07-08,0.50353,1,0.46222493,0.54624474,0.5021204
TCBK,2026-07-08,0.50346977,1,0.44391164,0.5846329,0.48186475
ONON,2026-07-08,0.5034386,1,0.4717099,0.54538536,0.49322054
S,2026-07-08,0.50340927,1,0.4744278,0.5372862,0.49851385
FMNB,2026-07-08,0.5033975,1,0.46154255,0.57330674,0.47534317
BHFAM,2026-07-08,0.50338197,1,0.4921598,0.5366402,0.48134592
IMO,2026-07-08,0.50337476,1,0.47986302,0.5167346,0.5135266
BWMN,2026-07-08,0.50331706,1,0.5048686,0.50017726,0.5049052
ASC,2026-07-08,0.50331426,1,0.49297774,0.5040871,0.5128778
RNP,2026-07-08,0.5033028,1,0.47123703,0.5464632,0.49220827
BRKR,2026-07-08,0.5032321,1,0.46122316,0.56496775,0.48350525
CVRX,2026-07-08,0.5032102,1,0.475426,0.55673206,0.47747248
SCCG,2026-07-08,0.50320435,1,0.5001716,0.5055351,0.50390625
CE,2026-07-08,0.50317687,1,0.49822202,0.5146754,0.4966331
SAT,2026-07-08,0.50316405,1,0.47869548,0.5376586,0.49313813
PMTS,2026-07-08,0.5031627,1,0.49419674,0.51486796,0.50042325
ARHS,2026-07-08,0.5031612,1,0.51268107,0.4990365,0.4977659
SPOT,2026-07-08,0.5030924,1,0.4831391,0.50480485,0.5213332
BATRA,2026-07-08,0.5030336,1,0.47517982,0.53089756,0.50302327
BAM,2026-07-08,0.5030174,1,0.47888985,0.5192608,0.5109015
QXO,2026-07-08,0.503,1,0.475426,0.56298345,0.47059056
ATEN,2026-07-08,0.5029986,1,0.4611087,0.532682,0.51520497
YETI,2026-07-08,0.50298816,1,0.47708791,0.52999675,0.50187975
CASY,2026-07-08,0.5029286,1,0.44965938,0.551464,0.5076624
QLYS,2026-07-08,0.5029235,1,0.47480392,0.51762253,0.516344
NVA,2026-07-08,0.5029191,1,0.47986975,0.504283,0.52460444
OSTX,2026-07-08,0.5029161,1,0.475426,0.5236628,0.50965935
NPO,2026-07-08,0.5029093,1,0.5237693,0.46716017,0.5177984
HTGC,2026-07-08,0.50289774,1,0.48561394,0.51428306,0.5087961
TX,2026-07-08,0.5028767,1,0.475426,0.53729314,0.49591097
MNSB,2026-07-08,0.5028243,1,0.4742153,0.5574682,0.47678936
ACRE,2026-07-08,0.5027791,1,0.4738684,0.5363551,0.49811393
OSIS,2026-07-08,0.502769,1,0.4774058,0.5167775,0.51412356
LNG,2026-07-08,0.50272393,1,0.49253097,0.50443393,0.5112068
CBNK,2026-07-08,0.50272286,1,0.47915742,0.54438347,0.4846276
LIN,2026-07-08,0.5027197,1,0.475426,0.51930666,0.5134264
RDDT,2026-07-08,0.5027007,1,0.4861906,0.51473385,0.50717753
WHFCL,2026-07-08,0.50270027,1,0.4618608,0.5633981,0.48284182
BLFS,2026-07-08,0.502674,1,0.47678757,0.5361629,0.49507147
VIST,2026-07-08,0.5026536,1,0.475426,0.5161444,0.5163904
GKOS,2026-07-08,0.50255644,1,0.46923733,0.5367798,0.50165206
DSGX,2026-07-08,0.50250316,1,0.46318918,0.5260361,0.518284
AEHR,2026-07-08,0.50248,1,0.4684512,0.55688435,0.48210436
GIS,2026-07-08,0.5023794,1,0.48424047,0.52325195,0.49964583
SGHT,2026-07-08,0.5023428,1,0.46830055,0.56563824,0.47308955
AD,2026-07-08,0.5023221,1,0.48166245,0.52401394,0.5012899
DBD,2026-07-08,0.5023205,1,0.4857954,0.501555,0.519611
SAZ,2026-07-08,0.50231725,1,0.48273006,0.5445456,0.4796761
BIPJ,2026-07-08,0.5023005,1,0.4708152,0.53187895,0.5042074
FTDR,2026-07-08,0.50228494,1,0.47277677,0.53387165,0.50020635
ADBE,2026-07-08,0.50226665,1,0.4650585,0.54965055,0.49209076
ENOV,2026-07-08,0.50225544,1,0.44609737,0.585321,0.47534785
CHT,2026-07-08,0.5021932,1,0.47220126,0.535784,0.4985943
TXRH,2026-07-08,0.5021702,1,0.4716167,0.5281877,0.5067063
CPRT,2026-07-08,0.50216824,1,0.48922887,0.49487662,0.5223991
GLP,2026-07-08,0.5021641,1,0.48094085,0.5049297,0.5206217
DAN,2026-07-08,0.50214905,1,0.52507937,0.48051423,0.5008535
ETO,2026-07-08,0.50212383,1,0.4663435,0.5455422,0.4944857
CRWD,2026-07-08,0.50211596,1,0.48623073,0.5057441,0.514373
MUX,2026-07-08,0.50210166,1,0.47573128,0.5505492,0.48002437
IPX,2026-07-08,0.5020921,1,0.49093303,0.515063,0.50028026
ASUR,2026-07-08,0.5020701,1,0.47607365,0.53125614,0.4988805
AXS,2026-07-08,0.50206304,1,0.47901362,0.5078185,0.51935685
TRNS,2026-07-08,0.5020592,1,0.50717676,0.4784092,0.52059174
OCSL,2026-07-08,0.502059,1,0.47845685,0.5215354,0.5061847
LFMD,2026-07-08,0.5020535,1,0.4727146,0.54339695,0.4900488
TFX,2026-07-08,0.5020371,1,0.455766,0.5639294,0.4864159
SPXX,2026-07-08,0.50198776,1,0.47924694,0.5194571,0.50725913
EQT,2026-07-08,0.50196636,1,0.475426,0.53214926,0.49832365
GLU,2026-07-08,0.5019518,1,0.4866251,0.5264529,0.4927773
NMRK,2026-07-08,0.50191134,1,0.4604274,0.5516376,0.49366897
ALX,2026-07-08,0.5017784,1,0.47356203,0.54715824,0.48461488
LAMR,2026-07-08,0.5017626,1,0.45614526,0.53963685,0.5095058
SOFI,2026-07-08,0.5017262,1,0.48444104,0.52917314,0.49156442
FIZZ,2026-07-08,0.5017047,1,0.49441123,0.5148705,0.4958323
CUBI,2026-07-08,0.50165164,1,0.47805974,0.5313601,0.49553508
CFFI,2026-07-08,0.5016273,1,0.48666367,0.5274561,0.49076226
VLYPO,2026-07-08,0.5016087,1,0.47148764,0.5248505,0.508488
MA,2026-07-08,0.5016078,1,0.47706333,0.5114346,0.51632535
ABSI,2026-07-08,0.50159717,1,0.475426,0.53375566,0.49560985
CG,2026-07-08,0.5015868,1,0.43697047,0.5508759,0.5169139
P,2026-07-08,0.5015487,1,0.48284683,0.5193566,0.50244266
ERC,2026-07-08,0.5015356,1,0.4725083,0.5508574,0.481241
GILD,2026-07-08,0.5015217,1,0.47161943,0.5203662,0.5125794
DTB,2026-07-08,0.50151193,1,0.46441543,0.55551136,0.4846089
RSF,2026-07-08,0.5015106,1,0.4805725,0.52919406,0.49476522
NVT,2026-07-08,0.50147796,1,0.49628487,0.48771057,0.5204383
WPM,2026-07-08,0.50145227,1,0.4596665,0.5346347,0.51005554
BSAC,2026-07-08,0.5014447,1,0.47146702,0.5380031,0.4948639
VITL,2026-07-08,0.5014282,1,0.475426,0.5239335,0.5049251
NVGS,2026-07-08,0.5014219,1,0.4909417,0.5037132,0.50961095
SCM,2026-07-08,0.501398,1,0.4677909,0.5418966,0.49450648
ACNB,2026-07-08,0.5013879,1,0.46818623,0.5458682,0.4901091
MLPB,2026-07-08,0.50137323,1,0.49484065,0.48244783,0.5268312
FG,2026-07-08,0.5012822,1,0.4785003,0.5099739,0.5153725
OSBC,2026-07-08,0.5012498,1,0.46410188,0.5490044,0.49064302
COLB,2026-07-08,0.5012385,1,0.45566756,0.5710253,0.4770226
GTLS,2026-07-08,0.50123173,1,0.46484667,0.54137194,0.49747652
PTLO,2026-07-08,0.5012241,1,0.47866523,0.54324925,0.48175776
HOOD,2026-07-08,0.501179,1,0.44096622,0.5690419,0.4935287
BA,2026-07-08,0.50108194,1,0.475426,0.5259425,0.5018771
CGAU,2026-07-08,0.50104797,1,0.48240405,0.5307551,0.48998478
TRINI,2026-07-08,0.50100315,1,0.46696895,0.54306763,0.49297276
SLGN,2026-07-08,0.5009777,1,0.4663782,0.53277117,0.50378364
NSIT,2026-07-08,0.5009714,1,0.47957885,0.5023065,0.5210287
SMCI,2026-07-08,0.50090283,1,0.4951186,0.49617738,0.51141244
AOS,2026-07-08,0.5008861,1,0.46759263,0.5349267,0.500139
TNL,2026-07-08,0.5008847,1,0.47370806,0.5225134,0.5064327
TLN,2026-07-08,0.5008757,1,0.5352397,0.43625855,0.5311288
APYX,2026-07-08,0.5008498,1,0.46659723,0.5869965,0.4489556
WST,2026-07-08,0.5008296,1,0.4628201,0.5515898,0.48807877
HPK,2026-07-08,0.5008258,1,0.48169303,0.5151332,0.5056512
AZN,2026-07-08,0.5008197,1,0.48965585,0.49266842,0.5201347
VVX,2026-07-08,0.50081956,1,0.4865455,0.5123837,0.50352937
ECG,2026-07-08,0.5007717,1,0.49970323,0.50569844,0.4969134
CRGY,2026-07-08,0.5006759,1,0.479238,0.53786856,0.48492125
MCHB,2026-07-08,0.5006572,1,0.46663004,0.5642861,0.4710554
MRCY,2026-07-08,0.50065714,1,0.47334582,0.53788,0.49074548
MCI,2026-07-08,0.50065047,1,0.4822101,0.5073849,0.5123564
PSKY,2026-07-08,0.5006504,1,0.46822324,0.5471597,0.48656815
EXEL,2026-07-08,0.50059175,1,0.4700197,0.519334,0.5124214
FOUR,2026-07-08,0.5005815,1,0.48786667,0.5120222,0.5018556
BFH,2026-07-08,0.50056994,1,0.45097113,0.56273526,0.48800337
SAMG,2026-07-08,0.50056446,1,0.4750505,0.5275004,0.4991425
MOG-A,2026-07-08,0.5005286,1,0.46083048,0.52530926,0.51544595
DAVA,2026-07-08,0.50046045,1,0.45552844,0.5610229,0.48483005
CHH,2026-07-08,0.5004275,1,0.47919875,0.50352377,0.51855993
TRV,2026-07-08,0.50042355,1,0.47869495,0.50008506,0.5224906
LAUR,2026-07-08,0.5003774,1,0.4784036,0.5166203,0.5061084
FULTP,2026-07-08,0.5003464,1,0.47097874,0.52941656,0.5006439
PSA,2026-07-08,0.5003451,1,0.47877154,0.52480304,0.4974607
LPG,2026-07-08,0.5002806,1,0.47673532,0.50396127,0.52014524
BWA,2026-07-08,0.50023973,1,0.48671788,0.50492746,0.5090738
XMTR,2026-07-08,0.50021756,1,0.47287005,0.5352435,0.49253893
UHT,2026-07-08,0.50019383,1,0.47454092,0.54166347,0.48437715
MDV,2026-07-08,0.50018656,1,0.46732983,0.5362976,0.49693218
FDUS,2026-07-08,0.5001384,1,0.475426,0.52022284,0.50476635
AKO-B,2026-07-08,0.50013614,1,0.48378247,0.49947426,0.51715165
TSLA,2026-07-08,0.50012684,1,0.48297882,0.5074542,0.50994736
FINV,2026-07-08,0.50008315,1,0.48226243,0.5281425,0.48984447
FTNT,2026-07-08,0.5000801,1,0.48308128,0.5039956,0.5131635
FIVE,2026-07-08,0.50005895,1,0.4815346,0.5232673,0.49537483
FOR,2026-07-08,0.500056,1,0.47307524,0.53564036,0.4914524
ITUB,2026-07-08,0.5000334,1,0.46405032,0.5484022,0.4876475
IGR,2026-07-08,0.5000093,1,0.45900738,0.56605244,0.47496805
RVLV,2026-07-08,0.5000056,1,0.4700464,0.5416556,0.48831478
TKNO,2026-07-08,0.4999898,0,0.475426,0.5496003,0.474943
EEA,2026-07-08,0.49998933,0,0.47358227,0.54280543,0.48358032
UTF,2026-07-08,0.49998456,0,0.475426,0.5221553,0.5023724
ACEL,2026-07-08,0.49998212,0,0.48289487,0.51976985,0.49728158
DV,2026-07-08,0.49990237,0,0.49400127,0.49621084,0.50949484
RWTO,2026-07-08,0.49987584,0,0.46809277,0.5481985,0.48333624
NATR,2026-07-08,0.49986988,0,0.48264313,0.5238532,0.49311325
FDSB,2026-07-08,0.49980956,0,0.4936093,0.5130794,0.49273995
VIV,2026-07-08,0.49979222,0,0.47226506,0.52829874,0.49881282
ARCB,2026-07-08,0.49975708,0,0.43456724,0.58298945,0.48171443
IP,2026-07-08,0.49966854,0,0.45906988,0.55387765,0.48605797
SII,2026-07-08,0.4996592,0,0.47605786,0.51669216,0.5062276
EPR,2026-07-08,0.49965745,0,0.471824,0.5238197,0.5033286
ADAMI,2026-07-08,0.49962774,0,0.4890837,0.50509214,0.50470734
NML,2026-07-08,0.49962342,0,0.4823238,0.49797407,0.51857233
LYFT,2026-07-08,0.49961624,0,0.43855113,0.59451896,0.46577853
CAPL,2026-07-08,0.499609,0,0.48275825,0.4948277,0.52124095
PBT,2026-07-08,0.49960452,0,0.47013715,0.5349104,0.4937661
RARE,2026-07-08,0.49957773,0,0.44437626,0.5765523,0.47780466
CHSCP,2026-07-08,0.49957752,0,0.48609108,0.5123386,0.50030285
VOC,2026-07-08,0.49955913,0,0.48817375,0.5059496,0.504554
KAI,2026-07-08,0.49955148,0,0.46685398,0.5231002,0.50870025
PJT,2026-07-08,0.49953592,0,0.4611287,0.52663255,0.5108465
CARS,2026-07-08,0.49950272,0,0.45502332,0.5679987,0.47548613
AXTA,2026-07-08,0.49949542,0,0.47245806,0.5082002,0.51782787
BOC,2026-07-08,0.4993971,0,0.45294252,0.57103103,0.4742177
TIPT,2026-07-08,0.49938,0,0.48043454,0.5261746,0.49153078
KR,2026-07-08,0.49931708,0,0.48972663,0.4951285,0.51309603
ECF,2026-07-08,0.4993115,0,0.47123045,0.5503796,0.4763244
ONIT,2026-07-08,0.49928755,0,0.4847251,0.5161958,0.4969418
PCM,2026-07-08,0.4992765,0,0.4954873,0.5038156,0.4985265
BSTZ,2026-07-08,0.49925286,0,0.4567472,0.5418842,0.49912718
NATH,2026-07-08,0.49925244,0,0.47424763,0.5242838,0.49922574
AMCR,2026-07-08,0.4992016,0,0.47131586,0.5307648,0.49552408
OBT,2026-07-08,0.499173,0,0.48150158,0.5254255,0.49059188
AWK,2026-07-08,0.49914834,0,0.4694052,0.52691555,0.50112414
CRS,2026-07-08,0.49909523,0,0.48607093,0.48482215,0.5263925
KROS,2026-07-08,0.4990759,0,0.4720797,0.5194865,0.5056614
AU,2026-07-08,0.49907282,0,0.44993982,0.56213456,0.48514402
AS,2026-07-08,0.4990693,0,0.48377398,0.5031772,0.5102567
MITN,2026-07-08,0.49904007,0,0.47990137,0.5174068,0.49981195
ROK,2026-07-08,0.49903905,0,0.4836513,0.5052058,0.50826
CCRN,2026-07-08,0.49900058,0,0.4761592,0.5222523,0.49859017
CNO,2026-07-08,0.49893397,0,0.4767517,0.5165067,0.50354356
RBCAA,2026-07-08,0.49888378,0,0.47393325,0.53156376,0.49115425
STLA,2026-07-08,0.4988493,0,0.47211516,0.51762134,0.5068113
HIG,2026-07-08,0.4988109,0,0.48650336,0.47658223,0.5333471
XENE,2026-07-08,0.49877495,0,0.47233322,0.5113826,0.5126089
HPF,2026-07-08,0.4987221,0,0.475426,0.5379376,0.4828027
UNFI,2026-07-08,0.4987071,0,0.475426,0.5311335,0.48956168
BLCO,2026-07-08,0.49864984,0,0.475426,0.5195168,0.50100654
NRO,2026-07-08,0.49864927,0,0.46369776,0.5447998,0.48745018
HWKN,2026-07-08,0.4986353,0,0.48918328,0.4940441,0.5126785
VLY,2026-07-08,0.49859706,0,0.43189865,0.58737946,0.476513
ROST,2026-07-08,0.49859077,0,0.47280434,0.52240914,0.5005588
AIP,2026-07-08,0.49857765,0,0.47683135,0.54345554,0.47544602
WBTN,2026-07-08,0.49857375,0,0.48152322,0.4748849,0.5393131
EP,2026-07-08,0.49854934,0,0.475426,0.510346,0.5098759
OPLN,2026-07-08,0.49848938,0,0.47437003,0.5246063,0.49649185
UNB,2026-07-08,0.49842867,0,0.475426,0.5426539,0.47720602
CHSCL,2026-07-08,0.49838567,0,0.47293127,0.5095457,0.51268
ASML,2026-07-08,0.49838293,0,0.4977926,0.49468318,0.502673
PLAB,2026-07-08,0.49836922,0,0.5168075,0.47971055,0.49858958
ATOM,2026-07-08,0.49823847,0,0.5189971,0.49916905,0.4765492
APOG,2026-07-08,0.4981996,0,0.47609332,0.52120787,0.49729756
PTA,2026-07-08,0.49819675,0,0.47247893,0.5335328,0.48857847
FUN,2026-07-08,0.4981894,0,0.45877716,0.5623875,0.4734034
ACCO,2026-07-08,0.49818632,0,0.4642233,0.54328495,0.4870506
NE,2026-07-08,0.4981535,0,0.47661033,0.5090409,0.5088093
PAYC,2026-07-08,0.4981418,0,0.48350585,0.5016293,0.5092902
HTLD,2026-07-08,0.49813384,0,0.4648628,0.5473745,0.48216426
ESTA,2026-07-08,0.49811086,0,0.475426,0.5262312,0.4926753
PTY,2026-07-08,0.49808317,0,0.48202345,0.4943843,0.51784176
ATLCP,2026-07-08,0.49806923,0,0.47261712,0.5253881,0.49620238
LECO,2026-07-08,0.49802643,0,0.4827769,0.500193,0.5111094
GEOS,2026-07-08,0.49797377,0,0.48483393,0.5095889,0.4994984
WINA,2026-07-08,0.49794507,0,0.49592528,0.47593546,0.52197444
SLVM,2026-07-08,0.49789143,0,0.47819218,0.5032251,0.51225704
CHE,2026-07-08,0.4978738,0,0.47708714,0.50176156,0.51477265
LGND,2026-07-08,0.49780393,0,0.48329917,0.49822262,0.5118899
USPH,2026-07-08,0.4976455,0,0.48479334,0.50387603,0.50426704
FRA,2026-07-08,0.49760514,0,0.482941,0.5124926,0.4973818
OSG,2026-07-08,0.49758476,0,0.475426,0.5272547,0.49007353
MOV,2026-07-08,0.4975496,0,0.46968544,0.5337646,0.48919868
BCSF,2026-07-08,0.49745125,0,0.50027484,0.48139068,0.51068807
HP,2026-07-08,0.49739528,0,0.475426,0.5137288,0.50303096
DPG,2026-07-08,0.49739233,0,0.46882302,0.5110325,0.5123214
VLTO,2026-07-08,0.4973778,0,0.4766807,0.49464235,0.52081037
GEF,2026-07-08,0.4973669,0,0.46922168,0.53070796,0.49217108
TKO,2026-07-08,0.49728322,0,0.4825939,0.5047318,0.504524
FDBC,2026-07-08,0.49727577,0,0.4772777,0.53942627,0.47512326
HRL,2026-07-08,0.49724942,0,0.48709297,0.49532926,0.50932604
SAJ,2026-07-08,0.49721056,0,0.47666597,0.53737366,0.47759193
NBN,2026-07-08,0.49720985,0,0.46965018,0.5326632,0.48931605
CPS,2026-07-08,0.49720627,0,0.475426,0.5241687,0.492024
SBSI,2026-07-08,0.49718386,0,0.4503215,0.56427497,0.476955
MRX,2026-07-08,0.49716538,0,0.48171046,0.5023897,0.507396
SONY,2026-07-08,0.4971438,0,0.47068024,0.5248585,0.4958927
BMEZ,2026-07-08,0.4971366,0,0.46402302,0.54268837,0.48469833
BP,2026-07-08,0.49712828,0,0.4926871,0.4892847,0.509413
SWBI,2026-07-08,0.49710533,0,0.46363387,0.53990674,0.48777533
OXLCN,2026-07-08,0.4970436,0,0.48842514,0.5242221,0.4784836
GLV,2026-07-08,0.4970433,0,0.4328968,0.60581636,0.45241675
AMX,2026-07-08,0.49703902,0,0.48424196,0.5093985,0.49747652
ACHC,2026-07-08,0.49701792,0,0.4676206,0.53339815,0.49003494
IART,2026-07-08,0.49697667,0,0.47421542,0.5302391,0.48647547
ATRA,2026-07-08,0.496944,0,0.46355736,0.56466264,0.46261203
KHC,2026-07-08,0.49694335,0,0.46753508,0.52089083,0.5024041
NAD,2026-07-08,0.49692583,0,0.45838997,0.55523306,0.47715443
BOE,2026-07-08,0.49692404,0,0.46500334,0.5413418,0.48442698
ECL,2026-07-08,0.49692047,0,0.47540987,0.51044935,0.5049022
PDLB,2026-07-08,0.49681875,0,0.47724208,0.52457464,0.48863953
OEC,2026-07-08,0.496725,0,0.47624737,0.50846696,0.50546056
SRRK,2026-07-08,0.49670824,0,0.47444558,0.51518416,0.5004949
BSM,2026-07-08,0.4967036,0,0.4833418,0.48476937,0.52199954
MSGE,2026-07-08,0.49669522,0,0.48023388,0.50219053,0.5076613
RITR,2026-07-08,0.4966682,0,0.475426,0.5087615,0.50581694
BEAG,2026-07-08,0.49663204,0,0.47433162,0.5373036,0.47826087
WDI,2026-07-08,0.49659526,0,0.47010952,0.52092683,0.4987494
ELC,2026-07-08,0.4965933,0,0.46811178,0.5304004,0.49126768
WDS,2026-07-08,0.4965448,0,0.47204512,0.5164971,0.50109214
UG,2026-07-08,0.4965272,0,0.48779622,0.50772125,0.49406412
NECB,2026-07-08,0.4965055,0,0.48840693,0.49386865,0.50724095
IRTC,2026-07-08,0.49650466,0,0.48060778,0.5056413,0.5032649
PLTK,2026-07-08,0.4965011,0,0.4638585,0.5523904,0.47325426
THFF,2026-07-08,0.4964656,0,0.49032962,0.4982308,0.5008364
NAVI,2026-07-08,0.49646315,0,0.4739279,0.5200861,0.49537537
MTW,2026-07-08,0.4964459,0,0.5539435,0.45149216,0.48390192
TWN,2026-07-08,0.4964374,0,0.48265207,0.50639474,0.5002653
SEZL,2026-07-08,0.49642986,0,0.47840983,0.48494142,0.5259382
EXC,2026-07-08,0.4963565,0,0.50041115,0.4736562,0.51500213
UE,2026-07-08,0.49632066,0,0.4525759,0.5455279,0.49085817
ATEC,2026-07-08,0.49631655,0,0.4795741,0.51013273,0.49924275
ALSN,2026-07-08,0.49629074,0,0.5099184,0.45098376,0.5279701
PACK,2026-07-08,0.49628812,0,0.4702924,0.5261089,0.49246302
BUI,2026-07-08,0.4962852,0,0.46445894,0.51467294,0.50972366
INTT,2026-07-08,0.49626464,0,0.4969485,0.49292746,0.4989179
GUG,2026-07-08,0.49616662,0,0.4716193,0.53084743,0.48603305
CYTK,2026-07-08,0.49616566,0,0.47480834,0.5160591,0.4976295
SCCE,2026-07-08,0.4961543,0,0.48943812,0.5225642,0.47646064
HUHU,2026-07-08,0.49612904,0,0.48671433,0.51054573,0.49112698
FCEL,2026-07-08,0.49612892,0,0.5350365,0.5248599,0.42849028
OBDC,2026-07-08,0.4961135,0,0.47046217,0.5162217,0.50165665
AAPL,2026-07-08,0.49611133,0,0.4773443,0.49871734,0.5122723
CNMD,2026-07-08,0.49608198,0,0.46751642,0.5257969,0.49493256
FSTR,2026-07-08,0.49606755,0,0.48260581,0.507138,0.49845874
VEL,2026-07-08,0.49605957,0,0.48337835,0.5209242,0.4838761
FLGT,2026-07-08,0.49603945,0,0.47012016,0.53319985,0.48479837
TDY,2026-07-08,0.49603188,0,0.49816895,0.47360536,0.5163213
PCVX,2026-07-08,0.4959887,0,0.475426,0.5092089,0.50333107
BG,2026-07-08,0.49596837,0,0.48253465,0.49083415,0.51453626
TOST,2026-07-08,0.4959497,0,0.48676658,0.4987476,0.50233483
BROS,2026-07-08,0.49594447,0,0.4856071,0.5166666,0.48555964
NEXA,2026-07-08,0.49592677,0,0.47418663,0.51988506,0.49370855
STRS,2026-07-08,0.49591804,0,0.4729664,0.512721,0.50206655
BUD,2026-07-08,0.49586737,0,0.4682588,0.5311848,0.48815846
VFL,2026-07-08,0.49583146,0,0.46620217,0.53485477,0.48643744
ING,2026-07-08,0.49582517,0,0.48126903,0.48874307,0.5174634
CWK,2026-07-08,0.4958191,0,0.47272184,0.5194956,0.49523982
BAP,2026-07-08,0.49571705,0,0.46525505,0.51324725,0.5086487
BBW,2026-07-08,0.49569193,0,0.47597942,0.5120522,0.4990441
NVO,2026-07-08,0.49563807,0,0.4753229,0.49912485,0.5124664
ADAMM,2026-07-08,0.4956274,0,0.4660982,0.52004427,0.50073975
APLD,2026-07-08,0.49562597,0,0.48565617,0.5105961,0.4906255
SENEA,2026-07-08,0.4956134,0,0.48075923,0.49595696,0.5101239
SHG,2026-07-08,0.49556696,0,0.46147898,0.52677387,0.49844807
SGI,2026-07-08,0.49556106,0,0.46333838,0.5444099,0.4789349
CVSA,2026-07-08,0.49554127,0,0.49142712,0.46774313,0.52745354
FRME,2026-07-08,0.49551457,0,0.47146305,0.52694887,0.48813176
LRN,2026-07-08,0.49548283,0,0.47317398,0.5090907,0.50418377
PAC,2026-07-08,0.4954825,0,0.48059562,0.49520218,0.5106497
AFGB,2026-07-08,0.4954654,0,0.48441663,0.50683355,0.49514595
LPBBU,2026-06-30,0.49541533,0,0.4703046,0.51371026,0.5022311
BJ,2026-07-08,0.49538508,0,0.47932088,0.49339917,0.5134351
COLD,2026-07-08,0.49534,0,0.4778382,0.5082149,0.49996674
SNN,2026-07-08,0.4953357,0,0.48774368,0.4891239,0.50913936
NSP,2026-07-08,0.49526525,0,0.46678883,0.50688916,0.5121177
UFCS,2026-07-08,0.4952593,0,0.47440308,0.53287363,0.47850117
LCNB,2026-07-08,0.49524447,0,0.46117732,0.5266513,0.49790478
GBTG,2026-07-08,0.49520844,0,0.48303756,0.5193146,0.4832731
EH,2026-07-08,0.49517375,0,0.45723626,0.56075263,0.46753237
KNX,2026-07-08,0.49515322,0,0.46218082,0.5374657,0.4858131
INFY,2026-07-08,0.4951268,0,0.4694745,0.5245395,0.49136645
SPH,2026-07-08,0.4951163,0,0.47691128,0.503891,0.5045465
DDS,2026-07-08,0.495066,0,0.475426,0.5046719,0.50509995
CMG,2026-07-08,0.49506548,0,0.48466024,0.4751529,0.5253833
JRI,2026-07-08,0.49505633,0,0.46445328,0.5350317,0.485684
WTFC,2026-07-08,0.4949894,0,0.4782036,0.49824095,0.5085235
NVS,2026-07-08,0.4949866,0,0.4819582,0.49769545,0.50530607
BGT,2026-07-08,0.4949551,0,0.46931398,0.51939297,0.4961583
LPSN,2026-07-08,0.49493152,0,0.4468524,0.5905712,0.44737095
WTM,2026-07-08,0.4949134,0,0.48049435,0.48705506,0.51719064
FLEX,2026-07-08,0.4948464,0,0.47220817,0.5212533,0.49107775
BANX,2026-07-08,0.49484587,0,0.49041468,0.49174574,0.50237715
ASB,2026-07-08,0.4948355,0,0.46772164,0.5370105,0.47977436
BILI,2026-07-08,0.49480358,0,0.45931682,0.5451252,0.47996867
HOFT,2026-07-08,0.4947875,0,0.4762237,0.50368714,0.5044516
PWP,2026-07-08,0.49470547,0,0.47356302,0.5200039,0.49054947
VMD,2026-07-08,0.49464834,0,0.47513756,0.50550485,0.5033026
IDR,2026-07-08,0.49462327,0,0.47676274,0.530013,0.47709408
HEI-A,2026-07-08,0.4945736,0,0.4744528,0.4976126,0.51165533
BWB,2026-07-08,0.49453768,0,0.4706225,0.5303749,0.4826156
GOOG,2026-07-08,0.49453107,0,0.4776698,0.48069453,0.5252288
CPZ,2026-07-08,0.4945169,0,0.4619024,0.52850765,0.4931406
PAAS,2026-07-08,0.49450368,0,0.470688,0.5249947,0.4878283
TNGX,2026-07-08,0.49449202,0,0.47209042,0.5291204,0.4822652
XPER,2026-07-08,0.49448848,0,0.47464913,0.5240847,0.48473155
APGE,2026-07-08,0.49441054,0,0.475426,0.48341167,0.5243939
EBAY,2026-07-08,0.4943655,0,0.45705488,0.5293873,0.4966542
EC,2026-07-08,0.49435914,0,0.48290896,0.5125342,0.48763412
RPM,2026-07-08,0.49433094,0,0.45356557,0.54031825,0.48910907
PLBC,2026-07-08,0.49431193,0,0.475426,0.5101258,0.4973839
LXEO,2026-07-08,0.49429893,0,0.4682143,0.5173335,0.49734896
FNKO,2026-07-08,0.49429673,0,0.4807003,0.49010617,0.5120837
TRIN,2026-07-08,0.4942804,0,0.4738239,0.5048643,0.50415295
AGNCM,2026-07-08,0.4942423,0,0.46346065,0.51943916,0.4998271
SSB,2026-07-08,0.4942318,0,0.4455392,0.5516713,0.48548472
ED,2026-07-08,0.49422824,0,0.47896543,0.48709202,0.51662725
GSK,2026-07-08,0.494223,0,0.47393164,0.5084686,0.50026864
PODD,2026-07-08,0.4941979,0,0.47255898,0.5166091,0.49342564
FUTU,2026-07-08,0.49413645,0,0.496824,0.4991834,0.48640192
YPF,2026-07-08,0.49410105,0,0.4889428,0.4864923,0.50686795
HNNA,2026-07-08,0.49409795,0,0.500701,0.49892715,0.4826657
CFG,2026-07-08,0.4940924,0,0.48347682,0.5129433,0.48585707
UTL,2026-07-08,0.4940574,0,0.45694673,0.54122233,0.4840031
COHN,2026-07-08,0.4940365,0,0.47141036,0.5255782,0.4851208
PNTG,2026-07-08,0.49398914,0,0.47999358,0.49604446,0.50592935
CION,2026-07-08,0.49398255,0,0.4674812,0.51552093,0.49894544
OBE,2026-07-08,0.49396545,0,0.4771757,0.5061612,0.49855936
ALGM,2026-07-08,0.49395537,0,0.48336577,0.5096146,0.4888857
AON,2026-07-08,0.49392942,0,0.4586739,0.50593644,0.5171779
HBANL,2026-07-08,0.49391413,0,0.47137138,0.5129054,0.49746552
CSWC,2026-07-08,0.49390796,0,0.485928,0.478187,0.5176088
BLTE,2026-07-08,0.49385718,0,0.48235562,0.49876875,0.50044715
METC,2026-07-08,0.49382105,0,0.48258606,0.51001334,0.4888637
BBT,2026-07-08,0.4938203,0,0.4608365,0.52615273,0.4944716
ASLE,2026-07-08,0.49380144,0,0.48360988,0.49449027,0.5033042
TDS,2026-07-08,0.49371403,0,0.47258645,0.5133352,0.4952203
MQ,2026-07-08,0.49371386,0,0.46834752,0.5535137,0.45928037
CVI,2026-07-08,0.49371314,0,0.5001957,0.4682369,0.5127068
MOH,2026-07-08,0.4936927,0,0.48569852,0.49537706,0.50000244
GRVY,2026-07-08,0.49363056,0,0.47103512,0.521949,0.48790747
SCCD,2026-07-08,0.493617,0,0.47221118,0.52343565,0.48520413
APP,2026-07-08,0.49359742,0,0.47274306,0.49454495,0.51350415
HCKT,2026-07-08,0.49356654,0,0.47534257,0.496836,0.50852096
MPV,2026-07-08,0.49354446,0,0.48139885,0.49801153,0.50122297
SPRY,2026-07-08,0.49350792,0,0.4799746,0.5005743,0.4999748
CGNX,2026-07-08,0.49350765,0,0.46969095,0.5261523,0.48467973
GFI,2026-07-08,0.4934957,0,0.4754068,0.50812304,0.4969572
EIC,2026-07-08,0.49349478,0,0.47284228,0.51778513,0.48985693
MG,2026-07-08,0.4934883,0,0.48089024,0.51024693,0.48932773
ADAML,2026-07-08,0.49348053,0,0.47577113,0.5072939,0.49737656
DVN,2026-07-08,0.4934359,0,0.48573408,0.4933422,0.5012314
WCN,2026-07-08,0.49343312,0,0.4797775,0.48493505,0.5155867
NPCE,2026-07-08,0.4934331,0,0.48282138,0.5191747,0.4783031
MDLZ,2026-07-08,0.49342585,0,0.475426,0.50109535,0.5037561
OC,2026-07-08,0.49339974,0,0.47588784,0.49360335,0.510708
ARWR,2026-07-08,0.49338543,0,0.4347022,0.5643415,0.4811126
VECO,2026-07-08,0.49336857,0,0.46275246,0.53224885,0.48510435
ECPG,2026-07-08,0.49336118,0,0.46327728,0.5237124,0.49309385
PFD,2026-07-08,0.49333557,0,0.46718284,0.5121344,0.50068945
RDY,2026-07-08,0.4932978,0,0.4964751,0.4709053,0.5125129
SPSC,2026-07-08,0.49328545,0,0.46089748,0.5123622,0.5065967
DRS,2026-07-08,0.49324688,0,0.46545672,0.49909115,0.5151927
GMEX,2026-07-08,0.49322912,0,0.475426,0.4795733,0.524688
STNG,2026-07-08,0.49319917,0,0.4833868,0.49191114,0.5042996
PTON,2026-07-08,0.49318105,0,0.47114804,0.53242594,0.47596905
TRMD,2026-07-08,0.49310648,0,0.4804361,0.48729607,0.5115872
CWCO,2026-07-08,0.49307677,0,0.47040677,0.509626,0.4991975
PSF,2026-07-08,0.49307013,0,0.4555322,0.531891,0.49178708
DGXX,2026-07-08,0.49306273,0,0.46841195,0.5482415,0.46253476
PAG,2026-07-08,0.4930403,0,0.4689147,0.5106319,0.49957418
CELC,2026-07-08,0.4929946,0,0.475426,0.5212569,0.48230088
MAX,2026-07-08,0.49296373,0,0.47176775,0.5144365,0.49268693
MXE,2026-07-08,0.4929515,0,0.47973716,0.4982052,0.50091213
WTBA,2026-07-08,0.49294803,0,0.45681456,0.55063343,0.47139597
LMT,2026-07-08,0.49294582,0,0.46476176,0.5023002,0.5117754
GME,2026-07-08,0.49292848,0,0.48152828,0.5220894,0.47516772
ACR,2026-07-08,0.49291757,0,0.47135645,0.52371794,0.48367825
PFSI,2026-07-08,0.4929053,0,0.47325283,0.51187265,0.49359038
CXM,2026-07-08,0.49289978,0,0.46452984,0.5225626,0.49160683
FGN,2026-07-08,0.49288517,0,0.4845084,0.5058922,0.4882548
CEPU,2026-07-08,0.4928841,0,0.49545628,0.4782548,0.5049412
BXSL,2026-07-08,0.49284607,0,0.49121907,0.47274935,0.5145698
L,2026-07-08,0.49283844,0,0.490889,0.4636086,0.52401763
TCPC,2026-07-08,0.4927591,0,0.47619602,0.51490945,0.48717174
UNH,2026-07-08,0.49273717,0,0.48351777,0.48115775,0.51353586
SIGI,2026-07-08,0.4926822,0,0.4775678,0.48432598,0.51615274
CB,2026-07-08,0.4926318,0,0.475426,0.4825569,0.51991236
AMCX,2026-07-08,0.4926115,0,0.46760708,0.5264295,0.48379788
ADEA,2026-07-08,0.4925993,0,0.48566264,0.49421275,0.49792245
INCY,2026-07-08,0.49259475,0,0.47274733,0.5033445,0.5016924
MSDL,2026-07-08,0.49258873,0,0.4652104,0.5257786,0.4867772
BEKE,2026-07-08,0.4925811,0,0.45493132,0.5473044,0.47550753
BBWI,2026-07-08,0.4925462,0,0.46599245,0.5361615,0.4754846
LOPE,2026-07-08,0.49254152,0,0.48341736,0.48803443,0.5061727
VCYT,2026-07-08,0.49253765,0,0.4808109,0.49844453,0.49835747
SBS,2026-07-08,0.49252233,0,0.48081058,0.49667186,0.5000845
JMSB,2026-07-08,0.49249813,0,0.47883713,0.51583743,0.48281977
ZJK,2026-07-08,0.49245188,0,0.47008586,0.47510296,0.5321668
FCNCO,2026-07-08,0.49241835,0,0.4759711,0.50819826,0.49308565
IBEX,2026-07-08,0.49233788,0,0.47222868,0.49868935,0.50609565
SLMBP,2026-07-08,0.49232554,0,0.48787734,0.5022468,0.48685235
OMAB,2026-07-08,0.4923101,0,0.48126662,0.48583242,0.5098312
MYRG,2026-07-08,0.49230707,0,0.48563296,0.48446542,0.5068228
ARQT,2026-07-08,0.49228472,0,0.46867302,0.51905954,0.4891215
META,2026-07-08,0.49226934,0,0.468447,0.50053763,0.5078233
ROKU,2026-07-08,0.49226585,0,0.46834135,0.50975686,0.49869925
VSTS,2026-07-08,0.4922437,0,0.45261496,0.5282195,0.4958966
DNP,2026-07-08,0.49222833,0,0.475426,0.5238733,0.47738558
REYN,2026-07-08,0.49215752,0,0.46926326,0.5078384,0.49937078
GTX,2026-07-08,0.49215287,0,0.49717033,0.48949426,0.48979402
HHH,2026-07-08,0.4921521,0,0.45667598,0.5213868,0.49839336
CLMB,2026-07-08,0.49214727,0,0.47285566,0.49713185,0.5064542
OXLCO,2026-07-08,0.49214652,0,0.5006164,0.51729655,0.45852658
CINF,2026-07-08,0.492114,0,0.475426,0.49476618,0.5061498
SNEX,2026-07-08,0.4920862,0,0.47100496,0.47742102,0.5278325
BGH,2026-07-08,0.49207106,0,0.47527352,0.49945378,0.5014859
DOO,2026-07-08,0.49205494,0,0.47019562,0.50725305,0.49871615
ACTU,2026-07-08,0.49201578,0,0.47405875,0.50409305,0.49789554
SWX,2026-07-08,0.49199772,0,0.46941167,0.51005065,0.4965308
QSR,2026-07-08,0.49199733,0,0.4886853,0.49261832,0.49468827
PRS,2026-07-08,0.49199125,0,0.4765961,0.49751037,0.5018673
IPI,2026-07-08,0.4919881,0,0.475426,0.50343215,0.49710605
IMXI,2026-07-08,0.49197215,0,0.5038769,0.4735196,0.49851987
APOS,2026-07-08,0.4919418,0,0.4862867,0.50670236,0.48283628
KMPB,2026-07-08,0.49189204,0,0.4730581,0.50085413,0.5017638
CPBI,2026-07-08,0.4918888,0,0.48664606,0.52321726,0.46580306
RWAYL,2026-07-08,0.49184868,0,0.4691843,0.5079444,0.4984173
GO,2026-07-08,0.4918439,0,0.46872687,0.50203556,0.50476927
BIRK,2026-07-08,0.49184266,0,0.47692543,0.4950543,0.50354815
AMRX,2026-07-08,0.49183163,0,0.46665624,0.5382273,0.47061124
INSW,2026-07-08,0.49182543,0,0.46838328,0.49067023,0.51642275
NMFCZ,2026-07-08,0.49180448,0,0.47507155,0.49916977,0.5011721
IGI,2026-07-08,0.49176145,0,0.47794753,0.5069229,0.49041387
UMBF,2026-07-08,0.4916997,0,0.4628637,0.51891273,0.49332264
ABNB,2026-07-08,0.49168837,0,0.475426,0.4975994,0.5020397
UTG,2026-07-08,0.49167818,0,0.48620242,0.46910182,0.51973027
BH,2026-07-08,0.49166423,0,0.48090282,0.49293697,0.5011529
FCNCA,2026-07-08,0.49164593,0,0.468281,0.50954133,0.49711543
DEFT,2026-07-08,0.49164355,0,0.46971184,0.4782548,0.52696395
AGNCO,2026-07-08,0.49163157,0,0.47717345,0.5059771,0.49174413
NTRS,2026-07-08,0.4916075,0,0.45932668,0.5040886,0.5114071
BSL,2026-07-08,0.49157125,0,0.45946974,0.5191839,0.49606007
FLYW,2026-07-08,0.49155882,0,0.46777344,0.5176673,0.48923573
TR,2026-07-08,0.49144167,0,0.48509187,0.48522046,0.5040126
ARGX,2026-07-08,0.4914376,0,0.475426,0.49296123,0.50592554
AKAM,2026-07-08,0.49142733,0,0.45841923,0.50572973,0.51013297
POST,2026-07-08,0.49142048,0,0.4684986,0.50528485,0.5004779
MFIN,2026-07-08,0.49141863,0,0.47601444,0.50591457,0.4923269
MIRM,2026-07-08,0.4914077,0,0.47705248,0.4923483,0.5048222
CTRE,2026-07-08,0.49140728,0,0.475426,0.49791718,0.5008785
FRPH,2026-07-08,0.4913684,0,0.48315334,0.50472224,0.4862296
CAMT,2026-07-08,0.4913543,0,0.5129609,0.45610395,0.50499785
ALVO,2026-07-08,0.49135354,0,0.475426,0.5018113,0.49682325
GAIN,2026-07-08,0.49130762,0,0.46197033,0.5071679,0.5047846
REI,2026-07-08,0.49124587,0,0.46000162,0.5627347,0.45100132
ITRN,2026-07-08,0.4912415,0,0.47694707,0.49813125,0.4986461
PSX,2026-07-08,0.49120793,0,0.48882326,0.47225714,0.5125433
WAY,2026-07-08,0.4911957,0,0.49313784,0.47789067,0.5025586
ASPN,2026-07-08,0.49118507,0,0.4667989,0.5316531,0.47510317
MLTX,2026-07-08,0.4911688,0,0.47749227,0.49027246,0.5057416
REX,2026-07-08,0.49116597,0,0.4777836,0.49238577,0.5033285
NATL,2026-07-08,0.4911536,0,0.475426,0.50035673,0.49767792
AMGN,2026-07-08,0.49115127,0,0.47380587,0.50592256,0.49372542
BTSG,2026-07-08,0.49114236,0,0.4961882,0.4633161,0.51392275
ACI,2026-07-08,0.49105766,0,0.475426,0.5083262,0.4894208
AGNC,2026-07-08,0.4909863,0,0.46164182,0.5130534,0.49826357
CF,2026-07-08,0.4909777,0,0.478549,0.48951733,0.5048668
ATLCZ,2026-07-08,0.49097607,0,0.4853396,0.48243347,0.5051551
CMBT,2026-07-08,0.49093306,0,0.47091803,0.5084614,0.49341974
UTHR,2026-07-08,0.49091005,0,0.475426,0.48366576,0.5136384
GEL,2026-07-08,0.49090987,0,0.4680795,0.50205696,0.50259316
DSU,2026-07-08,0.4909058,0,0.47469345,0.50367075,0.49435318
BKH,2026-07-08,0.4908892,0,0.46200815,0.518875,0.49178436
OPP,2026-07-08,0.49087483,0,0.47368804,0.515875,0.4830615
DKS,2026-07-08,0.4908722,0,0.4861881,0.48363933,0.5027892
LPX,2026-07-08,0.49085703,0,0.4816732,0.49800694,0.49289086
MAR,2026-07-08,0.49084455,0,0.47233543,0.4792092,0.52098894
MITK,2026-07-08,0.4908331,0,0.45513362,0.54487306,0.47249255
MUSA,2026-07-08,0.49082658,0,0.47351143,0.48596132,0.51300687
HUBG,2026-07-08,0.49080184,0,0.47023064,0.5102375,0.49193734
SHOO,2026-07-08,0.49076408,0,0.4734219,0.49660078,0.50226957
DOLE,2026-07-08,0.4907612,0,0.47249934,0.5111462,0.48863795
CI,2026-07-08,0.49074647,0,0.49048293,0.4584155,0.5233409
KOF,2026-07-08,0.49073482,0,0.475426,0.48697686,0.5098015
JD,2026-07-08,0.49072742,0,0.45637372,0.54366046,0.472148
ESLT,2026-07-08,0.49060845,0,0.47222167,0.48977616,0.5098275
RDWR,2026-07-08,0.49059847,0,0.46284407,0.54541606,0.46353522
AXIA,2026-07-08,0.49058765,0,0.475426,0.5043651,0.4919718
WS,2026-07-08,0.49056858,0,0.5137151,0.46660355,0.49138716
NBHC,2026-07-08,0.4905584,0,0.48359913,0.49131465,0.49676138
CVEO,2026-07-08,0.49046785,0,0.475426,0.50273603,0.4932414
AXIL,2026-07-08,0.49046096,0,0.47239703,0.5317244,0.46726143
MGRC,2026-07-08,0.490445,0,0.475426,0.5012941,0.4946148
APTV,2026-07-08,0.4904371,0,0.48386407,0.49776402,0.48968324
ELF,2026-07-08,0.4903831,0,0.4736307,0.4807242,0.5167943
AOMN,2026-07-08,0.49034896,0,0.48348734,0.51098055,0.4765789
AORT,2026-07-08,0.49032572,0,0.475426,0.50097084,0.4945803
XPO,2026-07-08,0.4903202,0,0.475426,0.5040718,0.4914627
ELMD,2026-07-08,0.49031165,0,0.48986116,0.5003047,0.48076904
BRBR,2026-07-08,0.49030828,0,0.475426,0.48729822,0.5082006
ULTA,2026-07-08,0.490258,0,0.47822905,0.48957026,0.5029747
AMTB,2026-07-08,0.49022233,0,0.47143367,0.52034307,0.47889018
MPLX,2026-07-08,0.49021703,0,0.47425795,0.4739696,0.52242345
SPGI,2026-07-08,0.49019223,0,0.475426,0.47444773,0.52070296
MAC,2026-07-08,0.49018595,0,0.4608399,0.5109035,0.49881443
PPL,2026-07-08,0.49018174,0,0.4738667,0.4933158,0.5033626
COHR,2026-07-08,0.49015784,0,0.4759388,0.50411046,0.49042422
PNRG,2026-07-08,0.49012044,0,0.4768744,0.4957452,0.4977417
DIN,2026-07-08,0.49011505,0,0.4723812,0.5188551,0.47910887
HEQ,2026-07-08,0.4900982,0,0.46990508,0.4972261,0.50316334
SMRT,2026-07-08,0.49009332,0,0.475426,0.52682525,0.46802866
CBZ,2026-07-08,0.4900787,0,0.4584591,0.4766597,0.5351172
TCOM,2026-07-08,0.4900689,0,0.4791866,0.47621322,0.5148069
AFB,2026-07-08,0.49001855,0,0.44026253,0.55181104,0.47798204
IAG,2026-07-08,0.48998275,0,0.48005214,0.4976195,0.4922766
FTV,2026-07-08,0.48996735,0,0.46801567,0.4980252,0.50386107
GIB,2026-07-08,0.48996186,0,0.4660496,0.48711374,0.5167222
NHTC,2026-07-08,0.48993555,0,0.475426,0.50076115,0.4936194
INNV,2026-07-08,0.4899199,0,0.47958273,0.49649197,0.49368498
RM,2026-07-08,0.48991218,0,0.475426,0.5026571,0.49165335
AVNW,2026-07-08,0.48988628,0,0.4588463,0.5277346,0.48307794
WM,2026-07-08,0.48987973,0,0.46893215,0.48763895,0.513068
TTEK,2026-07-08,0.4898703,0,0.46457985,0.4905341,0.5144969
NFBK,2026-07-08,0.48985162,0,0.45943013,0.52693033,0.48319438
ALKT,2026-07-08,0.48984623,0,0.48386145,0.478908,0.50676924
ASTL,2026-07-08,0.4897856,0,0.46536836,0.52207965,0.48190877
IBCP,2026-07-08,0.48976403,0,0.46765748,0.514637,0.4869976
ADAMN,2026-07-08,0.48973382,0,0.47724164,0.48879388,0.50316596
CASS,2026-07-08,0.48969632,0,0.475426,0.4967997,0.4968632
CPB,2026-07-08,0.48968577,0,0.475426,0.49972817,0.49390313
BWAY,2026-07-08,0.48966178,0,0.46264547,0.52825725,0.47808257
CRBG,2026-07-08,0.48965585,0,0.4986096,0.43869576,0.5316622
KNSA,2026-07-08,0.48962107,0,0.475426,0.5002129,0.49322423
NSA,2026-07-08,0.4895117,0,0.44087186,0.53025115,0.49741197
BLBD,2026-07-08,0.48941308,0,0.48732117,0.47486445,0.50605357
DBRG,2026-07-08,0.48940167,0,0.45723903,0.5292808,0.48168513
XP,2026-07-08,0.48937908,0,0.4577523,0.52643377,0.48395115
HSY,2026-07-08,0.48937535,0,0.4751007,0.49417424,0.4988511
ACH,2026-07-08,0.48935148,0,0.46702573,0.5041833,0.4968453
TRAK,2026-07-08,0.4893492,0,0.48795158,0.4685078,0.5115882
FENC,2026-07-08,0.48930025,0,0.475426,0.50450855,0.48796612
INGN,2026-07-08,0.48928368,0,0.475426,0.51553696,0.476888
SE,2026-07-08,0.48928067,0,0.46419853,0.5215226,0.48212087
HSHP,2026-07-08,0.48923123,0,0.46858266,0.517904,0.4812071
ROG,2026-07-08,0.48919848,0,0.47495705,0.51026887,0.48236942
GRNT,2026-07-08,0.48915744,0,0.46035817,0.5415456,0.4655685
CHW,2026-07-08,0.4891411,0,0.46325123,0.5159418,0.48823026
BMA,2026-07-08,0.48913908,0,0.475426,0.48403695,0.50795424
VSH,2026-07-08,0.48911774,0,0.46593034,0.4976312,0.50379163
BEPJ,2026-07-08,0.4891037,0,0.46029693,0.51275975,0.49425438
SBFG,2026-07-08,0.48907426,0,0.5090293,0.48975015,0.46844324
FHI,2026-07-08,0.4890688,0,0.46694645,0.4938846,0.50637525
ONBPP,2026-07-08,0.48906004,0,0.4704575,0.5099973,0.4867252
CSPI,2026-07-08,0.48905143,0,0.4805573,0.47694588,0.50965106
YORW,2026-07-08,0.48901603,0,0.45888054,0.5370481,0.47111934
AMPH,2026-07-08,0.48901004,0,0.4866919,0.46618706,0.5141511
HTH,2026-07-08,0.48900068,0,0.4450597,0.55967164,0.46227068
JKHY,2026-07-08,0.48895633,0,0.47948667,0.47713155,0.51025075
ONTO,2026-07-08,0.48894066,0,0.5076769,0.45535,0.50379497
DGX,2026-07-08,0.48892593,0,0.45635352,0.51712877,0.49329537
KDP,2026-07-08,0.48891985,0,0.49324316,0.47306618,0.5004501
ICL,2026-07-08,0.48886704,0,0.48230422,0.49640095,0.48789597
GOLF,2026-07-08,0.48886362,0,0.4758577,0.49182838,0.49890473
CLPT,2026-07-08,0.48886353,0,0.47375697,0.51471615,0.4781174
EMA,2026-07-08,0.48884144,0,0.4813173,0.48352602,0.50168097
HLX,2026-07-08,0.48882058,0,0.4774896,0.48292333,0.5060488
ORN,2026-07-08,0.48876306,0,0.4920957,0.49252158,0.4816719
FLNG,2026-07-08,0.48872343,0,0.47612956,0.4782548,0.5117859
EHGO,2026-07-08,0.48871493,0,0.47182962,0.46509722,0.52921784
IONS,2026-07-08,0.48870888,0,0.45900115,0.5129549,0.49417064
LTH,2026-07-08,0.48867223,0,0.4756605,0.49168497,0.4986712
PLGO,2026-07-08,0.48863855,0,0.4688586,0.51285684,0.48420015
HALO,2026-07-08,0.4886089,0,0.475426,0.48837578,0.5020248
BPRN,2026-07-08,0.48859313,0,0.46193895,0.5236486,0.48019174
LANDP,2026-07-08,0.4885516,0,0.475426,0.50330764,0.48692107
MXF,2026-07-08,0.48852712,0,0.4620103,0.49667838,0.5068926
BF-A,2026-07-08,0.488513,0,0.4673212,0.5111187,0.48709908
TAP,2026-07-08,0.48850453,0,0.4698081,0.48665565,0.5090498
CZWI,2026-07-08,0.48850447,0,0.47839105,0.49952886,0.4875934
WEX,2026-07-08,0.4884776,0,0.4697478,0.4674667,0.52821815
A,2026-07-08,0.488477,0,0.46127304,0.50265753,0.5015003
WLKP,2026-07-08,0.48845828,0,0.4746304,0.48968515,0.5010593
DLHC,2026-07-08,0.48844326,0,0.4849115,0.49261513,0.4878032
SNDR,2026-07-08,0.4884323,0,0.4802816,0.47566321,0.509352
SXI,2026-07-08,0.48841175,0,0.5006276,0.44649675,0.5181109
TAK,2026-07-08,0.4884047,0,0.46781883,0.49678317,0.500612
DXCM,2026-07-08,0.4884036,0,0.47755608,0.484192,0.5034627
USAC,2026-07-08,0.48838457,0,0.4788149,0.4773844,0.5089544
FLXS,2026-07-08,0.48837778,0,0.48273396,0.4810252,0.5013741
FLYX,2026-07-08,0.48836046,0,0.47527385,0.49963894,0.4901686
HPS,2026-07-08,0.4883571,0,0.475426,0.49937385,0.4902714
NRIM,2026-07-08,0.48831564,0,0.4649053,0.5141337,0.48590785
STZ,2026-07-08,0.48830694,0,0.475241,0.4732469,0.5164328
EMN,2026-07-08,0.48828962,0,0.45999336,0.5052548,0.49962068
GGN,2026-07-08,0.4882729,0,0.47021705,0.5221097,0.47249195
RBBN,2026-07-08,0.48826814,0,0.47586635,0.51329446,0.47564363
KLIC,2026-07-08,0.48815498,0,0.4764051,0.49922362,0.48883614
HRMY,2026-07-08,0.48811603,0,0.4665465,0.5091798,0.48862177
SCCF,2026-07-08,0.4880379,0,0.46913645,0.5341144,0.46086276
MOS,2026-07-08,0.48802772,0,0.47857913,0.48580846,0.49969554
MMSI,2026-07-08,0.48799875,0,0.4814594,0.4763826,0.5061542
STEW,2026-07-08,0.4879535,0,0.45972982,0.49390373,0.51022696
CHCT,2026-07-08,0.48792207,0,0.4649626,0.5187708,0.48003277
SNPS,2026-07-08,0.48782536,0,0.47968015,0.46516553,0.5186304
IBKR,2026-07-08,0.4878119,0,0.46425626,0.4620216,0.53715783
ACMR,2026-07-08,0.48779422,0,0.4573945,0.52530146,0.48068672
ESOA,2026-07-08,0.48778337,0,0.475426,0.5023228,0.4856012
WKC,2026-07-08,0.48775354,0,0.45997846,0.5137613,0.48952082
PNR,2026-07-08,0.4877532,0,0.48696595,0.457869,0.51842463
BEPH,2026-07-08,0.4877511,0,0.475426,0.5052726,0.4825546
EFXT,2026-07-08,0.4877357,0,0.463873,0.5215716,0.47776243
FBIOP,2026-07-08,0.487723,0,0.475426,0.5031446,0.4845983
RECT,2026-07-08,0.48769203,0,0.46781516,0.4782548,0.51700604
TDG,2026-07-08,0.48766738,0,0.49244976,0.4247462,0.5458061
MD,2026-07-08,0.48765522,0,0.4568167,0.52903515,0.47711384
BTSGU,2026-07-08,0.48763037,0,0.47329336,0.49607462,0.493523
FRPT,2026-07-08,0.4875601,0,0.4781415,0.4869398,0.49759892
TIMB,2026-07-08,0.48754492,0,0.46917102,0.5016862,0.49177757
INN,2026-07-08,0.48753947,0,0.44913703,0.53785557,0.47562578
VIRT,2026-07-08,0.48753774,0,0.47076368,0.4782548,0.5135947
HPQ,2026-07-08,0.48753083,0,0.46928334,0.49365294,0.4996562
OVLY,2026-07-08,0.48750222,0,0.46622804,0.5203071,0.47597137
EQX,2026-07-08,0.48749456,0,0.4696505,0.5103875,0.48244563
AGNCP,2026-07-08,0.487476,0,0.45001388,0.51482666,0.49758744
NMFC,2026-07-08,0.48747158,0,0.47719276,0.4818355,0.5033864
GDOT,2026-07-08,0.48737788,0,0.46312132,0.507093,0.49191922
GRAB,2026-07-08,0.48737103,0,0.47244516,0.51887804,0.47078976
MHD,2026-07-08,0.4873161,0,0.4640536,0.51736397,0.4805307
RCMT,2026-07-08,0.48730087,0,0.48062187,0.47992423,0.5013564
EDD,2026-07-08,0.487289,0,0.44440603,0.55641776,0.46104324
AGYS,2026-07-08,0.48728615,0,0.48678347,0.46418396,0.510891
SCHW,2026-07-08,0.48725808,0,0.4751981,0.48908472,0.49749136
OFS,2026-07-08,0.48721966,0,0.475426,0.49927482,0.48695815
GOLD,2026-07-08,0.4871802,0,0.475426,0.49378422,0.49233034
VRSN,2026-07-08,0.4871188,0,0.4713912,0.48644534,0.5035199
OKTA,2026-07-08,0.48711824,0,0.47748742,0.4839482,0.49991906
CRF,2026-07-08,0.4871137,0,0.50293994,0.44637516,0.51202595
JLL,2026-07-08,0.48711342,0,0.47141343,0.5005892,0.4893375
MANU,2026-07-08,0.48711044,0,0.475426,0.49906233,0.48684296
UZF,2026-07-08,0.4871077,0,0.4587385,0.5261224,0.47646216
TENB,2026-07-08,0.4871046,0,0.4722035,0.48324013,0.5058701
IIM,2026-07-08,0.48710316,0,0.4635643,0.51272875,0.48501647
RMD,2026-07-08,0.48710018,0,0.47032145,0.47789776,0.5130814
BAND,2026-07-08,0.48709598,0,0.47380978,0.49896812,0.48851
MDGL,2026-07-08,0.48707563,0,0.46732423,0.5094239,0.48447874
COLL,2026-07-08,0.48702726,0,0.47463554,0.47734156,0.5091046
HAFN,2026-07-08,0.48699266,0,0.43647864,0.59045744,0.4340418
RLGT,2026-07-08,0.48698205,0,0.45885003,0.53773147,0.46436453
PWR,2026-07-08,0.48692513,0,0.51152444,0.4298313,0.51941955
DRD,2026-07-08,0.48689696,0,0.466317,0.5082759,0.4860979
PKG,2026-07-08,0.486889,0,0.4627685,0.49231496,0.5055835
SOHU,2026-07-08,0.48683062,0,0.475426,0.48514426,0.49992156
CIGI,2026-07-08,0.4868184,0,0.47679308,0.48116404,0.502498
BCX,2026-07-08,0.4868092,0,0.45346498,0.5137454,0.49321705
KKRS,2026-07-08,0.48680085,0,0.4754128,0.49797317,0.4870165
DT,2026-07-08,0.486782,0,0.46521112,0.49239168,0.50274324
FC,2026-07-08,0.4867736,0,0.4732676,0.5066822,0.48037094
KELYA,2026-07-08,0.48677328,0,0.47313997,0.48835418,0.4988257
POWWP,2026-07-08,0.4867596,0,0.49800196,0.48501107,0.47726575
OTTR,2026-07-08,0.4867556,0,0.47924343,0.48559105,0.4954323
GRND,2026-07-08,0.48673117,0,0.47318807,0.5200854,0.46692
CME,2026-07-08,0.48670602,0,0.45000902,0.50149214,0.5086168
NEU,2026-07-08,0.48669213,0,0.4626808,0.48772055,0.5096751
VSAT,2026-07-08,0.48668885,0,0.46936113,0.5170698,0.47363558
RYAM,2026-07-08,0.48668465,0,0.48538074,0.47598872,0.4986844
REGCO,2026-07-08,0.4866429,0,0.4877237,0.5063949,0.46580997
AMP,2026-07-08,0.48662764,0,0.47544655,0.48644844,0.49798784
MTD,2026-07-08,0.4865894,0,0.47227877,0.47500443,0.5124849
CDW,2026-07-08,0.48657995,0,0.45427477,0.49571276,0.5097523
AGNT,2026-07-08,0.48657727,0,0.43434346,0.5467065,0.47868183
SPHR,2026-07-08,0.4865449,0,0.4750258,0.48399487,0.50061405
HFWA,2026-07-08,0.4865421,0,0.4529538,0.51075095,0.49592152
KC,2026-07-08,0.48653296,0,0.43509567,0.5736046,0.45089853
SOLV,2026-07-08,0.48651087,0,0.48342872,0.488889,0.4872148
CCEP,2026-07-08,0.48649448,0,0.4748077,0.47283205,0.5118436
GSL,2026-07-08,0.48648944,0,0.47440523,0.4852354,0.49982768
JGH,2026-07-08,0.48646793,0,0.45763716,0.52069134,0.4810753
ITGR,2026-07-08,0.48645574,0,0.4711887,0.4697518,0.51842666
MKC-V,2026-07-08,0.48640758,0,0.475426,0.50680286,0.47699383
NREF,2026-07-08,0.48640645,0,0.475426,0.4781873,0.505606
LBRDP,2026-07-08,0.48639658,0,0.475426,0.49813586,0.48562777
IZM,2026-07-08,0.48637432,0,0.475426,0.47677156,0.50692534
WLFC,2026-07-08,0.48633784,0,0.475426,0.47406924,0.50951827
PODC,2026-07-08,0.4862854,0,0.47829404,0.4987073,0.48185474
GCO,2026-07-08,0.48626077,0,0.45982602,0.5037347,0.49522159
GBFH,2026-07-08,0.48623237,0,0.475426,0.49627513,0.48699588
BHFAO,2026-07-08,0.48619297,0,0.46986538,0.49322307,0.49549046
SABR,2026-07-08,0.4861693,0,0.46801555,0.5137312,0.4767611
FSBW,2026-07-08,0.48616856,0,0.46191737,0.51259094,0.48399723
CMTG,2026-07-08,0.48613673,0,0.43587333,0.53889763,0.4836392
PEN,2026-07-08,0.48612013,0,0.46171662,0.50126576,0.495378
OTEX,2026-07-08,0.48608595,0,0.45324492,0.49744648,0.50756633
XOMA,2026-07-08,0.48608556,0,0.4945655,0.48108086,0.48261032
KEN,2026-07-08,0.48606053,0,0.47207817,0.47768727,0.5084161
RIVN,2026-07-08,0.48605776,0,0.4626744,0.51350194,0.48199686
ASYS,2026-07-08,0.48597413,0,0.483724,0.48631307,0.48788518
CTKB,2026-07-08,0.48595357,0,0.475426,0.49972597,0.48270878
GAINI,2026-07-08,0.48593283,0,0.46978307,0.4964384,0.49157688
FFA,2026-07-08,0.48592728,0,0.4775905,0.48389956,0.49629176
W,2026-07-08,0.48591095,0,0.47198212,0.5109891,0.47476158
NHC,2026-07-08,0.48590612,0,0.50027424,0.44739816,0.51004595
DKL,2026-07-08,0.48590016,0,0.466469,0.49455258,0.49667898
MBINM,2026-07-08,0.48589692,0,0.4758462,0.4838217,0.49802282
TARS,2026-07-08,0.48589045,0,0.46891463,0.49878868,0.48996806
HWCPZ,2026-07-08,0.4858296,0,0.4710674,0.49719673,0.48922455
VRRM,2026-07-08,0.4858178,0,0.47908732,0.46453077,0.5138352
GSBD,2026-07-08,0.48580873,0,0.4798273,0.4659845,0.5116144
PCG,2026-07-08,0.4858008,0,0.47742102,0.46461278,0.5153685
PPTA,2026-07-08,0.4857967,0,0.43251038,0.54338485,0.48149472
NRC,2026-07-08,0.48577902,0,0.4852146,0.48077527,0.49134716
PDPA,2026-07-08,0.4857575,0,0.44277394,0.5281149,0.48638365
VIRC,2026-07-08,0.48574936,0,0.49191236,0.47882912,0.48650658
LGCY,2026-07-08,0.48573732,0,0.49042603,0.47223485,0.49455103
NMM,2026-07-08,0.48572767,0,0.48746863,0.46920666,0.50050765
DKNG,2026-07-08,0.4857157,0,0.4653907,0.50280327,0.48895308
HHS,2026-07-08,0.48570976,0,0.475426,0.49068123,0.491022
ANNX,2026-07-08,0.4856943,0,0.47104523,0.50596225,0.48007533
NBIX,2026-07-08,0.48567358,0,0.46882936,0.48633558,0.5018557
IVT,2026-07-08,0.48566616,0,0.4747568,0.4826768,0.4995648
ALHC,2026-07-08,0.48563614,0,0.47362685,0.4872874,0.49599415
MCY,2026-07-08,0.4856277,0,0.47510222,0.48709625,0.49468458
NMR,2026-07-08,0.48561972,0,0.4633129,0.50711906,0.4864272
KE,2026-07-08,0.48560423,0,0.47432652,0.49377963,0.4887065
SIGIP,2026-07-08,0.48559952,0,0.48230147,0.49528638,0.4792106
MFAN,2026-07-08,0.4855911,0,0.45990056,0.5150451,0.48182765
AAUC,2026-07-08,0.485577,0,0.4571874,0.51761824,0.48192522
CSCO,2026-07-08,0.48556358,0,0.47938293,0.46490437,0.51240337
TBPH,2026-07-08,0.48555928,0,0.475426,0.4883843,0.4928675
CLM,2026-07-08,0.48555762,0,0.48570797,0.4540999,0.51686484
ERIE,2026-07-08,0.48554885,0,0.48114958,0.4540785,0.52141845
CAAP,2026-07-08,0.48553452,0,0.49492842,0.4682164,0.4934587
APEI,2026-07-08,0.48552066,0,0.475426,0.49549478,0.48564106
SEVN,2026-07-08,0.4855042,0,0.46386382,0.5005371,0.49211165
NXP,2026-07-08,0.48549145,0,0.47082362,0.51142067,0.4742301
AEE,2026-07-08,0.48548064,0,0.475426,0.4862774,0.49473846
HTB,2026-07-08,0.48541778,0,0.4653189,0.50781965,0.48311472
ARCO,2026-07-08,0.48539403,0,0.4757422,0.48466584,0.49577406
VLYPP,2026-07-08,0.48534572,0,0.48663554,0.4796146,0.48978704
SG,2026-07-08,0.48533183,0,0.4679675,0.50001985,0.48800802
WSBF,2026-07-08,0.48529232,0,0.47097325,0.50140435,0.4834993
SWZ,2026-07-08,0.48524916,0,0.47154525,0.48842275,0.49577945
WFC,2026-07-08,0.4852032,0,0.4700265,0.4819808,0.50360227
TNC,2026-07-08,0.4851719,0,0.46790603,0.49263117,0.49497846
CNXN,2026-07-08,0.48515683,0,0.47211972,0.49018738,0.49316335
WPC,2026-07-08,0.48514116,0,0.46262822,0.49413943,0.49865586
WEN,2026-07-08,0.48514056,0,0.47766954,0.491566,0.4861861
ETG,2026-07-08,0.4851395,0,0.4721434,0.4698535,0.5134215
NGS,2026-07-08,0.48512632,0,0.47262186,0.48314884,0.49960828
EXOZ,2026-07-08,0.485114,0,0.477145,0.47982797,0.498369
BAX,2026-07-08,0.48510897,0,0.46538255,0.50093406,0.48901019
VHI,2026-07-08,0.48509663,0,0.45912206,0.5167137,0.47945413
TCI,2026-07-08,0.48507836,0,0.49185428,0.49374703,0.4696338
GNT,2026-07-08,0.48506826,0,0.47336173,0.5013656,0.48047736
PRAA,2026-07-08,0.48506385,0,0.475426,0.50292116,0.4768443
ASO,2026-07-08,0.4850564,0,0.47385105,0.4953537,0.48596436
JILL,2026-07-08,0.4850455,0,0.47908145,0.4743298,0.50172526
JANX,2026-07-08,0.48504034,0,0.46495512,0.5031519,0.48701397
AGNCN,2026-07-08,0.48502737,0,0.46796617,0.5001781,0.4869379
NN,2026-07-08,0.48500377,0,0.4898773,0.47728336,0.48785067
VAL,2026-07-08,0.4850005,0,0.48447,0.45943215,0.5110992
TXNM,2026-07-08,0.48496547,0,0.47171915,0.49798873,0.48518842
PDEX,2026-07-08,0.48495036,0,0.47021726,0.48844236,0.49619147
HWBK,2026-07-08,0.48494956,0,0.49584895,0.47309598,0.48590368
ETW,2026-07-08,0.48494768,0,0.4670169,0.50850034,0.4793258
ZGN,2026-07-08,0.48486963,0,0.4696363,0.4922595,0.4927131
RNST,2026-07-08,0.48486853,0,0.44220597,0.53310037,0.4792992
NHPBP,2026-07-08,0.48478287,0,0.47834352,0.5012498,0.47475526
WVE,2026-07-08,0.4847581,0,0.4729533,0.5033519,0.47796908
BHFAN,2026-07-08,0.48475054,0,0.46583718,0.49593562,0.4924788
TTWO,2026-07-08,0.48474526,0,0.495665,0.43535206,0.52321863
VGM,2026-07-08,0.4847381,0,0.47519204,0.5172766,0.4617457
DY,2026-07-08,0.4847133,0,0.49191034,0.44987756,0.5123519
SSL,2026-07-08,0.48463076,0,0.47491747,0.4830666,0.4959083
KARO,2026-07-08,0.48461387,0,0.475426,0.4826503,0.49576527
CERT,2026-07-08,0.484608,0,0.475426,0.48815006,0.49024788
ONBPO,2026-07-08,0.48459285,0,0.49190447,0.46893844,0.4929357
MPC,2026-07-08,0.48458418,0,0.48525125,0.45261836,0.5158829
ENO,2026-07-08,0.4845758,0,0.47294796,0.4954989,0.48528054
PAHC,2026-07-08,0.48457295,0,0.48234397,0.48284715,0.48852766
SRTS,2026-07-08,0.48457128,0,0.475426,0.47891214,0.49937564
ECOR,2026-07-08,0.48454547,0,0.46974054,0.50601214,0.4778837
CLF,2026-07-08,0.48453477,0,0.4726968,0.48843184,0.49247566
KYMR,2026-07-08,0.48449892,0,0.4702839,0.49917322,0.48403963
VPG,2026-07-08,0.48447487,0,0.47387466,0.49119508,0.48835486
IMOS,2026-07-08,0.4844731,0,0.49084064,0.4639018,0.49867684
MBINL,2026-07-08,0.4844727,0,0.47453085,0.49962822,0.47925898
CRT,2026-07-08,0.4843955,0,0.475426,0.48819774,0.48956272
HGLB,2026-07-08,0.4843589,0,0.47853687,0.49506226,0.47947752
HTD,2026-07-08,0.48433024,0,0.47463018,0.4689687,0.5093918
ROIV,2026-07-08,0.4843191,0,0.4830054,0.4821956,0.48775634
NTES,2026-07-08,0.4843155,0,0.4733438,0.49085277,0.48875
PGNY,2026-07-08,0.48429874,0,0.46214417,0.49839786,0.49235415
VZ,2026-07-08,0.48429415,0,0.47295138,0.48616332,0.49376768
JACK,2026-07-08,0.48428988,0,0.4638284,0.5076736,0.48136768
NVG,2026-07-08,0.48427558,0,0.4522891,0.51170325,0.48883432
MTRX,2026-07-08,0.48427144,0,0.48367813,0.48419783,0.4849383
TPVG,2026-07-08,0.4842397,0,0.475426,0.47937143,0.49792162
METCZ,2026-07-08,0.4842387,0,0.5076608,0.4786648,0.46639052
IRMD,2026-07-08,0.4842253,0,0.4692783,0.5026024,0.48079515
BOLD,2026-07-08,0.4842232,0,0.475426,0.4780281,0.4992154
LVS,2026-07-08,0.4841803,0,0.475426,0.480591,0.49652383
CIMO,2026-07-08,0.4840322,0,0.46663588,0.5054744,0.47998634
NEXT,2026-07-08,0.4840309,0,0.47640684,0.47942737,0.49625847
ATLC,2026-07-08,0.48400494,0,0.47237685,0.47631314,0.5033248
NEWTI,2026-07-08,0.48399824,0,0.47381443,0.51141435,0.46676588
TWI,2026-07-08,0.4839803,0,0.511596,0.45009714,0.49024776
EIG,2026-07-08,0.48396897,0,0.47750884,0.4668831,0.507515
IRS,2026-07-08,0.48395517,0,0.47010794,0.48940092,0.49235657
UTMD,2026-07-08,0.48392957,0,0.44070485,0.5500873,0.46099663
GUT,2026-07-08,0.4839294,0,0.47374466,0.48777947,0.490264
ELA,2026-07-08,0.48391128,0,0.4953382,0.470002,0.48639357
STE,2026-07-08,0.48390985,0,0.49520802,0.447799,0.50872254
LPBB,2026-07-08,0.48389846,0,0.47831216,0.4739723,0.49941084
ACV,2026-07-08,0.48389292,0,0.47220722,0.47473073,0.5047408
GNW,2026-07-08,0.4838758,0,0.475426,0.47242782,0.5037735
IRON,2026-07-08,0.48385248,0,0.4726628,0.4861126,0.49278194
XPEL,2026-07-08,0.48384908,0,0.46078745,0.5022481,0.4885117
EZPW,2026-07-08,0.4838419,0,0.475426,0.48818517,0.48791447
SBH,2026-07-08,0.48383492,0,0.44416764,0.52915084,0.47818625
NCDL,2026-07-08,0.4838279,0,0.47278306,0.4717772,0.5069234
GAIA,2026-07-08,0.48378882,0,0.47803783,0.51047903,0.4628496
JFIN,2026-07-08,0.48377508,0,0.46776357,0.49847344,0.48508826
BTAI,2026-07-08,0.4837532,0,0.49355274,0.48572743,0.4719794
EFT,2026-07-08,0.48374242,0,0.46056634,0.51073533,0.47992554
SMFG,2026-07-08,0.4837169,0,0.4778471,0.46059817,0.5127054
DGZ,2026-07-08,0.48371637,0,0.50575155,0.47968683,0.46571067
CTGO,2026-07-08,0.4837146,0,0.48148438,0.49883524,0.47082415
TEO,2026-07-08,0.48370516,0,0.4741534,0.4902173,0.48674476
ABOS,2026-07-08,0.48369873,0,0.45421186,0.53346086,0.46342337
YHNA,2026-06-25,0.4836896,0,0.48392206,0.4946708,0.4724759
RDN,2026-07-08,0.4836754,0,0.47813484,0.46473613,0.5081551
RMBI,2026-07-08,0.4836568,0,0.47372454,0.50512934,0.4721164
HNRG,2026-07-08,0.4836523,0,0.47549918,0.47197425,0.5034833
MTR,2026-07-08,0.48360944,0,0.475426,0.47197562,0.5034266
MVO,2026-07-08,0.48358676,0,0.47245613,0.47681645,0.5014877
TMO,2026-07-08,0.48358655,0,0.46415734,0.48539758,0.50120467
BEP,2026-07-08,0.48358482,0,0.46018028,0.51123744,0.4793367
VTMX,2026-07-08,0.4835748,0,0.45734194,0.49901542,0.494367
TWIN,2026-07-08,0.48357156,0,0.47633085,0.48187155,0.4925123
WRB,2026-07-08,0.48354056,0,0.49603155,0.43771204,0.516878
ATAT,2026-07-08,0.4835387,0,0.4831081,0.47616088,0.49134704
B,2026-07-08,0.48352587,0,0.4615439,0.5011678,0.48786595
PL,2026-07-08,0.48351663,0,0.47708455,0.48621014,0.48725516
PFBC,2026-07-08,0.4835142,0,0.46227384,0.4932803,0.4949884
CPRI,2026-07-08,0.48342422,0,0.4759103,0.49571517,0.47864708
FHTX,2026-07-08,0.48341775,0,0.47360066,0.48756254,0.48908997
EOD,2026-07-08,0.48341346,0,0.47136173,0.4796666,0.49921197
PAXS,2026-07-08,0.48340115,0,0.46334535,0.49495807,0.49190006
IFS,2026-07-08,0.48339343,0,0.45122877,0.50241965,0.49653175
LQDA,2026-07-08,0.48338038,0,0.47520706,0.47862872,0.49630526
CRBD,2026-07-08,0.48337173,0,0.47467947,0.5027839,0.4726518
DFH,2026-07-08,0.48324746,0,0.47623828,0.45716387,0.51634026
UL,2026-07-08,0.48323447,0,0.48229617,0.470451,0.49695617
AFGD,2026-07-08,0.48323435,0,0.475426,0.47623494,0.49804205
HTLM,2026-07-08,0.48321986,0,0.46759513,0.4978428,0.48422164
CBL,2026-07-08,0.4832068,0,0.475426,0.47816667,0.49602774
SYM,2026-07-08,0.48316258,0,0.47943187,0.49551752,0.47453824
KB,2026-07-08,0.4831505,0,0.475426,0.47819197,0.4958335
BURL,2026-07-08,0.4831451,0,0.46944413,0.48160675,0.49838436
KTOS,2026-07-08,0.48313102,0,0.4610035,0.4834956,0.5048939
PRH,2026-07-08,0.4831027,0,0.47709864,0.47894102,0.4932684
GOOGL,2026-07-08,0.48309267,0,0.47884163,0.4486877,0.5217486
JBHT,2026-07-08,0.4830919,0,0.48024398,0.47691578,0.4921159
NBH,2026-07-08,0.48305428,0,0.4672841,0.5008621,0.48101664
LH,2026-07-08,0.4830427,0,0.46818003,0.459464,0.521484
OFG,2026-07-08,0.48303753,0,0.4508021,0.5031727,0.49513775
HDRN,2026-07-08,0.48303658,0,0.47347656,0.4812495,0.49438354
CIX,2026-07-08,0.48303258,0,0.48950592,0.4712451,0.4883468
WYNN,2026-07-08,0.48301524,0,0.4603403,0.4889747,0.49973074
EW,2026-07-08,0.48300606,0,0.47150502,0.48707652,0.49043658
FLC,2026-07-08,0.48299426,0,0.46175596,0.49759984,0.48962694
CRL,2026-07-08,0.48298433,0,0.46014652,0.5091755,0.4796309
PDT,2026-07-08,0.4829834,0,0.4761904,0.48478103,0.48797873
LND,2026-07-08,0.48298115,0,0.4668805,0.48450655,0.49755642
VERA,2026-07-08,0.48297852,0,0.4733243,0.47421724,0.501394
NG,2026-07-08,0.48296392,0,0.4560479,0.5019832,0.49086064
EVI,2026-07-08,0.48295802,0,0.475426,0.4832142,0.49023378
EWBC,2026-07-08,0.48293704,0,0.46998566,0.48073405,0.49809137
MBC,2026-07-08,0.48292845,0,0.4905956,0.45183277,0.50635695
FMY,2026-07-08,0.4828984,0,0.47162548,0.5137579,0.46331176
GRFS,2026-07-08,0.4828757,0,0.46914205,0.4926925,0.48679245
HBB,2026-07-08,0.48282257,0,0.4793954,0.4894714,0.47960088
ZIM,2026-07-08,0.48280996,0,0.475426,0.48345816,0.48954567
DEI,2026-07-08,0.48280996,0,0.46007833,0.50013334,0.4882182
GIC,2026-07-08,0.48280227,0,0.47074622,0.50454164,0.473119
AAP,2026-07-08,0.4828,0,0.4857131,0.46483955,0.49784732
ANIK,2026-07-08,0.48279694,0,0.4719237,0.4854741,0.4909929
SJM,2026-07-08,0.4827723,0,0.46983096,0.49475357,0.48373225
DTG,2026-07-08,0.48277146,0,0.4678531,0.4895843,0.49087694
NWL,2026-07-08,0.48274967,0,0.45904365,0.51302505,0.47618034
ABCB,2026-07-08,0.48272592,0,0.443078,0.52710515,0.47799453
EDF,2026-07-08,0.48271826,0,0.4605588,0.50300354,0.48459244
GPK,2026-07-08,0.48270148,0,0.47033852,0.47217053,0.50559527
TRP,2026-07-08,0.4826784,0,0.48020533,0.44390652,0.52392334
CAG,2026-07-08,0.48267218,0,0.475426,0.47954917,0.4930413
STBA,2026-07-08,0.48265296,0,0.4481805,0.51361614,0.4861622
CVKD,2026-07-08,0.4826458,0,0.475426,0.4782548,0.4942565
CNP,2026-07-08,0.48262396,0,0.475426,0.46947712,0.5029687
CNF,2026-07-08,0.4826041,0,0.47792062,0.5019036,0.46798798
PCRX,2026-07-08,0.48258606,0,0.475426,0.48220256,0.4901296
BBAR,2026-07-08,0.48258162,0,0.47722176,0.46785623,0.50266683
ALC,2026-07-08,0.48254398,0,0.47563326,0.46081954,0.51117903
FIP,2026-07-08,0.4825308,0,0.48617244,0.4696138,0.49180618
HELE,2026-07-08,0.4825288,0,0.45950693,0.5075264,0.480553
AFGC,2026-07-08,0.48250967,0,0.45396763,0.50119466,0.4923667
EXK,2026-07-08,0.482498,0,0.4672977,0.5279327,0.45226356
CTSH,2026-07-08,0.48249733,0,0.44945267,0.4944041,0.5036351
SREA,2026-07-08,0.48247832,0,0.46869177,0.49229348,0.48644975
VYX,2026-07-08,0.4824704,0,0.4610637,0.49514905,0.49119836
PDO,2026-07-08,0.4824503,0,0.4672894,0.50755066,0.47251084
AUDC,2026-07-08,0.48243248,0,0.45154715,0.5054555,0.49029475
FLUT,2026-07-08,0.4824283,0,0.4755369,0.46732473,0.50442314
FTRE,2026-07-08,0.48242408,0,0.47655463,0.4782548,0.49246278
CHSCO,2026-07-08,0.48236838,0,0.45804808,0.50368047,0.48537657
TTC,2026-07-08,0.4823622,0,0.475426,0.46558335,0.50607723
ULH,2026-07-08,0.48233536,0,0.47388008,0.47392464,0.4992014
UPBD,2026-07-08,0.48233366,0,0.46244302,0.4984438,0.48611403
INTR,2026-07-08,0.48232704,0,0.48141962,0.47142616,0.49413526
WASH,2026-07-08,0.4823206,0,0.46094894,0.50973743,0.47627538
FTW,2026-07-08,0.4823122,0,0.47775784,0.47137174,0.49780703
IMSR,2026-07-08,0.48231205,0,0.475426,0.4903037,0.48120642
TCMD,2026-07-08,0.48227143,0,0.47759253,0.48286894,0.4863528
GFL,2026-07-08,0.4822697,0,0.4641669,0.49298817,0.48965403
DG,2026-07-08,0.4822508,0,0.475426,0.47429377,0.49703258
CMSD,2026-07-08,0.48222095,0,0.46918344,0.4892791,0.4882003
CPSS,2026-07-08,0.48218805,0,0.475426,0.48670873,0.4844294
RLYB,2026-07-08,0.4821498,0,0.475426,0.48214725,0.48887613
UZD,2026-07-08,0.48214644,0,0.47943813,0.4853125,0.48168865
ECCV,2026-07-08,0.48214155,0,0.477226,0.49803418,0.47116455
PBF,2026-07-08,0.48213854,0,0.47250015,0.48128253,0.4926329
CCU,2026-07-08,0.48210624,0,0.46884763,0.49809527,0.47937575
ACRS,2026-07-08,0.48209056,0,0.475426,0.4874453,0.48340032
ACGL,2026-07-08,0.48208964,0,0.505314,0.40981308,0.5311417
PKBK,2026-07-08,0.48207495,0,0.475426,0.4929943,0.47780448
SLAB,2026-07-08,0.48202544,0,0.4577854,0.50203353,0.48625743
FRO,2026-07-08,0.48202336,0,0.47125497,0.47410038,0.50071466
MHK,2026-07-08,0.48198634,0,0.4555648,0.50631267,0.4840815
OCCIM,2026-07-08,0.48197356,0,0.47932196,0.4888219,0.4777768
EFR,2026-07-08,0.48195645,0,0.46032625,0.48670003,0.498843
NTIC,2026-07-08,0.48194602,0,0.46998805,0.49234226,0.48350775
ZLAB,2026-07-08,0.48190066,0,0.44376975,0.51919395,0.48273823
IFN,2026-07-08,0.4818579,0,0.47418073,0.48289725,0.48849568
DUKB,2026-07-08,0.4818492,0,0.46597615,0.4968083,0.48276314
CRVS,2026-07-08,0.4818401,0,0.45892775,0.51214963,0.4744429
VALU,2026-07-08,0.48181778,0,0.4819137,0.46569815,0.49784136
RA,2026-07-08,0.48181716,0,0.45590895,0.49066448,0.49887797
IQI,2026-07-08,0.48181593,0,0.44897196,0.5403987,0.4560771
JFR,2026-07-08,0.4817899,0,0.47128844,0.4904593,0.48362193
FBK,2026-07-08,0.48167545,0,0.4597393,0.49758792,0.4876991
NGG,2026-07-08,0.48167336,0,0.48105365,0.4561719,0.5077945
CPHC,2026-07-08,0.48152906,0,0.47219142,0.5085926,0.46380308
MHNC,2026-07-08,0.48146933,0,0.4773721,0.5112614,0.4557744
GPCR,2026-07-08,0.48146626,0,0.4699934,0.48023552,0.49416983
TRMK,2026-07-08,0.48143756,0,0.44506434,0.5297404,0.46950793
SNDX,2026-07-08,0.48143724,0,0.46189347,0.49106604,0.49135217
DGICA,2026-07-08,0.4814356,0,0.46531028,0.49011096,0.4888855
MZTI,2026-07-08,0.48140597,0,0.475426,0.47211754,0.49667427
PRHIZ,2026-06-25,0.48137707,0,0.4735796,0.47595522,0.49459633
EOLS,2026-07-08,0.48137355,0,0.475426,0.48458672,0.48410782
RXO,2026-07-08,0.48134953,0,0.47233376,0.47630027,0.49541456
LSH,2026-07-08,0.4813156,0,0.47113612,0.4782548,0.49455586
ZKH,2026-07-08,0.4813092,0,0.47771692,0.4761029,0.49010777
VERI,2026-07-08,0.4812653,0,0.4729724,0.47955346,0.49126995
GLE,2026-07-08,0.48126322,0,0.4691926,0.4716243,0.5029726
GCT,2026-07-08,0.48125017,0,0.4704873,0.48821303,0.4850501
ENS,2026-07-08,0.48122662,0,0.51836246,0.4235281,0.5017892
SPB,2026-07-08,0.48121324,0,0.47145838,0.4930175,0.47916383
HOMB,2026-07-08,0.48119652,0,0.462702,0.4918633,0.48902422
LAKE,2026-07-08,0.48118687,0,0.4628267,0.50053656,0.48019725
SOJC,2026-07-08,0.48117203,0,0.43951204,0.52684563,0.47715837
SILC,2026-07-08,0.48115206,0,0.46913916,0.48769718,0.48661974
NC,2026-07-08,0.48104525,0,0.475426,0.47656804,0.4911416
THRM,2026-07-08,0.4810406,0,0.46461442,0.4951375,0.48336983
CMSA,2026-07-08,0.48103192,0,0.4731918,0.48754084,0.4823631
LKQ,2026-07-08,0.481022,0,0.47695044,0.46107754,0.50503796
BDX,2026-07-08,0.48098752,0,0.47493017,0.46744373,0.5005886
MLAB,2026-07-08,0.4809788,0,0.475426,0.46820825,0.49930206
PESI,2026-07-08,0.48096567,0,0.4750469,0.48366553,0.48418444
LOW,2026-07-08,0.4809631,0,0.4800651,0.45664084,0.5061834
ORLA,2026-07-08,0.48096073,0,0.47158554,0.49577582,0.47552073
LENZ,2026-07-08,0.48095378,0,0.4676991,0.47968838,0.49547383
EDN,2026-07-08,0.48093966,0,0.47888032,0.4726086,0.49133
SSRM,2026-07-08,0.4809354,0,0.475426,0.48175135,0.48562878
ARTNA,2026-07-08,0.4809128,0,0.475426,0.48863208,0.4786802
BLZE,2026-07-08,0.48089188,0,0.47230616,0.47130194,0.4990675
NRP,2026-07-08,0.4808398,0,0.475426,0.4741743,0.49291906
CATY,2026-07-08,0.48082253,0,0.47436166,0.48182616,0.48627976
BTOC,2026-07-08,0.4808201,0,0.4724053,0.47889006,0.49116483
WYY,2026-07-08,0.48081836,0,0.47157452,0.5116891,0.4591914
AB,2026-07-08,0.48081556,0,0.44715214,0.5178353,0.47745922
XOMAO,2026-07-08,0.4808144,0,0.4690264,0.4990004,0.4744164
MRLN,2026-07-08,0.48080012,0,0.46732363,0.4950955,0.47998118
CHSCM,2026-07-08,0.48079687,0,0.47005647,0.49166232,0.48067182
CHTR,2026-07-08,0.48079345,0,0.46864387,0.48434034,0.48939613
ESCA,2026-07-08,0.48078507,0,0.47117323,0.48160917,0.48957276
CNC,2026-07-08,0.4807651,0,0.47403142,0.46263343,0.5056304
SHIM,2026-07-08,0.4807643,0,0.47660357,0.4782548,0.48743454
SVV,2026-07-08,0.48071244,0,0.47941095,0.47471216,0.48801416
MBX,2026-07-08,0.48071146,0,0.45435542,0.46861035,0.5191685
MFAO,2026-07-08,0.48063767,0,0.47279036,0.47606695,0.49305564
VBF,2026-07-08,0.48063597,0,0.45962358,0.50227183,0.48001248
AVPT,2026-07-08,0.48063272,0,0.46378854,0.47859925,0.4995104
ICE,2026-07-08,0.48063254,0,0.45489886,0.48141798,0.5055808
LVWR,2026-07-08,0.48062116,0,0.47971755,0.5050727,0.4570732
FSV,2026-07-08,0.4806127,0,0.475426,0.45691025,0.50950176
LANDO,2026-07-08,0.48061252,0,0.47285086,0.48073485,0.48825184
ZBRA,2026-07-08,0.48056817,0,0.48054776,0.45074424,0.51041245
STNE,2026-07-08,0.4805631,0,0.4599317,0.48641524,0.49534225
BCS,2026-07-08,0.48054963,0,0.46982074,0.47636682,0.49546126
LSF,2026-07-08,0.48050532,0,0.48060971,0.49895957,0.46194658
GMAB,2026-07-08,0.48044002,0,0.47521654,0.4758239,0.4902796
UVV,2026-07-08,0.48041683,0,0.4817199,0.45418313,0.5053475
PLMR,2026-07-08,0.4803763,0,0.47135293,0.47037107,0.4994049
MCS,2026-07-08,0.48036426,0,0.4704647,0.50119275,0.4694353
MXL,2026-07-08,0.4803381,0,0.49800736,0.43939853,0.50360835
LMNR,2026-07-08,0.48033658,0,0.47051153,0.47491404,0.49558413
TEN,2026-07-08,0.48033476,0,0.47389677,0.4782548,0.48885265
RFMZ,2026-07-08,0.48032016,0,0.475426,0.4873325,0.4782019
JOYY,2026-07-08,0.48030657,0,0.42281333,0.5398695,0.47823688
PARR,2026-07-08,0.4802882,0,0.49142236,0.44315356,0.5062887
FTCI,2026-07-08,0.4802828,0,0.44703037,0.5388496,0.45496845
BMO,2026-07-08,0.48027855,0,0.46325317,0.47168663,0.5058958
NTB,2026-07-08,0.4802627,0,0.47653437,0.46272948,0.50152415
USAU,2026-07-08,0.4802474,0,0.4762886,0.49704614,0.46740744
INSP,2026-07-08,0.48024082,0,0.45651716,0.4959362,0.48826912
BRX,2026-07-08,0.480237,0,0.4786173,0.45648676,0.50560695
NVMI,2026-07-08,0.48022255,0,0.50270426,0.44208923,0.49587417
YELP,2026-07-08,0.48021495,0,0.46437535,0.47623217,0.50003725
MBLY,2026-07-08,0.4802093,0,0.475426,0.4782548,0.48694697
MPB,2026-07-08,0.48018044,0,0.47466943,0.48557088,0.48030096
INVA,2026-07-08,0.4801458,0,0.47972858,0.4703052,0.49040368
KEP,2026-07-08,0.48012733,0,0.4729639,0.48940283,0.47801518
CICB,2026-07-08,0.48011893,0,0.4455493,0.5064459,0.48836157
IMKTA,2026-07-08,0.4801187,0,0.475426,0.47291106,0.49201894
MKZR,2026-07-08,0.4801137,0,0.475426,0.48185295,0.48306203
MESO,2026-07-08,0.48010185,0,0.4730774,0.501146,0.46608216
LFVN,2026-07-08,0.48005074,0,0.4747073,0.47151297,0.49393186
SHBI,2026-07-08,0.48002023,0,0.44767153,0.52098536,0.4714038
NYT,2026-07-08,0.47999448,0,0.46251822,0.47978002,0.4976851
LBTYK,2026-07-08,0.4799872,0,0.47069693,0.46878397,0.5004807
GREEL,2026-07-07,0.4799817,0,0.475426,0.48231846,0.48220056
NFE,2026-07-08,0.4799682,0,0.46794966,0.4782548,0.49370003
TWFG,2026-07-08,0.4799631,0,0.46796006,0.47249275,0.4994364
OSW,2026-07-08,0.47993338,0,0.4976061,0.4514439,0.49075007
NSC,2026-07-08,0.47992775,0,0.475426,0.4517842,0.512573
ASA,2026-07-08,0.47990373,0,0.475426,0.46375427,0.50053084
IVZ,2026-07-08,0.47988433,0,0.45719337,0.4973525,0.485107
AES,2026-07-08,0.4798792,0,0.45463142,0.49589387,0.48911226
NVCR,2026-07-08,0.47984457,0,0.4525704,0.517498,0.46946526
RFI,2026-07-08,0.47984388,0,0.46523088,0.48507288,0.48922786
MPAA,2026-07-08,0.47982967,0,0.4691781,0.47809047,0.49222034
UGP,2026-07-08,0.47981948,0,0.47368035,0.48157606,0.484202
ACVA,2026-07-08,0.47980732,0,0.475426,0.4653451,0.49865085
CBOE,2026-07-08,0.4798018,0,0.4547935,0.47519338,0.5094184
AEON,2026-07-08,0.47977424,0,0.475426,0.5016608,0.46223575
OPRT,2026-07-08,0.47976056,0,0.459657,0.5241063,0.45551828
HURC,2026-07-08,0.47975737,0,0.475426,0.48000997,0.48383608
NZF,2026-07-08,0.47974116,0,0.4520786,0.5131405,0.4740042
PKX,2026-07-08,0.47972137,0,0.46947867,0.4865056,0.48317984
AOUT,2026-07-08,0.4797149,0,0.47273347,0.4778415,0.48856965
DSGN,2026-07-08,0.4797038,0,0.46742305,0.47540227,0.49628606
STEP,2026-07-08,0.47966823,0,0.47637737,0.4545391,0.5080882
SIRI,2026-07-08,0.47966576,0,0.46735144,0.50910044,0.46254537
ASND,2026-07-08,0.47962993,0,0.45688382,0.5003181,0.48168787
LARK,2026-07-08,0.47962797,0,0.475426,0.49784604,0.46561182
FMS,2026-07-08,0.47962567,0,0.46753284,0.46912384,0.5022203
SFL,2026-07-08,0.47961408,0,0.46923006,0.47774136,0.49187082
JAZZ,2026-07-08,0.47959808,0,0.46704373,0.49399412,0.47775632
ELE,2026-07-08,0.4795856,0,0.48851532,0.5091784,0.44106296
KBR,2026-07-08,0.4795841,0,0.4833975,0.4361265,0.5192283
PLNT,2026-07-08,0.4795756,0,0.4649642,0.48075283,0.49300975
EEX,2026-07-08,0.47955722,0,0.45813262,0.51334983,0.46718913
PMO,2026-07-08,0.47954828,0,0.46178374,0.48722345,0.48963764
OCCI,2026-07-08,0.47954583,0,0.46923995,0.47710854,0.49228898
TAYD,2026-07-08,0.4795303,0,0.46986946,0.5032635,0.46545795
EHC,2026-07-08,0.47952193,0,0.4619334,0.47680974,0.49982256
DOUG,2026-07-08,0.47951812,0,0.4591213,0.5199743,0.4594587
BGX,2026-07-08,0.47951218,0,0.47040606,0.4888612,0.47926924
CCD,2026-07-08,0.47949237,0,0.47102773,0.4702876,0.4971617
MPTI,2026-07-08,0.47948864,0,0.47084323,0.47630438,0.4913183
CRD-B,2026-07-08,0.47946957,0,0.4796658,0.47663167,0.48211122
MPA,2026-07-08,0.47944722,0,0.461947,0.49045065,0.4859439
LUCK,2026-07-08,0.47943056,0,0.47241297,0.48020637,0.4856722
ECCC,2026-07-08,0.4794096,0,0.46362838,0.48460862,0.48999175
BRT,2026-07-08,0.47938883,0,0.46810403,0.4855674,0.48449504
HLN,2026-07-08,0.47937936,0,0.46248537,0.47907296,0.4965797
MSI,2026-07-08,0.4793782,0,0.47083864,0.4425248,0.52477115
IRDM,2026-07-08,0.47937006,0,0.46277383,0.48351866,0.4918176
PRAX,2026-07-08,0.47936046,0,0.47361782,0.4739287,0.49053478
DOC,2026-07-08,0.47935486,0,0.47536793,0.48705512,0.47564143
NWS,2026-07-08,0.47935143,0,0.46528462,0.4785443,0.49422532
DWTX,2026-07-08,0.47934228,0,0.48469675,0.4832882,0.47004187
MSB,2026-07-08,0.47932512,0,0.46835694,0.4782548,0.49136347
GEO,2026-07-08,0.4793241,0,0.475426,0.47276425,0.489782
RYTM,2026-07-08,0.4793231,0,0.475426,0.46967942,0.49286374
PMEC,2026-07-08,0.4793059,0,0.4751332,0.47679216,0.48599228
NTWO,2026-07-08,0.47930068,0,0.48230198,0.4808205,0.47477955
THO,2026-07-08,0.4792561,0,0.48624977,0.4635472,0.48797122
KRP,2026-07-08,0.4792534,0,0.47016022,0.460086,0.50751394
GNK,2026-07-08,0.47925228,0,0.46701208,0.47424462,0.49650013
EMBC,2026-07-08,0.4792441,0,0.4659885,0.4877166,0.48402727
AXR,2026-07-08,0.47923315,0,0.47979164,0.46519977,0.49270806
MAMO,2026-07-08,0.47919476,0,0.4661924,0.48797655,0.48341525
BAH,2026-07-08,0.47919297,0,0.47749835,0.44543856,0.51464194
FCNCP,2026-07-08,0.4791786,0,0.4614242,0.49524358,0.48086807
NMRA,2026-07-08,0.47917694,0,0.475426,0.4782548,0.48384994
BBN,2026-07-08,0.47916836,0,0.4688034,0.48404732,0.48465425
NEOV,2026-07-08,0.47916716,0,0.475426,0.47682843,0.48524696
CMCO,2026-07-08,0.47912914,0,0.49159127,0.4653458,0.48045027
TSN,2026-07-08,0.47912034,0,0.46129307,0.47776812,0.4982998
PSN,2026-07-08,0.47911465,0,0.44061026,0.48044994,0.51628375
SJ,2026-07-08,0.47910747,0,0.46957016,0.4675696,0.5001826
BEAGU,2026-07-02,0.47908434,0,0.47598714,0.46179634,0.4994695
LBRDA,2026-07-08,0.47907043,0,0.46232668,0.4942227,0.48066187
RAPP,2026-07-08,0.4790542,0,0.4519381,0.4817285,0.50349605
ASIX,2026-07-08,0.47898638,0,0.48421094,0.4553459,0.49740228
SOJD,2026-07-08,0.47897732,0,0.46626556,0.4872054,0.48346105
USFD,2026-07-08,0.47894615,0,0.4631002,0.47589538,0.4978428
EVER,2026-07-08,0.47893563,0,0.475426,0.46171755,0.49966323
INSM,2026-07-08,0.4788856,0,0.4487292,0.4934704,0.49445716
LINC,2026-07-08,0.47885555,0,0.46961254,0.48226234,0.48469183
APD,2026-07-08,0.4788072,0,0.4734182,0.4536566,0.5093468
SUPV,2026-07-08,0.4787792,0,0.47404546,0.479639,0.48265308
KVYO,2026-07-08,0.47871134,0,0.46569982,0.484942,0.48549214
OOMA,2026-07-08,0.47870585,0,0.47315082,0.47973236,0.48323435
PFO,2026-07-08,0.47870165,0,0.45841092,0.51664025,0.4610538
KMPR,2026-07-08,0.47870106,0,0.475426,0.4614598,0.49921742
ACM,2026-07-08,0.47868258,0,0.46326652,0.44668275,0.5260985
RUN,2026-07-08,0.47867662,0,0.47155935,0.48797497,0.4764955
JEF,2026-07-08,0.47865218,0,0.46517938,0.44355735,0.52721983
SIG,2026-07-08,0.47863692,0,0.4523796,0.48615643,0.49737474
SLRC,2026-07-08,0.4786287,0,0.47323343,0.45448372,0.5081689
VC,2026-07-08,0.4786219,0,0.4736603,0.47214043,0.49006492
BLKB,2026-07-08,0.4785962,0,0.4548354,0.49751356,0.4834396
GPJA,2026-07-08,0.4785848,0,0.46917972,0.48823753,0.47833708
WDFC,2026-07-08,0.4785816,0,0.47503313,0.4663862,0.49432534
MUFG,2026-07-08,0.47857744,0,0.4706984,0.4594779,0.505556
QQQX,2026-07-08,0.4785677,0,0.45136318,0.4918729,0.4924669
MAA,2026-07-08,0.47855616,0,0.4676277,0.47967064,0.4883701
BHRB,2026-07-08,0.47853482,0,0.48222905,0.51369727,0.4396781
RYN,2026-07-08,0.47852027,0,0.47373533,0.46731296,0.49451247
BIP,2026-07-08,0.47850877,0,0.47988468,0.4661701,0.48947152
NUS,2026-07-08,0.47850734,0,0.4667156,0.49302462,0.4757817
TITN,2026-07-08,0.47847313,0,0.5034636,0.43762648,0.49432918
BGY,2026-07-08,0.4784712,0,0.4577566,0.50402004,0.47363687
CAMP,2026-07-08,0.4784439,0,0.4654204,0.47341645,0.49649483
MED,2026-07-08,0.47839838,0,0.467945,0.49784303,0.46940708
ERH,2026-07-08,0.47839373,0,0.45720276,0.4925798,0.4853986
INMD,2026-07-08,0.47838563,0,0.47635135,0.47650114,0.48230436
HOPE,2026-07-08,0.4783809,0,0.47325748,0.48171976,0.48016536
DOGZ,2026-07-08,0.47837538,0,0.47281098,0.47645056,0.4858645
SKYH,2026-07-08,0.47835484,0,0.47896028,0.48488867,0.47121558
SUNS,2026-07-08,0.47834355,0,0.47063202,0.49579573,0.4686028
BWMX,2026-07-08,0.47833088,0,0.4696679,0.4841422,0.4811825
CEV,2026-07-08,0.47832584,0,0.45311457,0.5086004,0.4732625
BCE,2026-07-08,0.4783191,0,0.48217556,0.46397302,0.4888087
BRID,2026-07-08,0.4783188,0,0.48428637,0.49781466,0.45285538
BKTI,2026-07-08,0.47830248,0,0.4713074,0.481133,0.48246703
CALC,2026-07-08,0.47828475,0,0.47382832,0.4782548,0.48277107
CLMT,2026-07-08,0.47828472,0,0.475426,0.46880022,0.4906279
ESAB,2026-07-08,0.47826234,0,0.48668322,0.43454376,0.51355994
SCI,2026-07-08,0.47824487,0,0.4737743,0.47048318,0.49047703
SAH,2026-07-08,0.4782347,0,0.47048488,0.47827235,0.48594692
MACIU,2026-06-12,0.47822356,0,0.475426,0.465273,0.49397174
PHI,2026-07-08,0.47821474,0,0.47328627,0.4782548,0.4831031
PRG,2026-07-08,0.47818306,0,0.4814953,0.44404352,0.5090103
PCF,2026-07-08,0.47818244,0,0.4525754,0.5039615,0.4780104
BMN,2026-07-08,0.47816902,0,0.46072105,0.49328563,0.48050037
ZUMZ,2026-07-08,0.4781673,0,0.45999417,0.49211302,0.4823946
SYRE,2026-07-08,0.47815678,0,0.47347257,0.4954284,0.46556935
OXBR,2026-07-08,0.47813338,0,0.46752486,0.4861375,0.48073772
CPK,2026-07-08,0.47812825,0,0.4725248,0.4638067,0.49805334
SNWV,2026-07-08,0.4781244,0,0.4703344,0.474146,0.48989275
DUOL,2026-07-08,0.47811496,0,0.46976656,0.45534816,0.5092302
LSAK,2026-07-08,0.47808135,0,0.48189244,0.47576648,0.47658512
BNH,2026-07-08,0.47806835,0,0.4747979,0.47901613,0.48039097
SMTI,2026-07-08,0.478054,0,0.47623682,0.4782548,0.47967038
FEIM,2026-07-08,0.47804907,0,0.4731457,0.49062383,0.47037765
RRBI,2026-07-08,0.4780336,0,0.46172932,0.5070486,0.46532288
FUNC,2026-07-08,0.47801375,0,0.46338344,0.48006248,0.49059528
RMMZ,2026-07-08,0.47799462,0,0.47481823,0.47431576,0.48484984
SFNC,2026-07-08,0.47798494,0,0.4559275,0.502544,0.47548333
FORR,2026-07-08,0.47797796,0,0.45478085,0.4764138,0.5027392
CTOS,2026-07-08,0.47797793,0,0.47509092,0.47547692,0.4833659
CLBT,2026-07-08,0.47794348,0,0.47355494,0.46450606,0.49576935
SCD,2026-07-08,0.47792888,0,0.46917883,0.46150964,0.50309813
AFCG,2026-07-08,0.4779155,0,0.4743172,0.4697878,0.48964146
PAX,2026-07-08,0.47791484,0,0.4689722,0.48231608,0.48245615
AMAL,2026-07-08,0.4779061,0,0.47116435,0.4668787,0.49567527
ODFL,2026-07-08,0.4778964,0,0.4753986,0.4428661,0.51542443
FBLA,2026-07-08,0.47789064,0,0.46793562,0.5124627,0.45327356
VICR,2026-07-08,0.47788832,0,0.4768856,0.46902964,0.4877497
SDHY,2026-07-08,0.47788277,0,0.4673114,0.48049513,0.48584175
SITE,2026-07-08,0.47786796,0,0.4979277,0.45643112,0.47924498
VLRS,2026-07-08,0.47783524,0,0.45877492,0.4953733,0.47935736
ANAB,2026-07-08,0.47781992,0,0.47347385,0.47848257,0.4815033
DEC,2026-07-08,0.47781253,0,0.47346267,0.49310583,0.46686906
SGA,2026-07-08,0.47775862,0,0.47355708,0.47095007,0.48876864
BMRN,2026-07-08,0.4777541,0,0.4623601,0.472023,0.49887913
CDE,2026-07-08,0.47772288,0,0.47097868,0.4801179,0.482072
DTW,2026-07-08,0.47770268,0,0.46948996,0.48786724,0.4757507
BEPI,2026-07-08,0.47768986,0,0.45928767,0.48607823,0.4877036
MGPI,2026-07-08,0.47768486,0,0.4727309,0.46876034,0.4915633
GSM,2026-07-08,0.47768062,0,0.47449583,0.48426652,0.4742795
RAMP,2026-07-08,0.47764724,0,0.46405992,0.4882921,0.48058966
LXU,2026-07-08,0.47764343,0,0.4575912,0.48372287,0.49161616
SDRL,2026-07-08,0.47764057,0,0.475426,0.47040963,0.48708606
BGC,2026-07-08,0.47763073,0,0.48047185,0.46681908,0.4856012
DELL,2026-07-08,0.47762507,0,0.47854206,0.44592142,0.50841165
MIR,2026-07-08,0.47761536,0,0.48512697,0.44923738,0.49848172
UONE,2026-07-08,0.47759742,0,0.4725461,0.47438797,0.48585808
GAM,2026-07-08,0.47757617,0,0.47317708,0.43735003,0.5222013
VTN,2026-07-08,0.47757536,0,0.44621032,0.50500524,0.4815105
ECCU,2026-07-08,0.477515,0,0.46855915,0.4986612,0.46532473
BPOP,2026-07-08,0.47750658,0,0.475426,0.46546456,0.49162918
SNY,2026-07-08,0.47748712,0,0.47304484,0.46630588,0.4931106
APO,2026-07-08,0.47748217,0,0.4654707,0.43679684,0.5301789
THC,2026-07-08,0.47747847,0,0.45862454,0.46739927,0.5064115
PSFE,2026-07-08,0.47745338,0,0.46309048,0.49406308,0.47520652
ADNT,2026-07-08,0.4774515,0,0.46530026,0.4666021,0.5004521
OXY,2026-07-08,0.47735512,0,0.47064024,0.46972093,0.4917041
BGB,2026-07-08,0.47734326,0,0.4600319,0.49505162,0.4769462
PRT,2026-07-08,0.47733787,0,0.475426,0.4743281,0.48225945
WF,2026-07-08,0.47733432,0,0.4557738,0.4737087,0.5025204
MBINN,2026-07-08,0.47732794,0,0.4741892,0.46981484,0.48797986
ACP,2026-07-08,0.47732568,0,0.46317327,0.4857873,0.48301643
OUT,2026-07-08,0.47731858,0,0.47812852,0.47059733,0.48322985
OSPN,2026-07-08,0.47730947,0,0.46796188,0.48453006,0.4794365
OVBC,2026-07-08,0.4773063,0,0.47966138,0.49539238,0.4568651
CTVA,2026-07-08,0.47729003,0,0.475426,0.45165226,0.5047918
MEI,2026-07-08,0.47726658,0,0.44776693,0.50433445,0.4796983
BSX,2026-07-08,0.47725126,0,0.4988932,0.4038652,0.52899534
NWSA,2026-07-08,0.4772355,0,0.46819925,0.46320006,0.50030714
DDT,2026-07-08,0.47722033,0,0.47370005,0.46347412,0.49448678
CCOI,2026-07-08,0.47721744,0,0.45013994,0.4890038,0.49250853
RAIL,2026-07-08,0.4771642,0,0.47165793,0.474829,0.4850056
AIRT,2026-07-08,0.47714862,0,0.475426,0.4801669,0.4758529
FCFS,2026-07-08,0.47714248,0,0.4685138,0.46656618,0.4963475
IIIV,2026-07-08,0.47709718,0,0.45489106,0.48836783,0.48803267
PTEN,2026-07-08,0.47707987,0,0.47520196,0.46769544,0.48834223
COUR,2026-07-08,0.47707713,0,0.47494876,0.46529484,0.4909877
CAPN,2026-07-02,0.47705925,0,0.4653336,0.48254046,0.48330367
ADMA,2026-07-08,0.4770463,0,0.4679126,0.46427572,0.49895054
CPAC,2026-07-08,0.47703385,0,0.4754519,0.4774621,0.4781875
KTF,2026-07-08,0.47702047,0,0.46034202,0.49583083,0.47488856
RILYP,2026-07-08,0.4770128,0,0.47192296,0.4757266,0.48338884
LNAI,2026-07-08,0.4770069,0,0.47595987,0.4782548,0.4768061
GBDC,2026-07-08,0.47697386,0,0.48505157,0.4536367,0.49223328
ADPT,2026-07-08,0.47696477,0,0.475426,0.4838825,0.4715858
TFII,2026-07-08,0.47693866,0,0.46871725,0.452076,0.51002276
EXE,2026-07-08,0.47692093,0,0.4709907,0.46252078,0.4972512
FBYD,2026-07-08,0.4769032,0,0.47462556,0.4844153,0.4716688
GTLB,2026-07-08,0.47690275,0,0.5017992,0.43746164,0.49144727
TBB,2026-07-08,0.4768858,0,0.46906504,0.47855464,0.48303768
PECO,2026-07-08,0.47687507,0,0.4730431,0.45122924,0.5063528
BCO,2026-07-08,0.47685742,0,0.43436566,0.4823676,0.513839
SBGI,2026-07-08,0.47685605,0,0.45238462,0.50344795,0.4747356
BMEA,2026-07-08,0.47684506,0,0.4730828,0.4782548,0.47919744
COFS,2026-07-08,0.4768262,0,0.475426,0.48060706,0.4744455
BCML,2026-07-08,0.4768173,0,0.4738419,0.4626417,0.49396834
TBBB,2026-07-08,0.47681355,0,0.4750807,0.44531903,0.51004094
VABK,2026-07-08,0.476804,0,0.47099355,0.4737622,0.4856561
TRVI,2026-07-08,0.4767968,0,0.4699574,0.4802893,0.4801437
AURA,2026-07-08,0.47677568,0,0.47242555,0.47776997,0.4801314
ENPH,2026-07-08,0.4767735,0,0.47710797,0.45290384,0.5003087
NRT,2026-07-08,0.4767663,0,0.48317555,0.46263933,0.48448402
HBANM,2026-07-08,0.47676167,0,0.45714673,0.4813472,0.49179095
PHAT,2026-07-08,0.47673655,0,0.47156143,0.48037973,0.4782684
MELI,2026-07-08,0.47671843,0,0.47773173,0.43967313,0.5127504
UNMA,2026-07-08,0.47668293,0,0.46277583,0.4757681,0.49150488
BIPI,2026-07-08,0.47666687,0,0.4741608,0.48066422,0.47517553
VTEX,2026-07-08,0.4766459,0,0.475426,0.48006335,0.47444826
KEQU,2026-07-08,0.47663867,0,0.48121533,0.48874807,0.4599525
RBB,2026-07-08,0.47661752,0,0.46854383,0.48949534,0.47181332
GASS,2026-07-08,0.4766146,0,0.47461128,0.47066984,0.4845627
WEYS,2026-07-08,0.47659972,0,0.47204608,0.47188357,0.48586956
OZKAP,2026-07-08,0.47659856,0,0.46642676,0.4818281,0.48154077
RBRK,2026-07-08,0.47658658,0,0.5052253,0.38160607,0.5429282
UI,2026-07-08,0.47656336,0,0.47003618,0.44671503,0.51293886
GECCH,2026-07-08,0.47654998,0,0.4622499,0.49428847,0.47311154
CWBC,2026-07-08,0.47654963,0,0.46910432,0.48885608,0.47168848
MRAM,2026-07-08,0.47652608,0,0.47526252,0.4752619,0.47905377
ANET,2026-07-08,0.4765213,0,0.52725756,0.37943465,0.52287173
PERI,2026-07-08,0.47650787,0,0.4729114,0.46805358,0.48855856
TNK,2026-07-08,0.4764692,0,0.4640989,0.47886872,0.48643994
OBK,2026-07-08,0.47642827,0,0.46218848,0.49046928,0.47662696
HDSN,2026-07-08,0.47637305,0,0.45740488,0.48873132,0.48298293
GPI,2026-07-08,0.47635588,0,0.45442218,0.4685989,0.50604653
HLIT,2026-07-08,0.47633123,0,0.4631141,0.47575504,0.4901245
EML,2026-07-08,0.47633082,0,0.46165463,0.4828528,0.484485
PDS,2026-07-08,0.476323,0,0.49147278,0.44380197,0.49369422
CART,2026-07-08,0.47626197,0,0.4510434,0.49046263,0.48727983
TCBIO,2026-07-08,0.47624445,0,0.4738963,0.47782022,0.47701672
TRIP,2026-07-08,0.47622406,0,0.475426,0.46337473,0.48987135
PANL,2026-07-08,0.47619337,0,0.46801597,0.44910964,0.51145446
CMS,2026-07-08,0.4761473,0,0.48839363,0.4156748,0.5243734
VRCA,2026-07-08,0.476142,0,0.4726755,0.473092,0.48265854
NNE,2026-07-08,0.47613984,0,0.4691017,0.460604,0.4987137
SGMT,2026-07-08,0.47613734,0,0.477274,0.4741253,0.47701263
KOD,2026-07-08,0.47612923,0,0.43612123,0.5182688,0.47399768
DAC,2026-07-08,0.4761266,0,0.47182718,0.47028074,0.48627183
TPGXL,2026-07-08,0.47611007,0,0.475426,0.48448178,0.4684224
TRMB,2026-07-08,0.47610033,0,0.47220838,0.46187153,0.49422094
PRGO,2026-07-08,0.47609764,0,0.47815076,0.47373247,0.47640967
FULC,2026-07-08,0.47609326,0,0.469534,0.47252023,0.48622555
EVF,2026-07-08,0.47609317,0,0.4665425,0.49926484,0.4624721
ZYME,2026-07-08,0.47607875,0,0.4748825,0.47017467,0.483179
PLUR,2026-07-08,0.4760726,0,0.46912134,0.5187561,0.4403404
MNTK,2026-07-08,0.47606367,0,0.475426,0.46358225,0.48918265
VVV,2026-07-08,0.47602582,0,0.48217845,0.44664207,0.49925688
MIST,2026-07-08,0.4760228,0,0.4594407,0.5010718,0.46755588
JQC,2026-07-08,0.47601515,0,0.45282215,0.5009377,0.4742855
FISV,2026-07-08,0.4760061,0,0.47614834,0.4299329,0.5219371
KIO,2026-07-08,0.47599086,0,0.47890198,0.45215845,0.49691212
BHFAP,2026-07-08,0.47595024,0,0.4544322,0.48740077,0.48601764
MTEN,2026-07-08,0.47593018,0,0.4466237,0.45609456,0.52507216
FRD,2026-07-08,0.475928,0,0.47537684,0.46742472,0.48498246
CMCL,2026-07-08,0.4758842,0,0.475426,0.46472758,0.487499
DPZ,2026-07-08,0.47588193,0,0.46427357,0.46651417,0.49685797
PCYO,2026-07-08,0.47587964,0,0.4479473,0.49475145,0.48494008
KAPA,2026-07-08,0.47587705,0,0.46686298,0.47150517,0.489263
LNKS,2026-07-08,0.47587588,0,0.47201675,0.47151795,0.48409292
VMI,2026-07-08,0.47586226,0,0.49090314,0.43605232,0.5006312
NL,2026-07-08,0.4758523,0,0.46824315,0.46455804,0.49475572
NFJ,2026-07-08,0.47582617,0,0.46140683,0.46938738,0.49668428
NGL,2026-07-08,0.47582477,0,0.47443336,0.47059596,0.48244494
ESPR,2026-07-08,0.47581732,0,0.47346827,0.47098145,0.48300213
IMMP,2026-07-08,0.47581446,0,0.46761808,0.47981393,0.48001134
XFLT,2026-07-08,0.47579437,0,0.46262476,0.4778088,0.48694944
COYA,2026-07-08,0.47577587,0,0.4789699,0.4782548,0.4701028
DLY,2026-07-08,0.47577444,0,0.4462544,0.50596386,0.47510502
ESRT,2026-07-08,0.4757504,0,0.44233766,0.5153497,0.46956375
WMG,2026-07-08,0.47573298,0,0.46040094,0.47152463,0.4952733
ALTG,2026-07-08,0.47572452,0,0.46673462,0.47299686,0.48744202
BSBR,2026-07-08,0.4757227,0,0.45897162,0.48306265,0.4851337
NMI,2026-07-08,0.47572193,0,0.45885724,0.49980992,0.46849856
NRDS,2026-07-08,0.4756955,0,0.475426,0.45245716,0.4992033
EGAN,2026-07-08,0.475695,0,0.44602102,0.49813876,0.4829252
AMLX,2026-07-08,0.4756697,0,0.47415328,0.4530978,0.499758
CALY,2026-07-08,0.47565246,0,0.45574462,0.49296847,0.47824425
FFC,2026-07-08,0.47563577,0,0.46621695,0.46783927,0.49285108
VKTX,2026-07-08,0.4755729,0,0.46534348,0.48204684,0.47932833
ATNI,2026-07-08,0.47555244,0,0.4726534,0.46497935,0.48902455
CBRL,2026-07-08,0.47553715,0,0.46245804,0.48029315,0.4838602
HTO,2026-07-08,0.47553653,0,0.4846907,0.4564001,0.48551872
EIIA,2026-07-08,0.47552586,0,0.4729383,0.4657235,0.48791566
EVV,2026-07-08,0.47552043,0,0.4624142,0.47627372,0.48787332
RPC,2026-07-08,0.4755029,0,0.475426,0.45951924,0.49156344
TARA,2026-07-08,0.47549573,0,0.45325863,0.5304145,0.442814
MGTX,2026-07-08,0.47548154,0,0.44470042,0.5183862,0.46335793
EQIX,2026-07-08,0.4754807,0,0.47127944,0.45107815,0.5040844
TZOO,2026-07-08,0.47547734,0,0.47462943,0.47611272,0.47568974
JKS,2026-07-08,0.475471,0,0.47151878,0.4655372,0.48935696
CIG,2026-07-08,0.47546583,0,0.49145177,0.4515066,0.4834391
DMO,2026-07-08,0.47546136,0,0.46629646,0.47893322,0.48115432
PZZA,2026-07-08,0.4754457,0,0.47219813,0.48861676,0.4655221
MNRO,2026-07-08,0.47544253,0,0.4632257,0.47850117,0.48460066
ARCT,2026-07-08,0.4754384,0,0.46630287,0.47513697,0.48487532
LAND,2026-07-08,0.47542283,0,0.45335928,0.48519287,0.48771635
SFHG,2026-07-08,0.47541416,0,0.44919562,0.48271814,0.4943287
CSTM,2026-07-08,0.47536087,0,0.4741535,0.4589877,0.49294138
PLOW,2026-07-08,0.47536048,0,0.475426,0.45822522,0.49243024
SYY,2026-07-08,0.475346,0,0.46886304,0.45835805,0.4988169
CRDF,2026-07-08,0.4753254,0,0.45612597,0.5126833,0.4571669
SGU,2026-07-08,0.47531015,0,0.46619073,0.485287,0.47445273
QFIN,2026-07-08,0.47529614,0,0.4722225,0.46703032,0.4866355
DMB,2026-07-08,0.4752892,0,0.45905,0.5021777,0.46463987
SNTI,2026-07-08,0.47527793,0,0.47340596,0.50735587,0.44507188
WRD,2026-07-08,0.47527605,0,0.45422813,0.47270554,0.4988944
RLI,2026-07-08,0.475261,0,0.47665596,0.4377565,0.5113705
DGII,2026-07-08,0.4752537,0,0.47978276,0.4403272,0.5056511
KT,2026-07-08,0.47523934,0,0.477127,0.45804757,0.4905435
VNO,2026-07-08,0.47523728,0,0.4684872,0.47355065,0.4836739
GGB,2026-07-08,0.47522473,0,0.4475494,0.50141853,0.47670627
NOMD,2026-07-08,0.47521013,0,0.46628022,0.46593884,0.4934113
EQNR,2026-07-08,0.47519195,0,0.46600312,0.4678592,0.49171346
EAD,2026-07-08,0.47514695,0,0.47517046,0.49256104,0.4577093
DBL,2026-07-08,0.47514364,0,0.45251372,0.5021971,0.47072005
AIZN,2026-07-08,0.47512686,0,0.45780018,0.47989258,0.48768783
COMP,2026-07-08,0.47512323,0,0.45842293,0.50890476,0.45804188
SMHI,2026-07-08,0.4750983,0,0.47135478,0.47390786,0.48003227
MTZ,2026-07-08,0.47506946,0,0.5077553,0.410523,0.5069301
KTN,2026-07-08,0.47506565,0,0.45819837,0.51478326,0.4522152
MQY,2026-07-08,0.47506416,0,0.44951716,0.51239836,0.4632768
EONR,2026-07-08,0.4750616,0,0.44244978,0.5778138,0.40492117
JLS,2026-07-08,0.47506142,0,0.47207934,0.47813708,0.4749678
SQM,2026-07-08,0.47505647,0,0.4601756,0.4702725,0.49472123
CCB,2026-07-08,0.47505313,0,0.4672813,0.4711491,0.48672906
FET,2026-07-08,0.47504604,0,0.46722957,0.47231483,0.4855937
PHR,2026-07-08,0.47504234,0,0.4765544,0.4614738,0.48709884
ASX,2026-07-08,0.47503984,0,0.4711113,0.46289074,0.49111745
TALO,2026-07-08,0.47500747,0,0.47695467,0.4477724,0.5002952
AP,2026-07-08,0.4749923,0,0.45843586,0.49938962,0.4671514
SNDA,2026-07-08,0.474989,0,0.4637896,0.47874597,0.48243135
TBRG,2026-07-08,0.47498858,0,0.46375376,0.46082836,0.5003836
BSVN,2026-07-08,0.4749778,0,0.4721996,0.4846296,0.46810415
PVL,2026-07-08,0.4749698,0,0.46883747,0.4658134,0.49025849
HMY,2026-07-08,0.4749695,0,0.42151555,0.52512854,0.47826427
NTNX,2026-07-08,0.47496235,0,0.47808373,0.44201395,0.5047894
YUMC,2026-07-08,0.47494215,0,0.47327948,0.46788803,0.48365897
FSCO,2026-07-08,0.47494185,0,0.4814152,0.4490101,0.49440026
JSM,2026-07-08,0.47493738,0,0.46263418,0.50536984,0.4568081
VFC,2026-07-08,0.4749045,0,0.45335913,0.47938102,0.49197334
ATHM,2026-07-08,0.47490242,0,0.47081867,0.46968752,0.48420104
FCT,2026-07-08,0.47485924,0,0.46793458,0.4782448,0.47839823
SKYQ,2026-07-08,0.4748583,0,0.44958064,0.47095728,0.504037
TUSK,2026-07-08,0.47484887,0,0.47486618,0.47858143,0.47109893
CODA,2026-07-08,0.47478855,0,0.47845337,0.45034587,0.49556634
CINT,2026-07-08,0.47475612,0,0.4756204,0.4563969,0.492251
KMT,2026-07-08,0.4747433,0,0.4638106,0.46067333,0.49974597
SOBO,2026-07-08,0.4746946,0,0.45792484,0.48363563,0.48252332
FMN,2026-07-08,0.47468096,0,0.4514544,0.5131881,0.4594003
JOF,2026-07-08,0.47464615,0,0.46092844,0.48940957,0.4736004
MGA,2026-07-08,0.474644,0,0.48341358,0.4358524,0.504666
MTA,2026-07-08,0.47462898,0,0.48074973,0.48370358,0.45943362
GRABW,2026-07-08,0.47457683,0,0.46700722,0.51529926,0.441424
WU,2026-07-08,0.47456694,0,0.4713149,0.45380986,0.49857593
JUNS,2026-07-08,0.47456372,0,0.475426,0.44781765,0.50044745
ZBAO,2026-07-08,0.47454497,0,0.475426,0.4764335,0.47177544
SONO,2026-07-08,0.4745405,0,0.4535389,0.47334123,0.49674132
SNFCA,2026-07-08,0.4744877,0,0.47012532,0.4646367,0.488701
NUVL,2026-07-08,0.47446603,0,0.47709605,0.45198673,0.49431527
LE,2026-07-08,0.47444195,0,0.4405616,0.5112348,0.47152933
CM,2026-07-08,0.47444046,0,0.4706891,0.44673255,0.50589967
AXG,2026-07-08,0.4744395,0,0.46558273,0.48198226,0.47575343
NHS,2026-07-08,0.47441804,0,0.460395,0.4822211,0.48063803
IPAR,2026-07-08,0.47441548,0,0.47173953,0.43719876,0.51430815
WAFU,2026-07-08,0.47440287,0,0.48096,0.48716155,0.455087
AIO,2026-07-08,0.47438073,0,0.46772632,0.4384556,0.5169602
QTRX,2026-07-08,0.47437018,0,0.47531304,0.46847934,0.47931802
ARDC,2026-07-08,0.47435427,0,0.45736822,0.4753974,0.49029717
SMMT,2026-07-08,0.47435197,0,0.4604786,0.4849042,0.47767308
NLOP,2026-07-08,0.47435132,0,0.4675158,0.47925514,0.47628295
POR,2026-07-08,0.4743511,0,0.46085966,0.46986106,0.49233255
VINP,2026-07-08,0.4743299,0,0.45937744,0.49184355,0.47176865
MBI,2026-07-08,0.4743268,0,0.44990364,0.48806164,0.48501512
EQR,2026-07-08,0.474197,0,0.48168862,0.43323624,0.50766605
SPMC,2026-07-08,0.47415847,0,0.455507,0.48523265,0.4817356
ELS,2026-07-08,0.47414744,0,0.4756,0.44742626,0.49941602
HFFG,2026-07-08,0.47414553,0,0.4664937,0.47781634,0.47812644
JRSH,2026-07-08,0.47414184,0,0.46666834,0.4712071,0.48455
DINO,2026-07-08,0.47413647,0,0.47399694,0.4460179,0.5023945
CCS,2026-07-08,0.47408277,0,0.48571983,0.44275448,0.49377388
CLPR,2026-07-08,0.4740693,0,0.4311385,0.5316768,0.45939246
BTT,2026-07-08,0.47405586,0,0.46831504,0.48571023,0.4681423
MGRE,2026-07-08,0.47404593,0,0.47057188,0.44940898,0.5021569
INGM,2026-07-08,0.47404456,0,0.46774462,0.46956164,0.4848274
GWRS,2026-07-08,0.47403252,0,0.46796137,0.4806607,0.47347546
FWRD,2026-07-08,0.47402993,0,0.47270662,0.46569496,0.48368818
CVS,2026-07-08,0.474019,0,0.47322726,0.4448102,0.5040194
PROK,2026-07-08,0.47394067,0,0.475426,0.47250265,0.47389328
NOA,2026-07-08,0.47389415,0,0.48246193,0.43448824,0.50473225
VTRS,2026-07-08,0.4738697,0,0.47380266,0.48070687,0.4670996
LOAN,2026-07-08,0.47386742,0,0.46364278,0.4782548,0.47970462
HPAI,2026-07-08,0.47384828,0,0.47017613,0.4529882,0.49838057
ACET,2026-07-08,0.47384506,0,0.4667154,0.4782548,0.4765649
USNA,2026-07-08,0.47383907,0,0.4696189,0.46126795,0.49063027
RFIL,2026-07-08,0.473839,0,0.4734374,0.4768299,0.47124973
UMH,2026-07-08,0.4738001,0,0.4782769,0.45413652,0.48898682
MSGS,2026-07-08,0.47379792,0,0.47311553,0.45910743,0.48917073
TNET,2026-07-08,0.4737716,0,0.47208357,0.4527581,0.49647304
USCB,2026-07-08,0.47374305,0,0.46315786,0.48304796,0.47502333
BYRN,2026-07-08,0.47374138,0,0.46895632,0.46094444,0.49132338
REGN,2026-07-08,0.47370765,0,0.4808776,0.4324458,0.50779945
JBTM,2026-07-08,0.47368327,0,0.46077228,0.46041477,0.4998627
HCM,2026-07-08,0.4736579,0,0.4742626,0.46671364,0.47999734
HAPN,2026-07-08,0.47363698,0,0.44953614,0.4900631,0.48131168
LZB,2026-07-08,0.47361678,0,0.5075284,0.4104126,0.5029093
CCO,2026-07-08,0.47360292,0,0.44451264,0.55422753,0.42206854
VNET,2026-07-08,0.4735663,0,0.4290955,0.5206803,0.470923
ZENA,2026-07-08,0.4735622,0,0.46571785,0.53544414,0.41952455
TCBX,2026-07-08,0.47355205,0,0.45992252,0.4807534,0.47998023
EURK,2026-07-08,0.47354916,0,0.47178116,0.44685096,0.50201535
LVO,2026-07-08,0.47354758,0,0.48044586,0.4782548,0.46194205
RILYN,2026-07-08,0.47352964,0,0.4551768,0.4867564,0.4786556
MOMO,2026-07-08,0.47352073,0,0.4697303,0.45900354,0.49182832
BHR,2026-07-08,0.47344196,0,0.47106105,0.47636843,0.47289634
DHT,2026-07-08,0.47343892,0,0.4714798,0.458918,0.48991892
FLUX,2026-07-08,0.47342142,0,0.475426,0.4782548,0.4665834
OXLCZ,2026-07-08,0.47342008,0,0.4628933,0.4827492,0.47461772
UZE,2026-07-08,0.4734193,0,0.46616352,0.4783763,0.47571802
YYGH,2026-07-08,0.47340393,0,0.4585513,0.47195855,0.489702
DC,2026-07-08,0.4733758,0,0.4704012,0.4782548,0.47147137
NKSH,2026-07-08,0.4733557,0,0.47274038,0.4725677,0.47475907
CLVT,2026-07-08,0.47333845,0,0.46639004,0.4844818,0.46914348
COGT,2026-07-08,0.4733349,0,0.46963853,0.4637794,0.48658678
RIG,2026-07-08,0.473326,0,0.455859,0.5007489,0.4633701
TEL,2026-07-08,0.4733126,0,0.4484001,0.47031966,0.50121796
UHS,2026-07-08,0.4733126,0,0.47080302,0.4423664,0.5067682
BHFAL,2026-07-08,0.4733085,0,0.45035928,0.47906697,0.49049917
NEM,2026-07-08,0.47327074,0,0.45840374,0.4810539,0.48035455
SIBN,2026-07-08,0.4732641,0,0.4646482,0.46302718,0.49211684
RIOT,2026-07-08,0.4732487,0,0.47286776,0.46997756,0.47690076
CIB,2026-07-08,0.47318256,0,0.45868093,0.47882074,0.48204595
CWH,2026-07-08,0.47316688,0,0.47739613,0.4578829,0.48422146
BCRX,2026-07-08,0.4731662,0,0.45833868,0.4754924,0.48566747
IPM,2026-07-08,0.47316134,0,0.47895294,0.46918827,0.47134277
SBLK,2026-07-08,0.4731527,0,0.46169132,0.47630513,0.4814616
BPYPP,2026-07-08,0.4731373,0,0.46257302,0.483486,0.47335276
HROW,2026-07-08,0.47313726,0,0.44728127,0.49063635,0.48149407
RSVR,2026-07-08,0.47311425,0,0.47315934,0.46419787,0.48198542
GELS,2026-07-08,0.47310823,0,0.47541714,0.4664402,0.47746736
SNYR,2026-07-08,0.4731031,0,0.47019142,0.4672367,0.4818812
SIEB,2026-07-08,0.47309655,0,0.47486377,0.4691652,0.4752606
GDO,2026-07-08,0.47305757,0,0.4623517,0.47653252,0.48028854
NJR,2026-07-08,0.47304028,0,0.47080535,0.44558522,0.50273013
ITRG,2026-07-08,0.47303882,0,0.4643664,0.48608816,0.46866193
CMTL,2026-07-08,0.4729873,0,0.46981648,0.4770542,0.47209108
MEC,2026-07-08,0.472963,0,0.48396656,0.447799,0.4871234
NMCO,2026-07-08,0.4729532,0,0.46139172,0.4921621,0.46530572
BHV,2026-07-08,0.4729274,0,0.46025905,0.49931726,0.4592058
LUNG,2026-07-08,0.47290915,0,0.46643692,0.4735551,0.47873536
LESL,2026-07-08,0.47289932,0,0.47381866,0.4695226,0.47535664
PYPL,2026-07-08,0.4728825,0,0.47102284,0.44781125,0.49981332
RILYZ,2026-07-08,0.4728663,0,0.475426,0.46749407,0.47567874
TIGO,2026-07-08,0.47284824,0,0.4649883,0.45321283,0.5003435
CLIK,2026-07-08,0.47283483,0,0.4543764,0.47813386,0.48599422
KNOP,2026-07-08,0.47282448,0,0.4580074,0.4766563,0.4838098
DDL,2026-07-08,0.47280878,0,0.473284,0.48003072,0.46511152
GLUE,2026-07-08,0.47274983,0,0.4488968,0.4862516,0.48310104
GF,2026-07-08,0.47274506,0,0.46898362,0.4705235,0.47872794
HMN,2026-07-08,0.472713,0,0.47532004,0.44069874,0.5021202
ANGO,2026-07-08,0.47270447,0,0.47249115,0.4705367,0.47508553
IMTX,2026-07-08,0.47267836,0,0.46408817,0.48064628,0.47330067
VRXA,2026-07-08,0.47266433,0,0.4577099,0.45338887,0.5068941
MYN,2026-07-08,0.4726643,0,0.44152614,0.51318055,0.4632862
REZI,2026-07-08,0.47265977,0,0.464925,0.4560256,0.4970287
CSR,2026-07-08,0.4726417,0,0.46245164,0.47573605,0.47973743
MSEX,2026-07-08,0.4726352,0,0.47086945,0.46003854,0.4869976
XYF,2026-07-08,0.47263333,0,0.46294817,0.4852591,0.46969268
RMR,2026-07-08,0.47260633,0,0.4522546,0.49418777,0.47137657
PFS,2026-07-08,0.4725884,0,0.441251,0.5008369,0.47567722
OI,2026-07-08,0.472574,0,0.47481233,0.45787406,0.48503554
GANX,2026-07-08,0.47255865,0,0.46906745,0.4738729,0.47473553
ACOG,2026-07-08,0.47253403,0,0.43780828,0.48896277,0.490831
C,2026-07-08,0.47252962,0,0.46647692,0.4496496,0.5014623
TDTH,2026-07-08,0.4725117,0,0.475426,0.44745514,0.4946539
BEAT,2026-07-08,0.47250164,0,0.49629945,0.46996972,0.45123574
COKE,2026-07-08,0.4724998,0,0.48481795,0.43372196,0.49895945
TEAD,2026-07-08,0.47249323,0,0.4534366,0.4873335,0.4767095
RGS,2026-07-08,0.47248238,0,0.4217967,0.564816,0.4308344
STRA,2026-07-08,0.47244242,0,0.4752904,0.43445614,0.5075807
GPGI,2026-07-08,0.47243935,0,0.47838658,0.46421477,0.47471666
SPNT,2026-07-08,0.47241127,0,0.4819087,0.42077574,0.5145494
HCI,2026-07-08,0.47238576,0,0.46330398,0.4710895,0.4827638
DCOM,2026-07-08,0.47238132,0,0.4789872,0.46208256,0.4760742
CAR,2026-07-08,0.47233292,0,0.46430892,0.46957037,0.4831194
FMC,2026-07-08,0.4723184,0,0.46297556,0.4637564,0.49022326
WYHG,2026-07-08,0.47229558,0,0.46295497,0.47403458,0.47989714
LTRN,2026-07-08,0.47228205,0,0.47600088,0.47606242,0.46478277
RWAY,2026-07-08,0.47228113,0,0.45330665,0.47103718,0.4924995
DAKT,2026-07-08,0.47228038,0,0.47909635,0.4432628,0.49448198
DNUT,2026-07-08,0.47226954,0,0.4657378,0.46130013,0.48977068
BEN,2026-07-08,0.47224593,0,0.44139817,0.4908903,0.48444927
USB,2026-07-08,0.472245,0,0.46276063,0.47097138,0.48300296
EVG,2026-07-08,0.4721893,0,0.46041852,0.47919515,0.47695422
ICMB,2026-07-08,0.47218633,0,0.47323087,0.48360017,0.45972794
PLAY,2026-07-08,0.47218582,0,0.4666512,0.4558691,0.49403706
MC,2026-07-08,0.47218114,0,0.4584132,0.46092865,0.49720153
CCIF,2026-07-08,0.4721681,0,0.47011104,0.46271345,0.48367965
BCIC,2026-07-08,0.47215882,0,0.45983237,0.4782625,0.47838154
POLE,2026-07-08,0.47215664,0,0.46937984,0.43740872,0.50968134
FRSH,2026-07-08,0.47214007,0,0.4832227,0.42766827,0.50552917
LICN,2026-07-08,0.4721188,0,0.46926907,0.46067086,0.4864164
FLO,2026-07-08,0.47211853,0,0.47505474,0.44735777,0.49394298
HZO,2026-07-08,0.47210306,0,0.46527952,0.464032,0.4869976
HSTM,2026-07-08,0.47208205,0,0.467299,0.44437656,0.50457054
AFBI,2026-07-08,0.47206455,0,0.47524962,0.48086274,0.46008125
ARQQ,2026-07-08,0.47203684,0,0.47266996,0.4782548,0.4651857
AYI,2026-07-08,0.47203597,0,0.50181514,0.39127848,0.5230142
MDCX,2026-07-08,0.47202906,0,0.46914682,0.47096002,0.47598022
LAD,2026-07-08,0.47201645,0,0.46971625,0.44466275,0.5016703
OPRX,2026-07-08,0.47199562,0,0.4748292,0.47461858,0.46653903
VMC,2026-07-08,0.47197288,0,0.48267657,0.4194726,0.51376945
FCUV,2026-07-08,0.4719635,0,0.4617154,0.4782548,0.47592023
WNEB,2026-07-08,0.47195667,0,0.45490015,0.48200735,0.47896245
BLW,2026-07-08,0.47192416,0,0.4731903,0.46092823,0.48165393
ATLO,2026-07-08,0.4719084,0,0.46198422,0.4924316,0.46130934
TDOC,2026-07-08,0.4718731,0,0.46350878,0.4756754,0.4764351
JHS,2026-07-08,0.47185725,0,0.44806862,0.5057544,0.46174875
OGN,2026-07-08,0.47182572,0,0.44527695,0.49096578,0.47923434
HTHT,2026-07-08,0.47182462,0,0.45604697,0.47771093,0.4817159
MCHP,2026-07-08,0.4718055,0,0.47928888,0.43786016,0.49826753
HYPR,2026-07-08,0.471793,0,0.48803437,0.47506797,0.4522766
BTMD,2026-07-08,0.47177762,0,0.47831544,0.47362387,0.46339348
SURG,2026-07-08,0.47176695,0,0.46741015,0.4682622,0.47962847
USIO,2026-07-08,0.4717375,0,0.48119837,0.47223103,0.46178302
WAVE,2026-07-08,0.47171438,0,0.46661055,0.47256282,0.47596964
GBAB,2026-07-08,0.47170943,0,0.4698054,0.46825904,0.47706375
DLO,2026-07-08,0.47167715,0,0.4474745,0.47914845,0.48840842
DXYZ,2026-07-08,0.47166237,0,0.48118937,0.46490273,0.468895
UEIC,2026-07-08,0.47165054,0,0.47071737,0.47379822,0.47043607
BHK,2026-07-08,0.47163892,0,0.4390437,0.5043745,0.47149855
YSXT,2026-07-08,0.47161767,0,0.47422007,0.47123337,0.46939954
EME,2026-07-08,0.4716078,0,0.51991993,0.360222,0.5346815
SVCO,2026-07-08,0.47154343,0,0.4509722,0.4782548,0.4854033
PTC,2026-07-08,0.47152442,0,0.4634311,0.44772348,0.5034186
IEP,2026-07-08,0.47152334,0,0.46619487,0.46854508,0.47983006
USEA,2026-07-08,0.47151157,0,0.4753269,0.47565776,0.46354997
GENK,2026-07-08,0.4715054,0,0.45172912,0.4684038,0.4943832
XOM,2026-07-08,0.47150162,0,0.47360232,0.42356122,0.5173413
RDW,2026-07-08,0.4714984,0,0.49545512,0.43052968,0.48851037
BKD,2026-07-08,0.4714682,0,0.45034394,0.4941065,0.46995413
CPNG,2026-07-08,0.47146612,0,0.4603018,0.44656426,0.5075322
SJT,2026-07-08,0.47143614,0,0.47448322,0.4601394,0.47968575
BB,2026-07-08,0.4714181,0,0.44753775,0.48533794,0.48137864
MMD,2026-07-08,0.47141534,0,0.46589127,0.47201812,0.4763365
CRD-A,2026-07-08,0.47139704,0,0.47830266,0.45972845,0.47615996
AMZE,2026-07-08,0.47136748,0,0.475426,0.47266656,0.46600986
NPV,2026-07-08,0.4713652,0,0.46052548,0.4709306,0.48263958
PAYS,2026-07-08,0.47135758,0,0.456358,0.48147112,0.4762435
BBIO,2026-07-08,0.47135603,0,0.46327952,0.46799457,0.48279393
DMA,2026-07-08,0.47133642,0,0.45983216,0.47600853,0.47816846
NEXN,2026-07-08,0.47133088,0,0.4667447,0.47001058,0.47723734
ESE,2026-07-08,0.47132832,0,0.48493314,0.40785438,0.5211973
CMRE,2026-07-08,0.47129995,0,0.47692645,0.448788,0.48818535
PGR,2026-07-08,0.4712993,0,0.48826605,0.40618873,0.51944304
OHI,2026-07-08,0.47123206,0,0.47896641,0.41435644,0.5203732
TSQ,2026-07-08,0.47119337,0,0.44600555,0.50592554,0.46164894
NMS,2026-07-08,0.4711777,0,0.47171417,0.45930344,0.48251542
AVR,2026-07-08,0.47117025,0,0.46783558,0.4649017,0.48077345
BWNB,2026-07-08,0.4711697,0,0.47979313,0.45877835,0.47493765
ACNT,2026-07-08,0.47116372,0,0.4752818,0.46828184,0.4699275
WAFDP,2026-07-08,0.47115517,0,0.45269877,0.48425674,0.47651002
HBT,2026-07-08,0.47114265,0,0.48856875,0.43584657,0.4890126
SRI,2026-07-08,0.471105,0,0.475426,0.43137544,0.50651354
VBNK,2026-07-08,0.4711017,0,0.47934222,0.47290382,0.461059
WFG,2026-07-08,0.47109756,0,0.4692204,0.45954257,0.48452967
MHH,2026-07-08,0.4710918,0,0.4553463,0.4747482,0.4831809
ALOT,2026-07-08,0.47108352,0,0.475426,0.45795333,0.47987112
AFGE,2026-07-08,0.47104925,0,0.45927078,0.48826373,0.46561322
KMX,2026-07-08,0.47103795,0,0.49452478,0.41897133,0.49961776
TACT,2026-07-08,0.47101074,0,0.46882108,0.4705387,0.4736724
PFG,2026-07-08,0.47100502,0,0.46408057,0.44506055,0.5038739
PEP,2026-07-08,0.47099474,0,0.47562814,0.42698628,0.5103697
AMZN,2026-07-08,0.47096422,0,0.4742389,0.4354406,0.50321305
CRI,2026-07-08,0.47083044,0,0.4680828,0.4487511,0.49565735
CSAN,2026-07-08,0.4707952,0,0.45031682,0.4873574,0.4747114
TKC,2026-07-08,0.47077814,0,0.4650648,0.46246263,0.48480695
CDZI,2026-07-08,0.4707597,0,0.4728397,0.46970978,0.46972957
ECHO,2026-07-08,0.47074333,0,0.47201446,0.44414166,0.4960738
IIIN,2026-07-08,0.470683,0,0.48498103,0.41655028,0.5105177
NUW,2026-07-08,0.4706805,0,0.44901592,0.48853284,0.47449267
NAC,2026-07-08,0.47067305,0,0.439661,0.5034574,0.46890074
OMH,2026-07-08,0.470672,0,0.47660953,0.47973096,0.45567542
AFRI,2026-07-08,0.47065866,0,0.4845824,0.46279758,0.4645959
TSI,2026-07-08,0.4706455,0,0.46402228,0.4905248,0.4573894
PCT,2026-07-08,0.47063634,0,0.46746692,0.47734246,0.46709964
RNGR,2026-07-08,0.4706359,0,0.4681539,0.44408536,0.49966833
PRVA,2026-07-08,0.47062004,0,0.47472683,0.4514396,0.48569363
UONEK,2026-07-08,0.47061038,0,0.46312177,0.49178275,0.4569266
LCID,2026-07-08,0.47058263,0,0.4730587,0.47326058,0.46542862
NOK,2026-07-08,0.47058243,0,0.47750777,0.4476346,0.48660496
PLRX,2026-07-08,0.47055358,0,0.45060498,0.48028412,0.48077166
AFYA,2026-07-08,0.47050545,0,0.47151327,0.45731837,0.48268467
SEB,2026-07-08,0.47049558,0,0.46479455,0.45136666,0.49532545
KINS,2026-07-08,0.4704527,0,0.47405243,0.4652629,0.47204277
RGNX,2026-07-08,0.47043812,0,0.475426,0.4475121,0.48837623
DCGO,2026-07-08,0.47043294,0,0.47105005,0.47734657,0.4629021
EPAM,2026-07-08,0.4704253,0,0.4733488,0.44162366,0.49630344
ABCL,2026-07-08,0.4703858,0,0.473838,0.46740755,0.4699117
GHC,2026-07-08,0.470361,0,0.46459976,0.44824815,0.498235
MCRB,2026-07-08,0.4703358,0,0.47098535,0.47447532,0.46554673
ARW,2026-07-08,0.47033122,0,0.47101757,0.44291252,0.49706346
SAM,2026-07-08,0.47029024,0,0.47724402,0.43645403,0.49717268
ARIS,2026-07-08,0.47026765,0,0.4696391,0.4627328,0.478431
OZ,2026-07-08,0.47022477,0,0.475426,0.47396603,0.46128225
NKE,2026-07-08,0.4702146,0,0.45596078,0.46536222,0.48932078
HUYA,2026-07-08,0.47018966,0,0.44162798,0.5017094,0.4672316
STGW,2026-07-08,0.47014886,0,0.475426,0.45189494,0.48312557
CCEL,2026-07-08,0.47012183,0,0.47468272,0.48686206,0.4488207
AVD,2026-07-08,0.47011694,0,0.47254118,0.45579323,0.48201635
COTY,2026-07-08,0.47011065,0,0.47172758,0.4488136,0.4897908
ANTX,2026-07-08,0.47010994,0,0.47041297,0.47191828,0.46799853
RTX,2026-07-08,0.47008643,0,0.4631987,0.44913512,0.49792534
MKTX,2026-07-08,0.47006032,0,0.46858397,0.47306958,0.46852735
IXHL,2026-07-08,0.4700558,0,0.4743243,0.4782548,0.45758823
ALLT,2026-07-08,0.47003084,0,0.46382356,0.4864269,0.45984197
RIV,2026-07-08,0.4700307,0,0.475426,0.4501582,0.4845079
LFUS,2026-07-08,0.47001094,0,0.47219062,0.4397892,0.49805298
NIO,2026-07-08,0.4700061,0,0.45788914,0.47345963,0.47866952
AEO,2026-07-08,0.47000104,0,0.47132477,0.42804414,0.5106341
WEST,2026-07-08,0.4699498,0,0.475426,0.46217972,0.47224367
PSNY,2026-07-08,0.46994156,0,0.46773925,0.47840375,0.46368167
SLF,2026-07-08,0.46993104,0,0.44920564,0.45878386,0.5018036
EVEX,2026-07-08,0.4699303,0,0.4860988,0.45056134,0.4731308
DFP,2026-07-08,0.46989775,0,0.45518625,0.46845967,0.48604733
GLRE,2026-07-08,0.469883,0,0.47657725,0.44139493,0.4916767
RELY,2026-07-08,0.46986213,0,0.48440197,0.4415834,0.48360094
CMCSA,2026-07-08,0.46985155,0,0.47143188,0.44785935,0.49026346
ACRV,2026-07-08,0.46984822,0,0.46866006,0.46844137,0.47244325
BNKK,2026-07-08,0.46980464,0,0.4685707,0.47068793,0.47015533
MOGU,2026-07-08,0.46978575,0,0.46180436,0.50449127,0.44306162
LBRDK,2026-07-08,0.46977925,0,0.4737719,0.4618351,0.4737308
ULCC,2026-07-08,0.4697729,0,0.44060338,0.49615055,0.47256473
EARN,2026-07-08,0.46977177,0,0.46600917,0.46984518,0.4734609
HSAI,2026-07-08,0.46972853,0,0.5259187,0.39254823,0.49071854
IKT,2026-07-08,0.46972656,0,0.47540292,0.46830815,0.4654686
BCYC,2026-07-08,0.46971455,0,0.47066897,0.46714038,0.4713343
SAP,2026-07-08,0.46970516,0,0.46653503,0.43527108,0.5073093
MSD,2026-07-08,0.46969855,0,0.4747597,0.45405784,0.48027807
EMD,2026-07-08,0.46967518,0,0.46992818,0.45178717,0.4873101
INBKZ,2026-07-08,0.46966207,0,0.47489512,0.49650013,0.4375909
DUOT,2026-07-08,0.4696452,0,0.47706506,0.44439915,0.48747137
SMG,2026-07-08,0.46963763,0,0.45397952,0.4841384,0.4707949
KYN,2026-07-08,0.469617,0,0.48010737,0.40434697,0.5243967
NXT,2026-07-08,0.46958527,0,0.47639018,0.45465547,0.47771007
AVTR,2026-07-08,0.469563,0,0.46216667,0.45272928,0.49379307
HWC,2026-07-08,0.46951756,0,0.4658882,0.45527917,0.48738527
ELPC,2026-07-08,0.46950045,0,0.4403123,0.479438,0.48875096
VALE,2026-07-08,0.4694438,0,0.45110172,0.4804515,0.47677818
DK,2026-07-08,0.46944374,0,0.4720314,0.46136415,0.47493565
MUJ,2026-07-08,0.46943203,0,0.4632588,0.48322088,0.46181637
ZOOZ,2026-07-08,0.4694283,0,0.4629306,0.4782548,0.4670995
GEHC,2026-07-08,0.46941882,0,0.46925437,0.45018995,0.4888121
SSTK,2026-07-08,0.46940267,0,0.44848135,0.46662557,0.4931011
CIVB,2026-07-08,0.46939793,0,0.4727763,0.45823383,0.47718364
NXST,2026-07-08,0.4693948,0,0.47144693,0.43512726,0.5016102
BOSC,2026-07-08,0.46939093,0,0.4822233,0.46779853,0.45815092
ECO,2026-07-08,0.4693882,0,0.44476408,0.48755693,0.47584355
ORIC,2026-07-08,0.46937376,0,0.45161104,0.4977177,0.4587926
HR,2026-07-08,0.46933582,0,0.44265172,0.4806735,0.4846822
NEWTG,2026-07-08,0.4693251,0,0.46974054,0.48559067,0.45264405
NVRI,2026-07-08,0.46928653,0,0.47587103,0.44057602,0.4914125
CPF,2026-07-08,0.46925545,0,0.45194155,0.4605533,0.49527147
OXM,2026-07-08,0.46922734,0,0.475426,0.4365876,0.49566835
CD,2026-07-08,0.46920615,0,0.47520003,0.47996795,0.45245036
RILYT,2026-07-08,0.46919948,0,0.46388203,0.46268702,0.48102933
CROX,2026-07-08,0.46919256,0,0.4581842,0.4559648,0.49342862
PGY,2026-07-08,0.4691586,0,0.4697051,0.48668513,0.45108545
SCZM,2026-07-08,0.4691414,0,0.47862053,0.48163483,0.44716883
ALMS,2026-07-08,0.4691363,0,0.4426921,0.48842838,0.47628838
CEE,2026-07-08,0.469133,0,0.45885438,0.46993077,0.47861382
CZFS,2026-07-08,0.46910235,0,0.47565365,0.47066218,0.46099114
AIRG,2026-07-08,0.4691019,0,0.46085176,0.47605366,0.4704003
TYL,2026-07-08,0.46909323,0,0.46100068,0.44550595,0.50077295
EVN,2026-07-08,0.46908495,0,0.45917714,0.4878617,0.460216
RILYG,2026-07-08,0.46906695,0,0.4687633,0.46307948,0.47535798
CBRE,2026-07-08,0.46906096,0,0.4694534,0.43500295,0.5027264
GCMG,2026-07-08,0.46905315,0,0.4599356,0.4574881,0.48973572
HQL,2026-07-08,0.46905315,0,0.46497607,0.45339024,0.48879308
ARQ,2026-07-08,0.46904406,0,0.46804115,0.4630757,0.4760153
CIA,2026-07-08,0.46902084,0,0.475426,0.45722696,0.47440958
CHSCN,2026-07-08,0.46899188,0,0.4690516,0.4626719,0.47525197
GOODO,2026-07-08,0.46898323,0,0.45725712,0.48194364,0.46774885
STN,2026-07-08,0.4689466,0,0.47299597,0.43177488,0.50206894
ORMP,2026-07-08,0.46894374,0,0.4673201,0.44505903,0.4944521
BWG,2026-07-08,0.46894127,0,0.4539696,0.48228863,0.47056553
RDVT,2026-07-08,0.46893683,0,0.4768423,0.44613156,0.4838366
DIBS,2026-07-08,0.46892494,0,0.4497016,0.48756167,0.4695115
EOT,2026-07-08,0.46891606,0,0.45983085,0.48419473,0.46272254
HNVR,2026-07-08,0.46885955,0,0.48467532,0.47173232,0.450171
UP,2026-07-08,0.46885568,0,0.46496692,0.4843487,0.4572513
BPYPO,2026-07-08,0.46884358,0,0.47039643,0.4676816,0.46845266
GITS,2026-07-08,0.46884045,0,0.46295527,0.48580396,0.45776212
RDNT,2026-07-08,0.4688003,0,0.46887043,0.42807266,0.5094578
PAI,2026-07-08,0.46876964,0,0.47233877,0.4635761,0.47039402
BORR,2026-07-08,0.4687185,0,0.47318614,0.4468876,0.48608172
ETX,2026-07-08,0.46871078,0,0.4549108,0.4773167,0.47390482
IMVT,2026-07-08,0.46868291,0,0.475426,0.44867054,0.4819522
WHLRL,2026-06-18,0.4686756,0,0.47409472,0.4782548,0.45367718
FLYE,2026-07-08,0.46866742,0,0.475426,0.46835902,0.4622172
ZVRA,2026-07-08,0.46866557,0,0.45694953,0.45804206,0.4910051
MRNA,2026-07-08,0.4686612,0,0.4605357,0.4789737,0.46647418
ALKS,2026-07-08,0.46864218,0,0.46391308,0.45719334,0.48482013
PEB,2026-07-08,0.46862233,0,0.45472497,0.45546666,0.4956752
BEEP,2026-07-08,0.468587,0,0.45399052,0.467844,0.48392648
ILMN,2026-07-08,0.4685649,0,0.46009493,0.4713277,0.47427204
IE,2026-07-08,0.46855885,0,0.45230716,0.46337605,0.48999324
XRAY,2026-07-08,0.4685304,0,0.46686676,0.45563966,0.48308468
KOS,2026-07-08,0.46853018,0,0.4710193,0.4419706,0.4926006
FPF,2026-07-08,0.4684883,0,0.475426,0.4236109,0.50642794
CBT,2026-07-08,0.4684688,0,0.49218187,0.40533906,0.5078854
AWI,2026-07-08,0.4684592,0,0.47141927,0.4401264,0.4938319
PKOH,2026-07-08,0.46843025,0,0.5036655,0.40358207,0.49804318
QRHC,2026-07-08,0.46842974,0,0.46819246,0.46324822,0.4738485
FA,2026-07-08,0.46839985,0,0.47501042,0.44160047,0.4885886
SBCF,2026-07-08,0.46838132,0,0.44884944,0.46580425,0.4904903
AMAT,2026-07-08,0.4683515,0,0.4825064,0.42342713,0.4991209
BIPH,2026-07-08,0.46834987,0,0.45401028,0.47230893,0.47873044
RDCM,2026-07-08,0.468328,0,0.48150706,0.45484158,0.46863532
RCEL,2026-07-08,0.46832314,0,0.4644247,0.46946493,0.47107977
ONFO,2026-07-08,0.46832252,0,0.475426,0.47410077,0.45544064
FNLC,2026-07-08,0.4683164,0,0.47828904,0.44982275,0.47683737
PTLE,2026-07-08,0.46831608,0,0.44059768,0.46851954,0.495831
FBLG,2026-07-08,0.46829695,0,0.4644246,0.4782548,0.46221134
SDHC,2026-07-08,0.46829304,0,0.46077293,0.460654,0.48345217
BIDU,2026-07-08,0.468287,0,0.43337485,0.4952795,0.4762065
EDTK,2026-07-08,0.46828234,0,0.46765274,0.46938697,0.46780723
CRMD,2026-07-08,0.4682598,0,0.46240196,0.47496352,0.4674139
CBNA,2026-07-08,0.46822876,0,0.48040724,0.46082106,0.46345797
AROW,2026-07-08,0.46822384,0,0.45444822,0.48256412,0.46765915
ELVN,2026-07-08,0.4682219,0,0.46731004,0.46503353,0.47232217
IHS,2026-07-08,0.46820834,0,0.4562314,0.483326,0.46506757
CNS,2026-07-08,0.4682023,0,0.46344528,0.44393998,0.49722156
JJSF,2026-07-08,0.46813038,0,0.44667944,0.4722678,0.48544386
NCA,2026-07-08,0.46807528,0,0.46794015,0.47732413,0.45896155
CBLL,2026-07-08,0.46803862,0,0.47308356,0.45703545,0.47399682
INMB,2026-07-08,0.468037,0,0.45938233,0.48424476,0.4604839
TMP,2026-07-08,0.46802247,0,0.4561761,0.46622193,0.4816693
DERM,2026-07-08,0.46798465,0,0.475426,0.4615392,0.46698865
CNK,2026-07-08,0.467953,0,0.4664627,0.4552673,0.48212895
BDSX,2026-07-08,0.46794304,0,0.4516189,0.50116384,0.45104635
BATL,2026-07-08,0.46794266,0,0.475426,0.46732828,0.46107364
LBGJ,2026-07-08,0.46792263,0,0.44816154,0.45786327,0.4977431
MDWD,2026-07-08,0.46792036,0,0.45793626,0.4724981,0.47332674
MDXG,2026-07-08,0.46789497,0,0.43853647,0.48866448,0.47648382
GECC,2026-07-08,0.46787965,0,0.46932468,0.44892484,0.48538938
HBM,2026-07-08,0.46787632,0,0.45760658,0.4624048,0.48361757
LONA,2026-07-08,0.46780962,0,0.46054894,0.47596878,0.46691105
RFM,2026-07-08,0.4677976,0,0.4622609,0.47473368,0.46639815
MSFT,2026-07-08,0.46779585,0,0.45646763,0.4363641,0.51055574
CNOBP,2026-07-08,0.4677947,0,0.48062298,0.4600816,0.46267945
SNX,2026-07-08,0.46778297,0,0.4607814,0.44006652,0.5025009
NTST,2026-07-08,0.46774775,0,0.47109714,0.45817757,0.47396848
JWEL,2026-07-08,0.46771607,0,0.49034074,0.45797205,0.45483533
MDU,2026-07-08,0.46770334,0,0.4771866,0.40628237,0.519641
DNOW,2026-07-08,0.46769354,0,0.48207328,0.41585332,0.5051539
SBSW,2026-07-08,0.46767306,0,0.4584732,0.4785811,0.4659649
BNS,2026-07-08,0.46767133,0,0.44023788,0.46318313,0.49959287
FGBI,2026-07-08,0.46765804,0,0.4529483,0.479838,0.47018784
VOD,2026-07-08,0.4676575,0,0.46921867,0.4745157,0.45923817
BWXT,2026-07-08,0.46764696,0,0.47735125,0.4205364,0.5050531
SPMA,2026-07-08,0.46764645,0,0.4550461,0.4774797,0.4704136
GLBE,2026-07-08,0.46763903,0,0.47428593,0.44067785,0.48795328
GLAS,2026-07-08,0.46763146,0,0.46700442,0.47527432,0.46061555
GRC,2026-07-08,0.46760595,0,0.46257827,0.4558094,0.48443016
NIM,2026-07-08,0.46758312,0,0.4776548,0.46882266,0.45627183
TPB,2026-07-08,0.4675792,0,0.46085793,0.4506955,0.4911841
NDMO,2026-07-08,0.46756005,0,0.44643226,0.48537803,0.47086978
SAFT,2026-07-08,0.4675454,0,0.475426,0.43077433,0.4964358
LIEN,2026-07-08,0.46751457,0,0.463195,0.4885593,0.45078933
SGHC,2026-07-08,0.4675045,0,0.45751655,0.46702677,0.47797012
PBYI,2026-07-08,0.46748143,0,0.46766138,0.45375547,0.4810274
LNSR,2026-07-08,0.46748024,0,0.45924214,0.46447226,0.47872624
NGEN,2026-07-08,0.4674507,0,0.46529758,0.47751737,0.45953715
ABG,2026-07-08,0.46739015,0,0.47104037,0.43231708,0.498813
DDI,2026-07-08,0.4673708,0,0.475426,0.4707506,0.4559358
LFCR,2026-07-08,0.46726608,0,0.47126713,0.46280035,0.4677307
IBOC,2026-07-08,0.46726498,0,0.45660946,0.44958,0.4956054
VKI,2026-07-08,0.4672529,0,0.44967225,0.49195948,0.46012697
AHCO,2026-07-08,0.46724552,0,0.4739948,0.43613797,0.4916038
FIBK,2026-07-08,0.46722108,0,0.47155172,0.43479475,0.49531668
LAB,2026-07-08,0.46718556,0,0.475426,0.46692404,0.4592066
ECVT,2026-07-08,0.46712905,0,0.482263,0.42880884,0.4903153
KEEL,2026-07-08,0.46711653,0,0.45572913,0.4852892,0.4603312
UNIT,2026-07-08,0.4670821,0,0.44816795,0.5068126,0.44626576
XOMAP,2026-07-08,0.46704894,0,0.46792486,0.4951851,0.4380368
SLND,2026-07-08,0.4669603,0,0.47538686,0.4763033,0.44919077
ARTV,2026-07-08,0.46695465,0,0.46856675,0.45434913,0.47794795
STC,2026-07-08,0.4669485,0,0.46630558,0.43058133,0.5039586
LEDS,2026-07-08,0.46694618,0,0.46372935,0.471302,0.4658072
OM,2026-07-08,0.46692252,0,0.45510608,0.48072654,0.4649349
YHC,2026-07-08,0.46689755,0,0.47127837,0.44813287,0.48128137
TTGT,2026-07-08,0.46686035,0,0.48430914,0.43853468,0.47773716
GSIW,2026-07-08,0.4668596,0,0.47299692,0.4684943,0.45908758
FCAP,2026-07-08,0.4668423,0,0.47803125,0.48246935,0.44002616
ECBK,2026-07-08,0.46683818,0,0.475426,0.453934,0.47115448
PRK,2026-07-08,0.46683165,0,0.48000178,0.42805466,0.49243844
CDZIP,2026-07-08,0.46683007,0,0.4784109,0.491215,0.43086433
AIRS,2026-07-08,0.46682578,0,0.4616101,0.46111074,0.47775653
HLMN,2026-07-08,0.46679646,0,0.4654738,0.45256022,0.48235536
GTN,2026-07-08,0.46679154,0,0.4510342,0.48091212,0.46842828
ADUS,2026-07-08,0.4667894,0,0.4725168,0.41128668,0.51656467
VRDN,2026-07-08,0.46676028,0,0.45932198,0.46726206,0.4736967
CHAR,2026-07-08,0.46674353,0,0.45239025,0.47901082,0.46882945
VLYPN,2026-07-08,0.46672624,0,0.46629214,0.45482093,0.47906554
BBDC,2026-07-08,0.4666922,0,0.47454038,0.4302888,0.4952473
OMC,2026-07-08,0.46667972,0,0.46181148,0.4325964,0.50563127
FLZH,2026-07-08,0.46667615,0,0.46362114,0.4646731,0.4717341
BRTX,2026-07-08,0.46661896,0,0.46412674,0.47215357,0.46357653
CANG,2026-07-08,0.4666052,0,0.46564016,0.46647066,0.46770474
TCX,2026-07-08,0.46654093,0,0.45154917,0.48083484,0.46723872
XNCR,2026-07-08,0.46654034,0,0.40921932,0.51908445,0.47131723
AYA,2026-07-08,0.46652415,0,0.45993212,0.4420725,0.49756774
ZIONP,2026-07-06,0.4665115,0,0.4741043,0.44277388,0.4826563
FRT,2026-07-08,0.46650907,0,0.46561927,0.42713863,0.5067693
MYGN,2026-07-08,0.46648586,0,0.45818657,0.45571294,0.48555806
GDL,2026-07-08,0.46643072,0,0.46776858,0.47490743,0.45661613
SLNG,2026-07-08,0.46639934,0,0.4679927,0.4849051,0.44630018
SB,2026-07-08,0.46636844,0,0.45112365,0.46777645,0.48020512
FACT,2026-07-08,0.46635947,0,0.44081643,0.4666588,0.49160314
ORI,2026-07-08,0.46635085,0,0.48041627,0.3967029,0.5219333
SUZ,2026-07-08,0.46634498,0,0.43876886,0.47197023,0.4882958
LFST,2026-07-08,0.46633172,0,0.46949232,0.4450428,0.48446006
UWMC,2026-07-08,0.46632558,0,0.46599525,0.45153916,0.48144233
YOU,2026-07-08,0.46629527,0,0.47274104,0.43674308,0.48940167
BEPC,2026-07-08,0.46628582,0,0.47955608,0.43542007,0.48388135
LFT,2026-07-08,0.46628413,0,0.4553284,0.47906902,0.46445498
BOKF,2026-07-08,0.46626395,0,0.47017866,0.42756805,0.501045
DSGR,2026-07-08,0.46623147,0,0.47348213,0.4351652,0.49004707
AIRJ,2026-07-08,0.46619052,0,0.475426,0.5185509,0.4045946
ZJYL,2026-07-08,0.46617144,0,0.46853334,0.4609847,0.46899626
DXPE,2026-07-08,0.46615225,0,0.49461412,0.4117436,0.49209896
NEA,2026-07-08,0.46615204,0,0.44661477,0.49027872,0.46156257
MDT,2026-07-08,0.4660926,0,0.46678072,0.4368272,0.49466982
SLS,2026-07-08,0.46602285,0,0.46189526,0.47185352,0.4643197
ZTO,2026-07-08,0.46602076,0,0.4552905,0.4681761,0.47459564
ASTS,2026-07-08,0.46602035,0,0.47832695,0.44716606,0.47256804
GIPR,2026-07-08,0.46600828,0,0.46001908,0.485936,0.4520698
KLC,2026-07-08,0.46592748,0,0.44989648,0.45493546,0.49295053
OPRA,2026-07-08,0.465901,0,0.4608774,0.43892986,0.49789566
CGABL,2026-07-08,0.46589798,0,0.4508289,0.46410173,0.48276323
ARVN,2026-07-08,0.46589202,0,0.42249066,0.49839312,0.47679222
DYNC,2026-07-08,0.46584067,0,0.46888587,0.47247157,0.4561645
CRGO,2026-07-08,0.46579212,0,0.48185977,0.48259184,0.43292475
BRCC,2026-07-08,0.46578658,0,0.4609757,0.46959493,0.46678916
OSUR,2026-07-08,0.46578157,0,0.4526016,0.47309446,0.4716486
SHAK,2026-07-08,0.4657691,0,0.46577904,0.44272503,0.4888032
GLSI,2026-07-08,0.4657464,0,0.4766312,0.44946817,0.47113988
SLQT,2026-07-08,0.46573207,0,0.475426,0.4481374,0.47363278
KURA,2026-07-08,0.46572477,0,0.4566204,0.46626163,0.47429225
PFFL,2026-07-08,0.4657203,0,0.4667022,0.46228436,0.4681743
OXLCL,2026-07-08,0.46571854,0,0.47130242,0.4473195,0.47853372
KRRO,2026-07-08,0.46571806,0,0.4332606,0.515413,0.44848055
ORKT,2026-07-08,0.46570495,0,0.4494022,0.46012315,0.4875894
BFST,2026-07-08,0.46567494,0,0.4679364,0.4446403,0.48444808
TISI,2026-07-08,0.465666,0,0.4739827,0.45865032,0.46436495
NVST,2026-07-08,0.4656201,0,0.475426,0.45987552,0.4615587
FEBO,2026-07-07,0.46558458,0,0.44128487,0.47448766,0.4809811
ELTK,2026-07-08,0.4655187,0,0.46991134,0.4404803,0.48616445
INBX,2026-07-08,0.46551865,0,0.45878217,0.45484957,0.48292416
SWKHL,2026-07-08,0.46550268,0,0.475426,0.47754472,0.44353718
UCTT,2026-07-08,0.46548098,0,0.4904947,0.41557312,0.490375
RMI,2026-07-08,0.46547765,0,0.4688608,0.4663681,0.46120405
CADL,2026-07-08,0.46545804,0,0.50137275,0.42646962,0.46853167
NBB,2026-07-08,0.46544832,0,0.4503903,0.4782548,0.46769983
EPRT,2026-07-08,0.46540344,0,0.474377,0.40223768,0.51959556
WERN,2026-07-08,0.4654016,0,0.4648478,0.4440932,0.48726365
VCV,2026-07-08,0.46540093,0,0.44687954,0.48459685,0.46472636
ASPI,2026-07-08,0.46539238,0,0.475426,0.43460727,0.48614383
MFG,2026-07-08,0.4653729,0,0.44999245,0.4731868,0.4729393
DRVN,2026-07-08,0.4653725,0,0.45040038,0.45730564,0.4884115
GAU,2026-07-08,0.46535763,0,0.45475313,0.49000385,0.45131588
VPV,2026-07-08,0.46535203,0,0.46178642,0.46381608,0.47045353
BCTX,2026-07-08,0.46532246,0,0.44993442,0.47282273,0.47321022
NTAP,2026-07-08,0.46528965,0,0.4509943,0.443988,0.5008866
ORCL,2026-07-08,0.46525243,0,0.46591663,0.41956323,0.5102774
PRI,2026-07-08,0.4652418,0,0.48157793,0.39104456,0.52310276
IVA,2026-07-08,0.46524012,0,0.47102803,0.47596338,0.4487289
EG,2026-07-08,0.46518844,0,0.47610903,0.38551062,0.5339457
WSR,2026-07-08,0.46516296,0,0.4788985,0.42582035,0.49077
RCAT,2026-07-08,0.4651478,0,0.4776919,0.4467319,0.4710195
VGI,2026-07-08,0.4651455,0,0.44887465,0.47970748,0.4668543
CBUS,2026-07-08,0.46513826,0,0.45922622,0.48250067,0.45368782
ESEA,2026-07-08,0.4651374,0,0.47303095,0.42254105,0.49984008
RILY,2026-07-08,0.46513543,0,0.4615336,0.47355744,0.46031523
PFL,2026-07-08,0.4651211,0,0.4584735,0.45305145,0.48383826
PPIH,2026-07-08,0.4651199,0,0.45103544,0.46554828,0.47877586
UMAC,2026-07-08,0.46511126,0,0.47360805,0.43137673,0.49034888
PETZ,2026-07-08,0.4650976,0,0.45556885,0.498107,0.44161698
SKIN,2026-07-08,0.46508977,0,0.4477318,0.4705879,0.47694957
GAP,2026-07-08,0.46505764,0,0.479228,0.436309,0.47963592
FTHM,2026-07-08,0.4650309,0,0.45878878,0.4705783,0.46572548
IDN,2026-07-08,0.46502474,0,0.45604387,0.46130013,0.4777301
VICI,2026-07-08,0.4650098,0,0.45694017,0.43007016,0.5080191
STKS,2026-07-08,0.46499357,0,0.47325677,0.4485807,0.47314316
BW,2026-07-08,0.46496323,0,0.46057844,0.46031782,0.47399333
SFIX,2026-07-08,0.46496072,0,0.45930687,0.45762882,0.4779465
GOODN,2026-07-08,0.4649367,0,0.43378907,0.50633144,0.45468956
REG,2026-07-08,0.4649322,0,0.46490848,0.43186754,0.49802053
LZM,2026-07-08,0.46489707,0,0.476098,0.46076134,0.45783186
PBFS,2026-07-08,0.4648488,0,0.47422594,0.47201437,0.44830602
WEA,2026-07-08,0.46480697,0,0.4720686,0.45259956,0.46975276
FVCB,2026-07-08,0.4647994,0,0.4464894,0.4940022,0.4539066
PDD,2026-07-08,0.46478152,0,0.45848227,0.4471453,0.48871687
BHVN,2026-07-08,0.46474963,0,0.4614522,0.44363448,0.48916212
SLN,2026-07-08,0.46469355,0,0.47919536,0.43920454,0.4756806
NCEW,2026-07-08,0.46467385,0,0.45832917,0.44555914,0.4901332
EVTC,2026-07-08,0.4646504,0,0.46255517,0.42603067,0.5053654
MBAV,2026-07-07,0.46464422,0,0.43860438,0.45341632,0.50191194
PROF,2026-07-08,0.4646392,0,0.475426,0.4430604,0.47543108
EDU,2026-07-08,0.4646373,0,0.4651047,0.43548554,0.4933216
NRUC,2026-07-08,0.46462774,0,0.45826373,0.4683392,0.46728027
CGON,2026-07-08,0.46461976,0,0.4629624,0.45601606,0.47488075
GCV,2026-07-08,0.46461973,0,0.45649147,0.4605669,0.47680074
RANI,2026-07-08,0.46460822,0,0.46830073,0.45472783,0.47079608
BRZE,2026-07-08,0.46454984,0,0.4825383,0.40797415,0.503137
CNOB,2026-07-08,0.4645247,0,0.47585905,0.4420649,0.47565004
OKUR,2026-07-08,0.46449485,0,0.4590818,0.46588108,0.46852162
WIX,2026-07-08,0.46448764,0,0.45180625,0.4587878,0.48286888
RMT,2026-07-08,0.46448356,0,0.45117557,0.44427714,0.49799782
AUNA,2026-07-08,0.46447432,0,0.46757114,0.47466928,0.45118254
ERAS,2026-07-08,0.46447194,0,0.46972346,0.46038288,0.46330938
EPOW,2026-07-08,0.46446514,0,0.4515514,0.49028915,0.45155483
TRTX,2026-07-08,0.46445876,0,0.46199462,0.43524328,0.49613836
OPXS,2026-07-08,0.46443373,0,0.4768962,0.45372573,0.4626793
NKX,2026-07-08,0.46440116,0,0.44160694,0.47638786,0.47520867
BGI,2026-07-08,0.46439737,0,0.46230054,0.45861542,0.47227606
GDYN,2026-07-08,0.46438512,0,0.45968658,0.4399695,0.4934992
PFH,2026-07-08,0.46436065,0,0.47448596,0.42746955,0.49112642
AOSL,2026-07-08,0.46434847,0,0.48305497,0.41690814,0.4930822
FSI,2026-07-08,0.46429852,0,0.47576848,0.4563797,0.46074727
FSLR,2026-07-08,0.46426865,0,0.4822746,0.41332358,0.49720776
CCC,2026-07-08,0.46426827,0,0.47148097,0.43495414,0.48636964
TREE,2026-07-08,0.46425962,0,0.4644213,0.44895732,0.47940016
AVA,2026-07-08,0.46424484,0,0.46168837,0.45080227,0.48024386
KYNB,2026-07-08,0.4642422,0,0.475426,0.43488708,0.48241344
SKIL,2026-07-08,0.46423644,0,0.46896166,0.44388786,0.4798597
ARMP,2026-07-08,0.46419436,0,0.45473,0.4707674,0.46708554
TXO,2026-07-08,0.4641796,0,0.46271265,0.44706357,0.48276258
GTES,2026-07-08,0.46416116,0,0.48450252,0.39827636,0.50970453
OFIX,2026-07-08,0.464144,0,0.47332424,0.4330545,0.48605323
ALDFU,2026-07-06,0.46412143,0,0.4697545,0.45213085,0.47047892
ATMU,2026-07-08,0.46410933,0,0.48528168,0.401657,0.5053892
GGAL,2026-07-08,0.4641019,0,0.4927696,0.38735116,0.512185
CABO,2026-07-08,0.46407646,0,0.47451517,0.45313856,0.4645756
ARDX,2026-07-08,0.46405882,0,0.45260358,0.45365736,0.4859154
CLFD,2026-07-08,0.46405217,0,0.4841326,0.4068037,0.50122017
ICCC,2026-07-08,0.46403337,0,0.4534652,0.4657324,0.47290242
MLCO,2026-07-08,0.46402138,0,0.4670222,0.4510857,0.4739563
ABX,2026-07-08,0.4640098,0,0.47909212,0.47900972,0.43392748
NRDY,2026-07-08,0.4640087,0,0.434135,0.49476108,0.4631299
CLLS,2026-07-08,0.46400315,0,0.4569477,0.4880647,0.44699696
SMHB,2026-07-08,0.46399784,0,0.47336718,0.45455092,0.46407542
PPG,2026-07-08,0.46399707,0,0.4530353,0.43410444,0.50485146
NAN,2026-07-08,0.46399146,0,0.44815633,0.47126475,0.47255328
CCK,2026-07-08,0.46398056,0,0.4714845,0.41620395,0.5042531
HBANP,2026-07-08,0.46397674,0,0.45878494,0.46470875,0.46843648
RPD,2026-07-08,0.46395588,0,0.43772477,0.4669162,0.4872266
CASH,2026-07-08,0.46390384,0,0.47929612,0.41494226,0.49747303
GHI,2026-07-08,0.4639033,0,0.46848467,0.4384545,0.48477066
GAINZ,2026-07-08,0.46386635,0,0.48263815,0.4754499,0.43351093
FSS,2026-07-08,0.4638585,0,0.50187695,0.3815673,0.5081312
EQH,2026-07-08,0.46384886,0,0.44314194,0.42730233,0.52110225
MSBIP,2026-07-08,0.46384406,0,0.490799,0.41704515,0.48368797
ACGLN,2026-07-08,0.46383232,0,0.47161964,0.44876125,0.471116
PLRZ,2026-07-08,0.46382457,0,0.46972457,0.45191866,0.46983033
HIFS,2026-07-08,0.46381798,0,0.475426,0.43726295,0.4787649
TBN,2026-07-08,0.46381247,0,0.45236942,0.44595164,0.49311626
ENVX,2026-07-08,0.46380913,0,0.47016627,0.4519984,0.46926266
CHI,2026-07-08,0.46377426,0,0.46924162,0.44689924,0.47518194
WHLRD,2026-07-08,0.46376184,0,0.47504097,0.4700757,0.44616875
FND,2026-07-08,0.46374154,0,0.4555835,0.44930953,0.48633152
SAR,2026-07-08,0.46373695,0,0.46236995,0.42696828,0.5018726
CMCM,2026-07-08,0.46373412,0,0.4466454,0.48075917,0.46379775
DBI,2026-07-08,0.46372673,0,0.46788338,0.44020805,0.4830887
LI,2026-07-08,0.4637053,0,0.46882674,0.44499207,0.47729713
FINW,2026-07-08,0.4636927,0,0.47145182,0.45402452,0.4656017
TBLD,2026-07-08,0.46361098,0,0.44719088,0.43663332,0.50700873
DXC,2026-07-08,0.46361017,0,0.47211143,0.41315556,0.5055635
MGNX,2026-07-08,0.46357322,0,0.47459826,0.43394113,0.48218018
INFU,2026-07-08,0.46356443,0,0.45928478,0.44359004,0.48781845
PMM,2026-07-08,0.46351945,0,0.45792204,0.4679009,0.46473542
HL,2026-07-08,0.4635003,0,0.46222132,0.44763842,0.4806411
JBDI,2026-07-08,0.46350002,0,0.46826893,0.46764806,0.45458314
JMM,2026-07-08,0.4634947,0,0.44611144,0.49007803,0.45429456
OPTX,2026-07-08,0.4634785,0,0.46648833,0.55079865,0.3731485
CATO,2026-07-08,0.46345675,0,0.46611768,0.4539625,0.47029006
CHEF,2026-07-08,0.46333578,0,0.4820722,0.39222354,0.5157116
KRO,2026-07-08,0.46331492,0,0.47352323,0.42493656,0.49148494
RNW,2026-07-08,0.46327764,0,0.45585525,0.45595792,0.47801965
DOCN,2026-07-08,0.46326855,0,0.46633452,0.43246043,0.4910106
ACU,2026-07-08,0.46321929,0,0.442469,0.4633088,0.48387992
FCCO,2026-07-08,0.46319503,0,0.478377,0.4473072,0.46390086
BNJ,2026-07-08,0.46317676,0,0.4689775,0.46014157,0.46041107
AWF,2026-07-08,0.46315908,0,0.46733972,0.4392669,0.4828706
LPTH,2026-07-08,0.4631534,0,0.46108267,0.47396243,0.45441508
KIDS,2026-07-08,0.46315324,0,0.4652008,0.45125255,0.4730063
XPEV,2026-07-08,0.46314117,0,0.44494605,0.46725258,0.4772248
RILYL,2026-07-08,0.46313715,0,0.4445207,0.49460664,0.4502841
BBBY,2026-07-08,0.46312287,0,0.44489324,0.48453504,0.45994028
EVH,2026-07-08,0.46312004,0,0.475426,0.42700043,0.48693362
CEG,2026-07-08,0.46308395,0,0.5060202,0.36057404,0.52265763
LSTR,2026-07-08,0.46305978,0,0.45276964,0.4426579,0.4937518
IMNM,2026-07-08,0.46305752,0,0.4631701,0.4439611,0.4820413
XRX,2026-07-08,0.46304664,0,0.45750389,0.44068453,0.49095142
GRAL,2026-07-08,0.4629951,0,0.48036575,0.41353086,0.4950888
EPC,2026-07-08,0.46298635,0,0.47603992,0.4108718,0.50204724
NTR,2026-07-08,0.46297422,0,0.475426,0.42184794,0.4916486
CMP,2026-07-08,0.4629461,0,0.46357477,0.4538668,0.4713967
FINS,2026-07-08,0.46294495,0,0.46163848,0.4510694,0.47612694
LGHL,2026-07-08,0.46289825,0,0.4535279,0.48094523,0.4542215
JBIO,2026-07-08,0.46288574,0,0.45653167,0.44387123,0.48825434
PLXS,2026-07-08,0.46287346,0,0.5010668,0.38261792,0.5049357
CCEC,2026-07-08,0.46286473,0,0.4519651,0.4455413,0.49108776
AGIO,2026-07-08,0.46280202,0,0.44088343,0.47590548,0.4716171
AXGN,2026-07-08,0.4627459,0,0.47067854,0.43039814,0.48716098
CNA,2026-07-08,0.4627383,0,0.46651548,0.40817386,0.51352555
XBIO,2026-07-08,0.4627294,0,0.44858673,0.48148662,0.4581148
NDLS,2026-07-08,0.46272498,0,0.47160247,0.4605349,0.45603758
CGNT,2026-07-08,0.4627163,0,0.47050303,0.4262565,0.49138936
MODD,2026-07-08,0.46269828,0,0.47437808,0.4642306,0.4494862
MPT,2026-07-08,0.46267793,0,0.4496053,0.4722875,0.466141
ACGLO,2026-07-08,0.46266663,0,0.4607859,0.44137076,0.4858432
MUC,2026-07-08,0.46264732,0,0.44425023,0.48936427,0.45432737
HLP,2026-07-08,0.46261296,0,0.44224688,0.47334614,0.4722458
DTSQ,2026-07-07,0.4626024,0,0.48661783,0.40743598,0.49375337
REKR,2026-07-08,0.46257085,0,0.458239,0.47126263,0.45821086
RDAC,2026-07-08,0.46256095,0,0.475426,0.39640746,0.5158494
ITT,2026-07-08,0.46255684,0,0.48962888,0.39030933,0.5077323
FBP,2026-07-08,0.46254677,0,0.4814226,0.4075881,0.4986295
ATAI,2026-07-08,0.46253356,0,0.42815265,0.50239307,0.45705494
GRX,2026-07-08,0.46253166,0,0.46133706,0.45046076,0.47579715
ADTN,2026-07-08,0.46251744,0,0.48295045,0.41330588,0.49129587
OLMA,2026-07-08,0.46251476,0,0.4694484,0.44463074,0.47346517
RCS,2026-07-08,0.46251473,0,0.46177304,0.45264202,0.47312903
PRPL,2026-07-08,0.46249688,0,0.46512744,0.4761508,0.44621223
GRAF,2026-07-08,0.46241385,0,0.475426,0.4432641,0.4685514
FF,2026-07-08,0.46241245,0,0.46612728,0.4352788,0.4858313
PLSE,2026-07-08,0.46241015,0,0.46497473,0.46824327,0.45401242
SRE,2026-07-08,0.4624061,0,0.475426,0.39490885,0.5168834
INDP,2026-07-08,0.4624016,0,0.46451336,0.47418007,0.4485114
UDR,2026-07-08,0.46239057,0,0.47646594,0.411561,0.4991447
HRTG,2026-07-08,0.46236998,0,0.47053733,0.4442722,0.47230035
DNLI,2026-07-08,0.46234772,0,0.43292484,0.47216925,0.48194903
KBDC,2026-07-08,0.46234664,0,0.45397282,0.47213826,0.46092883
ACXP,2026-07-08,0.46234334,0,0.46313843,0.4687955,0.455096
KWY,2026-07-08,0.46231374,0,0.45218915,0.46814296,0.46660915
PGEN,2026-07-08,0.46230417,0,0.43837944,0.48702973,0.46150342
BTI,2026-07-08,0.4622983,0,0.48484153,0.38880205,0.5132513
CX,2026-07-08,0.4622422,0,0.46271166,0.4437721,0.48024267
HST,2026-07-08,0.46224174,0,0.48648715,0.38945976,0.51077825
ERII,2026-07-08,0.4622381,0,0.47840065,0.40332484,0.5049888
PAMT,2026-07-08,0.4622045,0,0.44281325,0.4554344,0.48836577
HTFC,2026-07-08,0.46220213,0,0.47415248,0.48558673,0.42686716
XAIR,2026-07-08,0.4621968,0,0.46232277,0.46066782,0.46359968
SACH,2026-07-08,0.4621946,0,0.4408276,0.5046829,0.44107324
MYPS,2026-07-08,0.46218488,0,0.45059198,0.4649155,0.47104713
ARKO,2026-07-08,0.4621731,0,0.46895978,0.43058038,0.48697913
CBFV,2026-07-08,0.4621727,0,0.4824081,0.41441157,0.4896984
KEYS,2026-07-08,0.4621485,0,0.4751767,0.42616943,0.48509926
NSTS,2026-07-08,0.46213913,0,0.4752413,0.47649497,0.43468115
NTRSO,2026-07-08,0.46213582,0,0.44507557,0.47122955,0.47010225
WHG,2026-07-08,0.46209323,0,0.45504248,0.47567108,0.45556608
LEO,2026-07-08,0.4620764,0,0.4403368,0.4855529,0.46033937
SFWL,2026-07-08,0.4620731,0,0.47046128,0.43808347,0.4776744
EYE,2026-07-08,0.46206906,0,0.46656814,0.43286353,0.4867754
TWO,2026-07-08,0.46206746,0,0.475426,0.40948883,0.5012875
IVR,2026-07-08,0.46205473,0,0.45540643,0.44718242,0.4835753
RMM,2026-07-08,0.46204835,0,0.4479611,0.47612953,0.46205437
FENG,2026-07-08,0.46202165,0,0.46079272,0.49017042,0.43510172
RDACU,2026-06-05,0.4620067,0,0.47098172,0.43040738,0.484631
SIF,2026-07-08,0.46199584,0,0.460987,0.4780473,0.4469531
SRL,2026-05-13,0.46199095,0,0.46020856,0.46196052,0.4638037
OABI,2026-07-08,0.46193832,0,0.47256026,0.47891325,0.43434143
MCFT,2026-07-08,0.46190447,0,0.47879466,0.40654713,0.5003716
XBIT,2026-07-08,0.46190345,0,0.45928705,0.45317116,0.4732521
TRDA,2026-07-08,0.46190342,0,0.48050895,0.38434762,0.5208536
BMRA,2026-07-08,0.46189532,0,0.46651843,0.47888044,0.44028702
TD,2026-07-08,0.46188653,0,0.4718536,0.40887272,0.5049331
RCD,2026-07-08,0.46184355,0,0.44333822,0.46895143,0.47324103
ODC,2026-07-08,0.46183082,0,0.48654398,0.40951478,0.48943365
TOWN,2026-07-08,0.4617887,0,0.47521627,0.4230084,0.4871414
PMVP,2026-07-08,0.46178517,0,0.45405343,0.44909352,0.4822085
MAGN,2026-07-08,0.46175292,0,0.47092873,0.45537567,0.4589543
BST,2026-07-08,0.4617287,0,0.4623937,0.4219688,0.5008236
ALNY,2026-07-08,0.46170005,0,0.44906434,0.44652414,0.48951164
LDP,2026-07-08,0.4616945,0,0.46330118,0.44410768,0.47767466
STRR,2026-07-08,0.46166968,0,0.49096057,0.4326733,0.46137512
GTE,2026-07-08,0.46164483,0,0.45821115,0.46539402,0.46132928
BPYPM,2026-07-08,0.46161532,0,0.44232944,0.48261702,0.45989954
GP,2026-07-08,0.46156842,0,0.46996105,0.4739113,0.44083282
TORO,2026-07-08,0.46154097,0,0.46958393,0.44033912,0.47469974
DTST,2026-07-08,0.46153474,0,0.45434597,0.46638024,0.4638779
NRK,2026-07-08,0.46151632,0,0.475426,0.45077607,0.4583469
BSET,2026-07-08,0.4615139,0,0.45176303,0.4782548,0.45452383
COOK,2026-07-08,0.46145916,0,0.42461023,0.49397683,0.46579042
CVU,2026-07-08,0.46145794,0,0.48612794,0.44100708,0.45723873
LAR,2026-07-08,0.46143726,0,0.45772135,0.44549385,0.48109648
BIOA,2026-07-08,0.46143153,0,0.45538712,0.45215747,0.47674996
NEON,2026-07-08,0.4614079,0,0.4641777,0.45833045,0.4617154
ASMB,2026-07-08,0.4614005,0,0.45740783,0.46290067,0.46389306
TUYA,2026-07-08,0.46139702,0,0.4539506,0.48049343,0.449747
CHSN,2026-07-08,0.4613676,0,0.4420183,0.46182176,0.4802628
AVAH,2026-07-08,0.461326,0,0.4222776,0.49428818,0.46741223
INEO,2026-07-08,0.46131572,0,0.47359973,0.42560282,0.4847446
EOSE,2026-07-08,0.4613006,0,0.45417854,0.4720908,0.45763245
ACIW,2026-07-08,0.46125504,0,0.46575928,0.4144202,0.50358564
COLM,2026-07-08,0.46121883,0,0.4809215,0.40276223,0.4999727
EOG,2026-07-08,0.4612174,0,0.47840708,0.3995737,0.50567126
JELD,2026-07-08,0.4612163,0,0.4631588,0.4224004,0.49808967
BTDR,2026-07-08,0.46121415,0,0.4699326,0.4495719,0.46413794
CRTO,2026-07-08,0.46118477,0,0.44550696,0.453318,0.48472935
IPHA,2026-07-08,0.4611836,0,0.46884885,0.4502936,0.4644083
NVEC,2026-07-08,0.4611801,0,0.48285183,0.41656643,0.48412192
ATNM,2026-07-08,0.46117762,0,0.4585676,0.46904406,0.45592114
MGRB,2026-07-08,0.4611511,0,0.475426,0.41010454,0.4979227
FIVN,2026-07-08,0.46106416,0,0.46465477,0.43482277,0.4837149
BOOM,2026-07-08,0.4610509,0,0.4546281,0.43995583,0.48856875
CTSO,2026-07-08,0.4610388,0,0.47534677,0.45029527,0.45747423
ZSTK,2026-07-08,0.4610367,0,0.42858133,0.5150053,0.4395235
CNXC,2026-07-08,0.461017,0,0.45895436,0.4289522,0.49514443
FRAF,2026-07-08,0.46099314,0,0.48040918,0.4573785,0.44519168
GNTA,2026-07-08,0.46098912,0,0.475426,0.4804322,0.42710906
ALB,2026-07-08,0.46098906,0,0.4698974,0.4257495,0.48732013
ETV,2026-07-08,0.4609816,0,0.47919196,0.41149348,0.49225938
NFLX,2026-07-08,0.4609038,0,0.4893942,0.39896387,0.4943533
EOI,2026-07-08,0.46089253,0,0.46906257,0.40065935,0.51295567
CLH,2026-07-08,0.46088186,0,0.4945884,0.3671936,0.52086353
RPAY,2026-07-08,0.4608796,0,0.48783785,0.41510287,0.47969803
BNTX,2026-07-08,0.4608723,0,0.475426,0.42904758,0.47814324
OIA,2026-07-08,0.46081632,0,0.43736473,0.47347417,0.47160998
AMSF,2026-07-08,0.46081233,0,0.46452165,0.41047218,0.5074431
PROV,2026-07-08,0.4607952,0,0.4788864,0.43977377,0.46372542
NAT,2026-07-08,0.4607697,0,0.45439765,0.46314275,0.46476868
VZLA,2026-07-08,0.46072823,0,0.45251435,0.47728318,0.45238706
BMBL,2026-07-08,0.46071288,0,0.46848637,0.446687,0.46696517
RETO,2026-07-08,0.4607065,0,0.4636004,0.45242026,0.46609882
KMDA,2026-07-08,0.46068487,0,0.44224578,0.46937105,0.4704377
NOEMU,2026-06-02,0.46065712,0,0.46584848,0.40661427,0.50950855
OSK,2026-07-08,0.46065092,0,0.48681414,0.38854057,0.50659806
VMO,2026-07-08,0.46062532,0,0.4417352,0.48682657,0.45331413
AIFU,2026-07-08,0.46061704,0,0.46049145,0.458571,0.4627886
QUIK,2026-07-08,0.46061292,0,0.46293575,0.42893416,0.48996887
LINK,2026-07-08,0.4604973,0,0.4608754,0.45324412,0.46737233
DAR,2026-07-08,0.4604818,0,0.45900166,0.43646738,0.4859763
THRY,2026-07-08,0.46047992,0,0.46071947,0.43511146,0.4856088
ADM,2026-07-08,0.46047637,0,0.475426,0.39136982,0.5146332
DHR,2026-07-08,0.46044803,0,0.45152512,0.4256899,0.504129
EWTX,2026-07-08,0.46044654,0,0.45625907,0.42870045,0.49638003
CRM,2026-07-08,0.46040165,0,0.46378648,0.4015771,0.5158413
LOCO,2026-07-08,0.460379,0,0.46112245,0.43788743,0.48212707
ESI,2026-07-08,0.4603044,0,0.4743208,0.44282886,0.4637635
GNSS,2026-07-08,0.4602999,0,0.45032737,0.47284645,0.4577259
CVNA,2026-07-08,0.46028113,0,0.45916688,0.44268867,0.47898784
WB,2026-07-08,0.4602681,0,0.45013833,0.47634122,0.45432478
PLCE,2026-07-08,0.4602602,0,0.44730678,0.47300914,0.46046463
SKE,2026-07-08,0.4602599,0,0.44324526,0.48493004,0.4526043
WT,2026-07-08,0.46023133,0,0.44148895,0.44888756,0.49031746
BTZ,2026-07-08,0.4602257,0,0.45243797,0.45187628,0.47636276
CLYM,2026-07-08,0.46019992,0,0.46006998,0.43410906,0.48642063
ZBH,2026-07-08,0.46017078,0,0.45743328,0.45384502,0.46923396
DMAC,2026-07-08,0.46016043,0,0.45148984,0.4626277,0.4663637
FRHC,2026-07-08,0.46014974,0,0.463622,0.41329658,0.5035306
GTIM,2026-07-08,0.46014592,0,0.44480303,0.48214835,0.45348635
EXPD,2026-07-08,0.46011248,0,0.45217282,0.42701045,0.5011542
QNST,2026-07-08,0.46010047,0,0.46585542,0.43836716,0.47607872
NHI,2026-07-08,0.4600941,0,0.47612,0.39247,0.5116923
BBCP,2026-07-08,0.46007365,0,0.45757395,0.4551849,0.4674621
AMST,2026-07-08,0.46006495,0,0.4611016,0.4708749,0.4482183
SUI,2026-07-08,0.4600644,0,0.46148747,0.4363318,0.48237392
DQ,2026-07-08,0.46001226,0,0.4608549,0.45176435,0.46741748
CREX,2026-07-08,0.46000758,0,0.45216468,0.49387097,0.43398705
WTRG,2026-07-08,0.45999244,0,0.475426,0.40726197,0.4972893
MMS,2026-07-08,0.45999047,0,0.4454332,0.4307235,0.5038147
MUA,2026-07-08,0.4599321,0,0.44797227,0.47406235,0.45776162
WDAY,2026-07-08,0.4599058,0,0.44169176,0.4343385,0.5036871
HGTY,2026-07-08,0.45990232,0,0.4631179,0.45660895,0.45998004
NYAX,2026-07-08,0.459892,0,0.4572662,0.49742162,0.42498815
IX,2026-07-08,0.45987308,0,0.46111754,0.43031028,0.4881913
NAMS,2026-07-08,0.4598691,0,0.47198716,0.4545105,0.45310953
BLND,2026-07-08,0.45985624,0,0.45048508,0.4792115,0.44987214
QURE,2026-07-08,0.45984006,0,0.42662415,0.48391894,0.46897706
INBK,2026-07-08,0.45978323,0,0.47626933,0.41369444,0.4893859
IVVD,2026-07-08,0.45977926,0,0.46634266,0.4591322,0.4538628
CSGP,2026-07-08,0.45976868,0,0.4702967,0.42002958,0.48897964
DH,2026-07-08,0.45976833,0,0.475426,0.42279923,0.48107964
FBRX,2026-07-08,0.4597575,0,0.4419888,0.48956785,0.44771582
OPBK,2026-07-08,0.4596389,0,0.4564822,0.4519357,0.4704988
TROW,2026-07-08,0.45951575,0,0.4726503,0.40706933,0.49882758
BRW,2026-07-08,0.45949996,0,0.4472291,0.47339433,0.45787644
LXEH,2026-07-08,0.45948642,0,0.47842172,0.44847178,0.45156577
GSAT,2026-07-08,0.45948273,0,0.4461713,0.46715832,0.46511844
STAG,2026-07-08,0.45947775,0,0.45961562,0.42727107,0.4915465
TLS,2026-07-08,0.45947623,0,0.45565486,0.44390595,0.47886786
NNI,2026-07-08,0.45941722,0,0.46791783,0.42522132,0.4851125
FTHY,2026-07-08,0.45940763,0,0.44627994,0.4471448,0.48479804
CTBI,2026-07-08,0.459387,0,0.47065064,0.4265484,0.48096186
GLOB,2026-07-08,0.4593733,0,0.4686589,0.41029102,0.49917
BABA,2026-07-08,0.4593581,0,0.4466712,0.45678216,0.47462088
BLNK,2026-07-08,0.45926952,0,0.43439397,0.485244,0.45817056
MIY,2026-07-08,0.4592505,0,0.469249,0.4371947,0.47130772
EVCM,2026-07-08,0.45924115,0,0.47731072,0.38887733,0.5115353
FT,2026-07-08,0.45921916,0,0.454145,0.43734473,0.48616767
IAF,2026-07-08,0.45920902,0,0.46448898,0.4450574,0.46808064
HPI,2026-07-08,0.45914304,0,0.475426,0.41639185,0.4856112
SA,2026-07-08,0.4591398,0,0.4510991,0.45766565,0.4686546
SES,2026-07-08,0.45913744,0,0.4402574,0.4847265,0.45242834
FMX,2026-07-08,0.45910078,0,0.4642237,0.41633576,0.49674276
AXTI,2026-07-08,0.45909816,0,0.45908174,0.44227406,0.4759387
WSFS,2026-07-08,0.45909363,0,0.475426,0.41344962,0.48840517
KVUE,2026-07-08,0.4590826,0,0.4369967,0.47593388,0.46431714
LSTA,2026-07-08,0.45906118,0,0.4682946,0.4633906,0.44549838
GOOS,2026-07-08,0.459053,0,0.4607253,0.43633634,0.48009732
NAZ,2026-07-08,0.4589775,0,0.44202933,0.48928744,0.44561568
ISD,2026-07-08,0.45897233,0,0.44135413,0.44106936,0.4944935
MAT,2026-07-08,0.4589259,0,0.45737395,0.4355087,0.48389497
UCB,2026-07-08,0.45892224,0,0.44418135,0.4423054,0.49027997
HDL,2026-07-07,0.45887935,0,0.473698,0.3974686,0.50547135
RXT,2026-07-08,0.4588706,0,0.45174006,0.46285245,0.4620192
VATE,2026-07-08,0.45886537,0,0.45966336,0.45912814,0.4578045
MGM,2026-07-08,0.45883635,0,0.48654214,0.3840821,0.5058847
SOR,2026-07-08,0.4588253,0,0.44988328,0.43737325,0.4892193
CCSI,2026-07-08,0.45880288,0,0.47514904,0.41614074,0.48511878
NOW,2026-07-08,0.4587921,0,0.4851649,0.3605018,0.53070956
IMPP,2026-07-08,0.4587673,0,0.43613678,0.5063466,0.43381852
LASR,2026-07-08,0.45876187,0,0.46955755,0.4407856,0.4659424
MAIA,2026-07-08,0.4587567,0,0.4279612,0.4647658,0.4835431
BNL,2026-07-08,0.45874897,0,0.45486492,0.43666464,0.48471725
NBTX,2026-07-08,0.4587173,0,0.475426,0.46661496,0.43411082
ETJ,2026-07-08,0.45871294,0,0.45514584,0.43974242,0.4812505
UPB,2026-07-08,0.45864323,0,0.41712868,0.48809004,0.47071096
MEGI,2026-07-08,0.45863628,0,0.47557455,0.4176202,0.48271412
ISBA,2026-07-08,0.4585976,0,0.48304456,0.48092565,0.41182265
OCUL,2026-07-08,0.45859373,0,0.47039264,0.4306511,0.47473735
BTG,2026-07-08,0.4585818,0,0.448184,0.45605162,0.47150978
HYT,2026-07-08,0.4585338,0,0.4347435,0.4644291,0.47642872
PCTY,2026-07-08,0.45851788,0,0.46825105,0.41113982,0.49616277
SFBS,2026-07-08,0.45851701,0,0.47831106,0.39971653,0.49752337
GHM,2026-07-08,0.4585144,0,0.48158318,0.4103262,0.48363376
CNL,2026-07-08,0.45849586,0,0.45557654,0.48012644,0.4397845
FER,2026-07-08,0.4584905,0,0.4623352,0.5093535,0.4037827
PGP,2026-07-08,0.4584853,0,0.44283214,0.46046928,0.47215447
PFN,2026-07-08,0.45847824,0,0.4646661,0.4492317,0.46153688
UTSI,2026-07-08,0.45847738,0,0.49406615,0.41355172,0.46781424
TVE,2026-07-08,0.4583697,0,0.4661518,0.4367879,0.47216937
AEVA,2026-07-08,0.4583481,0,0.45723307,0.45751476,0.46029633
TNDM,2026-07-08,0.45833373,0,0.4585864,0.4375218,0.478893
MCHX,2026-07-08,0.45832443,0,0.45515078,0.46464938,0.45517313
ALTI,2026-07-08,0.45832232,0,0.475426,0.46217045,0.43737045
PIII,2026-07-08,0.4582954,0,0.44059333,0.4739708,0.460322
RJF,2026-07-08,0.45828116,0,0.46875274,0.38922578,0.51686484
NXE,2026-07-08,0.4582568,0,0.475426,0.40982237,0.489522
BZ,2026-07-08,0.45822302,0,0.43933508,0.4919854,0.44334847
RSI,2026-07-08,0.4582076,0,0.45052746,0.43520656,0.48888868
NTWK,2026-07-08,0.45817417,0,0.4662056,0.4500697,0.45824718
CRCT,2026-07-08,0.45816547,0,0.475426,0.42099592,0.47807446
JOE,2026-07-08,0.45815283,0,0.46462554,0.43570164,0.47413126
GNLX,2026-07-08,0.4581468,0,0.46200672,0.43935484,0.47307876
LIND,2026-07-08,0.45810318,0,0.475426,0.41205665,0.4868268
NBIS,2026-07-08,0.45805007,0,0.43749797,0.4353047,0.50134754
IDT,2026-07-08,0.45803773,0,0.4641816,0.4147482,0.49518335
PII,2026-07-08,0.4580263,0,0.4707372,0.40235174,0.5009899
HIPO,2026-07-08,0.4580021,0,0.45097193,0.45693597,0.4660983
KFRC,2026-07-08,0.45798755,0,0.45824784,0.43297374,0.48274097
TROO,2026-07-08,0.45797414,0,0.4544434,0.4599202,0.45955876
UIS,2026-07-08,0.4579535,0,0.47338897,0.41699308,0.48347843
ARBE,2026-07-08,0.45794958,0,0.4591346,0.4599976,0.4547165
PSBD,2026-07-08,0.45794517,0,0.45700887,0.4410201,0.47580653
EYPT,2026-07-08,0.45791465,0,0.45492017,0.4482218,0.47060198
TME,2026-07-08,0.4579004,0,0.44744408,0.45431098,0.47194612
HCAT,2026-07-08,0.457899,0,0.47237393,0.42151737,0.4798057
ZNTL,2026-07-08,0.45788604,0,0.459875,0.43831658,0.47546655
RAIN,2026-07-08,0.45786637,0,0.46183112,0.44604805,0.46571988
ELUT,2026-07-08,0.4578458,0,0.46683928,0.43984124,0.4668569
HLNE,2026-07-08,0.4578219,0,0.4532919,0.4161441,0.50402975
RVT,2026-07-08,0.45781615,0,0.4628414,0.41870445,0.49190256
APPF,2026-07-08,0.45780298,0,0.47502527,0.40099585,0.49738777
BDTX,2026-07-08,0.45771015,0,0.46196428,0.4659382,0.44522792
VFS,2026-07-08,0.4577031,0,0.44884136,0.5006708,0.42359716
LWLG,2026-07-08,0.45769617,0,0.47810432,0.42432326,0.4706609
SPHL,2026-07-08,0.4576811,0,0.44580096,0.4337264,0.49351582
ATS,2026-07-08,0.45767877,0,0.45726866,0.47015405,0.4456135
VOXR,2026-07-08,0.45765787,0,0.4556248,0.4623314,0.4550174
AGL,2026-07-08,0.45761353,0,0.4723931,0.42579436,0.47465307
AMPL,2026-07-08,0.45752978,0,0.47005695,0.40783215,0.49470016
PYXS,2026-07-08,0.45747313,0,0.46229923,0.47167215,0.4384479
DSX,2026-07-08,0.4574614,0,0.4522342,0.46139237,0.45875758
KYTX,2026-07-08,0.45743573,0,0.43801677,0.46699923,0.46729112
ADAMZ,2026-07-08,0.45743486,0,0.47192582,0.42586926,0.47450948
ENIC,2026-07-08,0.45739776,0,0.4582209,0.4523635,0.46160886
RRGB,2026-07-08,0.4573871,0,0.47090176,0.43272617,0.46853325
ODD,2026-07-08,0.45736194,0,0.44461697,0.4653795,0.46208927
PPSI,2026-07-08,0.45735896,0,0.4744473,0.43925366,0.45837593
TTMI,2026-07-08,0.4573571,0,0.47701898,0.3968587,0.49819362
SMC,2026-07-08,0.45732743,0,0.44932854,0.44004714,0.4826066
DTSQU,2026-06-30,0.45731863,0,0.48338237,0.38416332,0.5044102
EBC,2026-07-08,0.4572838,0,0.47264993,0.41552752,0.4836739
SER,2026-07-08,0.4572559,0,0.47071272,0.44654676,0.45450816
BFS,2026-07-08,0.45724097,0,0.4696842,0.42483288,0.4772058
BOXL,2026-07-08,0.45723844,0,0.4495656,0.4723524,0.4497973
DE,2026-07-08,0.45720103,0,0.4796412,0.38473767,0.5072242
PEG,2026-07-08,0.457174,0,0.48367697,0.35332888,0.53451616
CENX,2026-07-08,0.4571333,0,0.47185618,0.4124892,0.4870544
CAPS,2026-07-08,0.45713136,0,0.44534653,0.45462736,0.4714201
BIT,2026-07-08,0.4571086,0,0.45274583,0.44734508,0.47123486
ICHR,2026-07-08,0.45710668,0,0.48118323,0.3924321,0.4977047
CHRD,2026-07-08,0.4570865,0,0.4907212,0.3653242,0.515214
CALX,2026-07-08,0.45704517,0,0.46455452,0.415567,0.49101394
OBIO,2026-07-08,0.45703042,0,0.47045112,0.46830013,0.43233994
GAMB,2026-07-08,0.4570014,0,0.475426,0.40317982,0.49239832
CLOV,2026-07-08,0.4569924,0,0.45554855,0.44597548,0.46945313
AIG,2026-07-08,0.4569744,0,0.47079584,0.38900933,0.511118
WSBC,2026-07-08,0.45695323,0,0.4475491,0.4469844,0.47632617
XXI,2026-07-08,0.4568834,0,0.46609586,0.4530138,0.45154047
STRT,2026-07-08,0.45686477,0,0.46599773,0.4326128,0.4719837
WIW,2026-07-08,0.4568598,0,0.43557516,0.47597727,0.45902687
PLTR,2026-07-08,0.45683366,0,0.475426,0.4018952,0.49317977
INOD,2026-07-08,0.4568219,0,0.46895128,0.4259077,0.47560668
DSM,2026-07-08,0.45678282,0,0.44269547,0.47951114,0.4481419
HIVE,2026-07-08,0.4567525,0,0.45888487,0.4423646,0.46900803
AGMH,2026-07-08,0.45674378,0,0.4731457,0.44375247,0.4533332
BRK-A,2026-07-08,0.4567429,0,0.48617604,0.3696293,0.5144234
TTAN,2026-07-08,0.45673585,0,0.4711887,0.39619926,0.50281954
NNY,2026-07-08,0.45672053,0,0.44408897,0.4642274,0.46184516
VNT,2026-07-08,0.45669794,0,0.45566165,0.40702158,0.5074105
NGVC,2026-07-08,0.45669416,0,0.46053275,0.416131,0.4934187
DYNCU,2026-07-06,0.45668483,0,0.47059748,0.3975083,0.50194865
HAIN,2026-07-08,0.45668462,0,0.45047188,0.4377708,0.4818111
YHNAU,2026-06-17,0.4566811,0,0.475426,0.41167498,0.48294228
OVID,2026-07-08,0.45663646,0,0.44290876,0.4488994,0.47810116
CHWY,2026-07-08,0.45662057,0,0.45266396,0.43801227,0.47918534
NBTB,2026-07-08,0.45659924,0,0.475426,0.3943973,0.49997443
SEG,2026-07-08,0.45656762,0,0.45085558,0.48784456,0.43100265
RICK,2026-07-08,0.45655632,0,0.47344083,0.41468492,0.4815432
SRZN,2026-07-08,0.4565348,0,0.47087765,0.4351781,0.4635487
SXTP,2026-07-08,0.4565106,0,0.44934645,0.48682895,0.4333563
AVK,2026-07-08,0.45649526,0,0.43580908,0.44827884,0.48539782
DEA,2026-07-08,0.4564865,0,0.44962674,0.4506128,0.4692199
HOVR,2026-07-08,0.45645905,0,0.4673397,0.47124994,0.43078747
KRMD,2026-07-08,0.45645463,0,0.46561834,0.44363326,0.46011233
AEIS,2026-07-08,0.45641124,0,0.4985741,0.36866203,0.50199753
PPBT,2026-07-08,0.45641056,0,0.4519319,0.45492384,0.46237588
WABC,2026-07-08,0.4564072,0,0.475426,0.4095439,0.48425165
KTH,2026-07-08,0.45640036,0,0.4701622,0.4592766,0.43976218
IIPR,2026-07-08,0.45637769,0,0.49674276,0.37027222,0.502118
XCH,2026-07-08,0.4563731,0,0.43367955,0.42047432,0.5149653
SGC,2026-07-08,0.45634946,0,0.475426,0.41338986,0.48023245
CZR,2026-07-08,0.45634025,0,0.47509092,0.40701434,0.48691553
VRTS,2026-07-08,0.45632458,0,0.46135908,0.40927055,0.4983441
KVAC,2026-07-08,0.4563195,0,0.46704552,0.5231651,0.37874788
FN,2026-07-08,0.45626894,0,0.47801343,0.39388624,0.49690711
HON,2026-07-08,0.45626873,0,0.4585787,0.40920746,0.50101995
OMEX,2026-07-08,0.4561864,0,0.4350825,0.47095278,0.46252385
LTC,2026-07-08,0.45617408,0,0.477164,0.38046134,0.5108969
CAF,2026-07-08,0.45615196,0,0.4591354,0.4463149,0.46300545
TASK,2026-07-08,0.45611966,0,0.46576053,0.41825494,0.48434347
EEIQ,2026-07-08,0.45611688,0,0.45753217,0.4662468,0.44457155
LEXX,2026-07-08,0.4560961,0,0.46429345,0.44078934,0.46320546
DOV,2026-07-08,0.45609063,0,0.46180487,0.402099,0.50436795
SMWB,2026-07-08,0.45604962,0,0.4710769,0.414804,0.48226795
DTE,2026-07-08,0.4560475,0,0.4782882,0.36165094,0.52820337
EMF,2026-07-08,0.4560434,0,0.46328884,0.4096299,0.49521142
CURV,2026-07-08,0.4559664,0,0.45357752,0.43328708,0.48103458
PRIM,2026-07-08,0.45596462,0,0.5026577,0.3556025,0.50963366
MACI,2026-07-08,0.45595396,0,0.4583756,0.44981235,0.45967394
RF,2026-07-08,0.45595062,0,0.45951188,0.40574628,0.5025937
VENU,2026-07-08,0.45592532,0,0.4243813,0.46117523,0.48221943
MOVE,2026-07-08,0.4559107,0,0.42288205,0.47563645,0.46921358
HCSG,2026-07-08,0.45588905,0,0.46581185,0.4314132,0.4704421
RCKY,2026-07-08,0.45588744,0,0.46763042,0.4298948,0.47013703
MFM,2026-07-08,0.45586827,0,0.4717341,0.45233154,0.4435391
RAVE,2026-07-08,0.455868,0,0.46167225,0.44098958,0.46494216
MCD,2026-07-08,0.45584303,0,0.475426,0.3844932,0.50760984
SLP,2026-07-08,0.4557943,0,0.4633646,0.41620317,0.48781505
CHDN,2026-07-08,0.45579255,0,0.47899047,0.3933769,0.49501026
NOAH,2026-07-08,0.4557461,0,0.46464932,0.43399078,0.46859816
LX,2026-07-08,0.45574397,0,0.45696023,0.43054652,0.4797251
WLDN,2026-07-08,0.45567924,0,0.46829146,0.41746947,0.48127678
DLTR,2026-07-08,0.45567524,0,0.46599174,0.40602335,0.49501058
LASE,2026-07-08,0.45565578,0,0.46722052,0.4487816,0.45096523
VHC,2026-07-08,0.45562932,0,0.4472078,0.48590794,0.43377212
MMU,2026-07-08,0.45558387,0,0.4367146,0.46749085,0.46254608
PRTH,2026-07-08,0.45558175,0,0.4715109,0.41860348,0.47663087
BWLP,2026-07-08,0.45557863,0,0.47140628,0.49677876,0.39855087
XELB,2026-07-08,0.4555483,0,0.4358395,0.4886885,0.44211683
DUK,2026-07-08,0.45554638,0,0.4768796,0.3787938,0.5109657
CDLX,2026-07-08,0.45554218,0,0.475426,0.41711715,0.4740834
PENG,2026-07-08,0.4555354,0,0.44685447,0.42631626,0.49343538
BIO,2026-07-08,0.45553464,0,0.47230357,0.40158626,0.49271414
CBU,2026-07-08,0.4554956,0,0.45529193,0.4397508,0.471444
DYN,2026-07-08,0.45547992,0,0.4630408,0.41932192,0.48407704
TECK,2026-07-08,0.45546126,0,0.47233877,0.39338544,0.50065947
QDEL,2026-07-08,0.45545834,0,0.45254102,0.44411466,0.4697193
DSP,2026-07-08,0.4554534,0,0.45925748,0.43814123,0.46896145
BHE,2026-07-08,0.45544636,0,0.49464142,0.3743363,0.49736124
BCDA,2026-07-08,0.45544505,0,0.46145573,0.46123782,0.4436416
RDNW,2026-07-08,0.45542634,0,0.475426,0.42015883,0.47069418
MCN,2026-07-08,0.45540088,0,0.4721869,0.42331278,0.470703
VSA,2026-07-08,0.45538956,0,0.4676848,0.45727503,0.4412088
PFE,2026-07-08,0.4553743,0,0.4573743,0.43189177,0.47685674
DJCO,2026-07-08,0.45536762,0,0.475426,0.3860049,0.50467193
HG,2026-07-08,0.45536223,0,0.4797749,0.4031235,0.48318824
BVFL,2026-07-08,0.4553497,0,0.48367256,0.4242293,0.4581473
GHRS,2026-07-08,0.45534152,0,0.46050075,0.44212705,0.4633967
MYO,2026-07-08,0.4553244,0,0.44211575,0.45208067,0.4717768
MYE,2026-07-08,0.4552611,0,0.45789626,0.42214864,0.48573834
HTCO,2026-07-08,0.45523268,0,0.44511837,0.4458254,0.47475415
OPK,2026-07-08,0.455231,0,0.45897162,0.45601958,0.4507018
WETH,2026-07-08,0.45522738,0,0.45846742,0.4428852,0.46432954
UHAL-B,2026-07-08,0.4552248,0,0.47560486,0.38963327,0.50043625
VOR,2026-07-08,0.45522222,0,0.42784256,0.49711543,0.44070864
WELL,2026-07-08,0.45521197,0,0.4671424,0.39381024,0.50468326
TAC,2026-07-08,0.4551944,0,0.42900994,0.45507705,0.48149619
DMRA,2026-07-08,0.45518836,0,0.4366784,0.4718809,0.45700577
LTRX,2026-07-08,0.4551875,0,0.4758263,0.4120857,0.47765046
ESP,2026-07-08,0.45515847,0,0.47874123,0.4197701,0.46696407
CNTY,2026-07-08,0.45513934,0,0.4254822,0.48198342,0.45795235
BKT,2026-07-08,0.45511338,0,0.44701555,0.47056478,0.4477598
CMMB,2026-07-08,0.45508918,0,0.46653783,0.43998083,0.45874885
AG,2026-07-08,0.455081,0,0.45714167,0.43559566,0.47250563
DSL,2026-07-08,0.4550769,0,0.46054778,0.42204803,0.4826348
CAL,2026-07-08,0.4550711,0,0.47729868,0.39889723,0.4890173
SEPN,2026-07-08,0.45506394,0,0.4300478,0.4520066,0.4831373
CLNE,2026-07-08,0.45503157,0,0.45247385,0.45078933,0.46183148
VKQ,2026-07-08,0.45502484,0,0.4390173,0.46716243,0.4588948
BLDP,2026-07-08,0.45502245,0,0.4338506,0.48751488,0.44370186
NERV,2026-07-08,0.45501944,0,0.44409513,0.4512317,0.4697315
GECCI,2026-07-08,0.45494604,0,0.4654781,0.4390201,0.46033984
SPRB,2026-07-08,0.45493013,0,0.46158826,0.44128597,0.46191606
EGBN,2026-07-08,0.45492482,0,0.44428062,0.44676587,0.47372785
MFIC,2026-07-08,0.45492312,0,0.462167,0.39256597,0.5100364
DFLI,2026-07-08,0.4549154,0,0.45746222,0.46081683,0.4464671
OKYO,2026-07-08,0.45488444,0,0.45431453,0.4465176,0.46382114
BTX,2026-07-08,0.45487726,0,0.45798954,0.42324135,0.48340088
NAMI,2026-07-08,0.4548196,0,0.4727333,0.41854447,0.47318092
OXSQ,2026-07-08,0.45481566,0,0.4314104,0.47010806,0.4629284
AGPU,2026-07-08,0.45478326,0,0.4624706,0.4626457,0.43923342
JNJ,2026-07-08,0.45465213,0,0.475426,0.3890653,0.49946502
BCV,2026-07-08,0.45463264,0,0.48052916,0.3795252,0.5038434
CABA,2026-07-08,0.45462835,0,0.44927102,0.44533482,0.46927905
SRAD,2026-07-08,0.4545732,0,0.44209576,0.42243832,0.4991856
AVAV,2026-07-08,0.4545557,0,0.4815659,0.3914897,0.4906114
TALK,2026-07-08,0.45452797,0,0.46590447,0.43355313,0.46412623
SBI,2026-07-08,0.4545235,0,0.44457707,0.48626307,0.43273038
UVE,2026-07-08,0.45450807,0,0.46813017,0.4014366,0.49395734
LION,2026-07-08,0.45450458,0,0.45783377,0.4642164,0.4414635
SAIA,2026-07-08,0.45449692,0,0.484498,0.35931548,0.5196772
IPW,2026-07-08,0.45449004,0,0.44815728,0.46837863,0.44693413
NPKI,2026-07-08,0.45441478,0,0.49370593,0.37814552,0.49139282
ICLR,2026-07-08,0.4543898,0,0.46174783,0.41037694,0.49104464
PRSU,2026-07-08,0.4543574,0,0.450111,0.43940288,0.47355825
TVC,2026-07-08,0.4543205,0,0.45898187,0.44225794,0.4617216
BL,2026-07-08,0.45430964,0,0.44610456,0.43954614,0.47727814
AMTM,2026-07-08,0.45430112,0,0.47421843,0.4079697,0.48071513
SMPL,2026-07-08,0.4542434,0,0.47937626,0.3934066,0.48994723
BKU,2026-07-08,0.45424244,0,0.4456071,0.43051836,0.4866018
GRNQ,2026-07-08,0.4542382,0,0.45897174,0.45878834,0.4449545
KEY,2026-07-08,0.4542333,0,0.45363048,0.42471176,0.48435757
GALT,2026-07-08,0.4542071,0,0.4492962,0.46496406,0.44836098
CRWS,2026-07-08,0.45418447,0,0.46395135,0.44827703,0.45032504
NOVT,2026-07-08,0.45417535,0,0.47859007,0.379145,0.50479096
VIVS,2026-07-08,0.4541659,0,0.45285752,0.48173755,0.42790252
CNTX,2026-07-08,0.4541599,0,0.44588616,0.48259783,0.43399563
LPL,2026-07-08,0.45415962,0,0.44872957,0.4384206,0.47532868
ZTR,2026-07-08,0.45414525,0,0.4617924,0.4168249,0.48381835
BDC,2026-07-08,0.4541323,0,0.49133474,0.35389498,0.51716715
NBXG,2026-07-08,0.45410985,0,0.45850232,0.4001389,0.5036882
SND,2026-07-08,0.45407712,0,0.44495702,0.4491001,0.46817416
SDOT,2026-07-08,0.45404232,0,0.45454285,0.43482018,0.47276384
ENR,2026-07-08,0.45398116,0,0.46668673,0.39337686,0.5018798
HUT,2026-07-08,0.45390382,0,0.48220366,0.41652927,0.46297848
HASI,2026-07-08,0.45388898,0,0.47261605,0.38497412,0.5040767
MPU,2026-07-08,0.45386764,0,0.4617164,0.44542092,0.4544655
CTRN,2026-07-08,0.45384827,0,0.4571032,0.42878625,0.47565535
CIK,2026-07-08,0.45384717,0,0.46271855,0.44663104,0.4521918
FLL,2026-07-08,0.45384324,0,0.47045943,0.4315274,0.4595429
VEEE,2026-07-08,0.4538381,0,0.4703765,0.44681835,0.44431946
IMTE,2026-07-08,0.45379722,0,0.43688768,0.45650798,0.46799588
TLSI,2026-07-08,0.45378494,0,0.475426,0.46721792,0.41871086
SWK,2026-07-08,0.4537719,0,0.46716815,0.4214725,0.47267497
HEPS,2026-07-08,0.4537596,0,0.45044115,0.45659474,0.45424286
SANM,2026-07-08,0.4537462,0,0.485885,0.37333602,0.50201756
ABUS,2026-07-08,0.4536858,0,0.43479005,0.46273535,0.46353194
GPN,2026-07-08,0.453664,0,0.45883125,0.41037837,0.4917823
TE,2026-07-08,0.45364413,0,0.475426,0.41153216,0.4739741
IGD,2026-07-08,0.45359683,0,0.47043154,0.41555217,0.47480673
REAL,2026-07-08,0.45358062,0,0.469767,0.4216716,0.46930325
NFGC,2026-07-08,0.45356005,0,0.44977704,0.4686677,0.4422355
AUID,2026-07-08,0.4535588,0,0.46310213,0.43737394,0.46020022
SOPH,2026-07-08,0.45355535,0,0.44876322,0.43909463,0.47280818
GGT,2026-07-08,0.45353818,0,0.44667813,0.4452157,0.46872064
KRNY,2026-07-08,0.45352504,0,0.44613427,0.45881665,0.45562413
BOF,2026-07-08,0.45348907,0,0.4559771,0.45084187,0.45364818
FGI,2026-07-08,0.45348555,0,0.45968315,0.4485923,0.45218116
HGBL,2026-07-08,0.45348418,0,0.44317886,0.46792272,0.44935086
AMG,2026-07-08,0.4534738,0,0.4582049,0.39984885,0.5023676
FOA,2026-07-08,0.45341963,0,0.4410087,0.46749547,0.45175463
VLN,2026-07-08,0.45337918,0,0.44926137,0.4452621,0.46561405
HITI,2026-07-08,0.45336547,0,0.43852267,0.46734405,0.45422965
GDS,2026-07-08,0.45336235,0,0.4501208,0.43314454,0.4768216
DX,2026-07-08,0.45334616,0,0.47284347,0.39025146,0.4969435
LFMDP,2026-07-08,0.45332384,0,0.4807479,0.45006347,0.42916006
CIM,2026-07-08,0.4533131,0,0.4500165,0.4261935,0.48372918
DLTH,2026-07-08,0.4533124,0,0.47274733,0.42183375,0.4653561
LOB,2026-07-08,0.45330438,0,0.4757926,0.39558575,0.48853478
ZBIO,2026-07-08,0.45327783,0,0.43524188,0.46497446,0.4596171
ELV,2026-07-08,0.45325482,0,0.46985874,0.3867761,0.5031296
RVTY,2026-07-08,0.4532504,0,0.46720335,0.40300396,0.48954386
NODK,2026-07-08,0.45320973,0,0.469462,0.42637095,0.46379623
ALTO,2026-07-08,0.45320338,0,0.44719246,0.43303856,0.47937906
IPGP,2026-07-08,0.4531551,0,0.47642264,0.3816254,0.5014172
PHAR,2026-07-08,0.45315504,0,0.46368527,0.42394352,0.47183633
MGYR,2026-07-08,0.45315042,0,0.45889878,0.44113198,0.45942047
GOSS,2026-07-08,0.4531493,0,0.45565006,0.4382518,0.4655459
NSYS,2026-07-08,0.45314538,0,0.47028726,0.4125533,0.47659555
MS,2026-07-08,0.4530539,0,0.475426,0.37301597,0.5107197
IONR,2026-07-08,0.4529959,0,0.45750263,0.44279724,0.45868775
AIV,2026-07-08,0.4529932,0,0.444387,0.43363664,0.48095602
OMER,2026-07-08,0.45297474,0,0.45336133,0.43032616,0.47523662
PMAX,2026-07-08,0.4529547,0,0.44943577,0.4563152,0.4531132
KLRS,2026-07-08,0.45293224,0,0.43245572,0.46925402,0.45708692
MFC,2026-07-08,0.45292765,0,0.4744022,0.36969623,0.5146844
MDB,2026-07-08,0.45290756,0,0.4660356,0.39975813,0.49292898
TLX,2026-07-08,0.45286787,0,0.46081176,0.43509397,0.46269783
WHLRP,2026-07-08,0.45282993,0,0.44763717,0.5042682,0.40658432
TWLO,2026-07-08,0.45276734,0,0.44934174,0.4102008,0.49875945
OPFI,2026-07-08,0.45275828,0,0.4662638,0.4278622,0.46414882
LUMN,2026-07-08,0.45273417,0,0.43805382,0.44961917,0.47052953
RZLT,2026-07-08,0.45272774,0,0.44750667,0.42482424,0.48585224
LQDT,2026-07-08,0.45271608,0,0.48080578,0.37051815,0.5068242
ANGI,2026-07-08,0.452698,0,0.46529624,0.43008506,0.46271265
PML,2026-07-08,0.45269614,0,0.42684382,0.47923827,0.45200628
ABVX,2026-07-08,0.45268935,0,0.44351324,0.45697954,0.45757523
VRA,2026-07-08,0.45268148,0,0.46165812,0.4166736,0.47971272
KOSS,2026-07-08,0.45266125,0,0.4404341,0.48913577,0.42841384
ARDT,2026-07-08,0.45265687,0,0.475426,0.42664614,0.45589843
EXTR,2026-07-08,0.45264617,0,0.47483155,0.37978336,0.50332355
TEI,2026-07-08,0.45263496,0,0.4444972,0.45817515,0.45523244
HSDT,2026-07-08,0.45260897,0,0.4974735,0.4211093,0.4392441
IR,2026-07-08,0.45258248,0,0.47157606,0.38363013,0.5025412
IRD,2026-07-08,0.4525804,0,0.43878898,0.45967922,0.45927292
DFTX,2026-07-08,0.45256048,0,0.44317952,0.45096126,0.46354064
MREO,2026-07-08,0.4525221,0,0.462713,0.43340087,0.46145236
LGL,2026-07-08,0.45251733,0,0.48432943,0.41971523,0.4535074
CVR,2026-07-08,0.4525134,0,0.4781538,0.44197315,0.43741316
GNL,2026-07-08,0.452494,0,0.47173595,0.39743772,0.48830822
TS,2026-07-08,0.45246267,0,0.49651036,0.3563883,0.5044893
SHC,2026-07-08,0.45245993,0,0.44975987,0.42784002,0.47977984
NXGL,2026-07-08,0.45239475,0,0.4536825,0.42855683,0.47494492
NPCT,2026-07-08,0.45237797,0,0.44564664,0.4367469,0.4747403
GAUZ,2026-07-08,0.45237368,0,0.46989653,0.42799217,0.4592323
ACIC,2026-07-08,0.45236266,0,0.45410392,0.44688073,0.4561033
LCFY,2026-07-08,0.45235264,0,0.43660885,0.47311643,0.4473325
BPYPN,2026-07-08,0.45234355,0,0.4611703,0.43256363,0.46329668
CLB,2026-07-08,0.45234054,0,0.475426,0.3914704,0.49012518
WTI,2026-07-08,0.45231545,0,0.44144598,0.4586028,0.4568975
RPRX,2026-07-08,0.4523093,0,0.458551,0.4227281,0.47564876
FAST,2026-07-08,0.45230296,0,0.47452778,0.37841544,0.5039657
BIRD,2026-07-08,0.4522923,0,0.475426,0.42567673,0.4557741
RUM,2026-07-08,0.45227543,0,0.4537316,0.4358318,0.4672629
BAER,2026-07-08,0.4522426,0,0.48181814,0.4448378,0.43007183
PAR,2026-07-08,0.45223927,0,0.4830916,0.37317765,0.5004485
UPLD,2026-07-08,0.4522224,0,0.4604455,0.44099182,0.4552299
NHPAP,2026-07-08,0.4522097,0,0.47223932,0.41599634,0.46839345
AXSM,2026-07-08,0.452178,0,0.475426,0.38958293,0.49152496
CVV,2026-07-08,0.45214373,0,0.4431648,0.44520468,0.46806175
ZG,2026-07-08,0.45213717,0,0.45875448,0.42357153,0.4740854
DMC,2026-07-08,0.45213658,0,0.45195046,0.41633403,0.48812523
PDCC,2026-07-08,0.45213515,0,0.4546345,0.4840424,0.41772845
CHMG,2026-07-08,0.45212397,0,0.4384194,0.45509422,0.46285826
TPC,2026-07-08,0.4521038,0,0.49514917,0.3701925,0.4909697
BE,2026-07-08,0.45210093,0,0.4751487,0.39385474,0.4872992
WALD,2026-07-08,0.45209676,0,0.47190353,0.45288375,0.431503
HLIO,2026-07-08,0.45206356,0,0.48991027,0.37606153,0.4902188
XPON,2026-07-08,0.45204067,0,0.43775654,0.47413346,0.44423205
UAA,2026-07-08,0.45203575,0,0.4744163,0.38154364,0.5001473
PC,2025-10-17,0.4520095,0,0.4298105,0.43662596,0.48959202
DHCNI,2026-07-08,0.45200607,0,0.4464522,0.45065066,0.4589153
SPXC,2026-07-08,0.45200062,0,0.47381327,0.37829092,0.50389767
SVM,2026-07-08,0.4519903,0,0.43062723,0.4552317,0.47011206
SIMA,2026-07-08,0.45196396,0,0.46333164,0.41135564,0.48120454
AVY,2026-07-08,0.451945,0,0.46203116,0.38876745,0.50503635
BNED,2026-07-08,0.45194116,0,0.45804235,0.43290803,0.46487305
BWEN,2026-07-08,0.45191032,0,0.44956174,0.44021267,0.46595654
SILO,2026-07-08,0.45190787,0,0.4547744,0.43456462,0.4663845
FXNC,2026-07-08,0.4518522,0,0.4557553,0.4582786,0.44152266
CEVA,2026-07-08,0.45179656,0,0.4480615,0.44043368,0.46689454
WAL,2026-07-08,0.4517816,0,0.4447213,0.4336215,0.47700197
IGIC,2026-07-08,0.45177692,0,0.4415295,0.42102614,0.49277502
AIIO,2026-07-08,0.45174468,0,0.45659533,0.44407478,0.45456386
CLSK,2026-07-08,0.4517445,0,0.475426,0.4226222,0.45718515
TELA,2026-07-08,0.45171237,0,0.45710918,0.43571284,0.46231496
IHD,2026-07-08,0.45166284,0,0.4548402,0.4365167,0.46363154
BV,2026-07-08,0.45163244,0,0.47549987,0.38797766,0.49141976
MRT,2026-07-08,0.45163164,0,0.48030514,0.46411934,0.4104704
HYMC,2026-07-08,0.4516167,0,0.4645914,0.44614518,0.44411355
NEWP,2026-07-08,0.45161012,0,0.4576974,0.45396143,0.44317144
DCTH,2026-07-08,0.4515886,0,0.46721897,0.41156507,0.47598168
MGEE,2026-07-08,0.45157877,0,0.4560658,0.4016477,0.4970227
LPCN,2026-07-08,0.45156905,0,0.44192424,0.45232224,0.46046063
WEAV,2026-07-08,0.45156032,0,0.47345397,0.38104016,0.50018686
BALY,2026-07-08,0.45152175,0,0.46715084,0.41674164,0.47067273
BSY,2026-07-08,0.4515124,0,0.4543757,0.40429863,0.49586284
WBUY,2026-07-08,0.4515096,0,0.46594438,0.4489557,0.4396286
SABS,2026-07-08,0.45149332,0,0.4289929,0.4752026,0.45028442
AAOI,2026-07-08,0.45149145,0,0.52349126,0.35157338,0.47940964
ALDX,2026-07-08,0.451463,0,0.46426606,0.425248,0.464875
GOOD,2026-07-08,0.45145914,0,0.4506608,0.41000608,0.49371052
KREF,2026-07-08,0.45144296,0,0.47681597,0.38063592,0.49687693
ALDF,2026-07-07,0.45142895,0,0.475426,0.3947778,0.48408303
FTS,2026-07-08,0.4514253,0,0.46298665,0.38306153,0.50822777
MSC,2026-07-08,0.45138487,0,0.4318905,0.48120478,0.4410593
MAMA,2026-07-08,0.4513625,0,0.47739276,0.4099032,0.4667914
ANDE,2026-07-08,0.4513624,0,0.4872667,0.3496026,0.5172179
AMS,2026-07-08,0.45130107,0,0.4794779,0.43354723,0.440878
IMMX,2026-07-08,0.4512968,0,0.4411988,0.46589634,0.44679517
AKR,2026-07-08,0.4512927,0,0.47727183,0.36418557,0.5124206
PONY,2026-07-08,0.45127702,0,0.41542566,0.4431979,0.4952075
LWAY,2026-07-08,0.45126164,0,0.45238003,0.44158033,0.4598245
IOT,2026-07-08,0.45124912,0,0.475426,0.3725659,0.5057555
BBY,2026-07-08,0.45124424,0,0.4700015,0.38665408,0.49707702
CLDX,2026-07-08,0.45122203,0,0.45205104,0.43853477,0.46308026
ALOY,2026-07-08,0.4511739,0,0.41317633,0.4919032,0.4484422
BYND,2026-07-08,0.45116827,0,0.45577273,0.44192615,0.4558059
TEM,2026-07-08,0.45115978,0,0.4665174,0.43411794,0.45284393
FTLF,2026-07-08,0.45115748,0,0.47523168,0.44486532,0.4333754
CYD,2026-07-08,0.4510848,0,0.4445276,0.44502297,0.46370372
CUBB,2026-07-08,0.45107323,0,0.47073337,0.43487516,0.4476111
XEL,2026-07-08,0.45102963,0,0.48574454,0.35960785,0.50773644
TBI,2026-07-08,0.45102054,0,0.45419404,0.40658394,0.49228355
CMPS,2026-07-08,0.45101538,0,0.44460604,0.44514218,0.46329784
BGS,2026-07-08,0.45101088,0,0.45312378,0.42792976,0.47197902
EDRY,2026-07-08,0.4509936,0,0.44511798,0.43217507,0.4756877
BBD,2026-07-08,0.45095658,0,0.43659496,0.45372507,0.4625497
SYBT,2026-07-08,0.4509338,0,0.475426,0.3923153,0.4850601
MXCT,2026-07-08,0.45092508,0,0.4387566,0.44764104,0.46637756
MLYS,2026-07-08,0.4509235,0,0.4389767,0.44313833,0.4706554
DCH,2026-07-08,0.45092076,0,0.44449607,0.42773312,0.48053312
MX,2026-07-08,0.45089877,0,0.454108,0.4340673,0.464521
CFFN,2026-07-08,0.45081088,0,0.45093855,0.454313,0.44718102
GSIT,2026-07-08,0.4508059,0,0.44662404,0.44821036,0.4575832
SEI,2026-07-08,0.45080176,0,0.47623807,0.3682377,0.50792944
SSBI,2026-07-06,0.4507704,0,0.47091126,0.43850258,0.44289732
BIOX,2026-07-08,0.45074412,0,0.4533674,0.43251252,0.46635234
LGIH,2026-07-08,0.45069927,0,0.47042656,0.39729637,0.4843748
FUND,2026-07-08,0.45068437,0,0.47208917,0.37699535,0.5029685
ECX,2026-07-08,0.45062864,0,0.47289586,0.43424106,0.44474897
POOL,2026-07-08,0.45062128,0,0.49633962,0.35086,0.5046641
MWG,2026-07-08,0.45061997,0,0.45502847,0.4454927,0.4513386
DRIO,2026-07-08,0.45058888,0,0.44296697,0.44558245,0.46321717
TAVIU,2026-06-18,0.450578,0,0.4894514,0.4478449,0.41443768
CFBK,2026-07-08,0.45056912,0,0.46489504,0.46574837,0.42106396
WIT,2026-07-08,0.45055696,0,0.44470313,0.4413854,0.46558237
IOVA,2026-07-08,0.45050117,0,0.4734645,0.4041937,0.47384527
XTNT,2026-07-08,0.4504672,0,0.42344773,0.48514977,0.44280398
BRIA,2026-07-08,0.45045686,0,0.45007998,0.44097355,0.46031696
AEFC,2026-07-08,0.45042694,0,0.45760414,0.40535656,0.48832005
PYPD,2026-07-08,0.45042223,0,0.48482388,0.428066,0.4383768
ZTS,2026-07-08,0.450355,0,0.45698053,0.4042842,0.48980013
ZIP,2026-07-08,0.45033228,0,0.467017,0.39296484,0.491015
FACTU,2026-06-25,0.45032644,0,0.46850133,0.39166218,0.49081582
HYI,2026-07-08,0.4503163,0,0.4342359,0.4566562,0.46005672
SOTK,2026-07-08,0.4502886,0,0.45107192,0.4249279,0.47486597
ANIP,2026-07-08,0.45027578,0,0.47411567,0.3815733,0.49513835
CSBR,2026-07-08,0.45027196,0,0.4498691,0.4329148,0.46803197
CRMT,2026-07-08,0.45022613,0,0.46212298,0.42160746,0.46694785
PRME,2026-07-08,0.45015767,0,0.43285242,0.46076655,0.45685396
DAIO,2026-07-08,0.4501047,0,0.43710092,0.46847522,0.44473794
LRMR,2026-07-08,0.45008785,0,0.4305171,0.45074114,0.4690052
MHF,2026-07-08,0.4500803,0,0.45256543,0.44670686,0.45096853
ALIT,2026-07-08,0.45006877,0,0.42796522,0.43852958,0.4837115
PRQR,2026-07-08,0.45006114,0,0.43705755,0.44713402,0.4659918
TMCI,2026-07-08,0.4500542,0,0.45588398,0.4065377,0.48774084
BIIB,2026-07-08,0.44999474,0,0.4548071,0.42535165,0.4698254
NNBR,2026-07-08,0.44998467,0,0.4486756,0.45617154,0.44510683
TOI,2026-07-08,0.44996783,0,0.46262756,0.4330906,0.45418534
ARTW,2026-07-08,0.44996032,0,0.45943758,0.45841256,0.43203083
IPWR,2026-07-08,0.44994867,0,0.4700855,0.4162738,0.46348655
FLX,2026-07-08,0.44993943,0,0.4457891,0.40849933,0.49552974
TMCWW,2026-07-08,0.44993582,0,0.46528715,0.4530856,0.43143463
CHGG,2026-07-08,0.44992954,0,0.44203725,0.44656673,0.46118453
LEA,2026-07-08,0.44991586,0,0.48302653,0.3635314,0.5031896
UK,2026-07-08,0.44991556,0,0.45704895,0.42634556,0.4663522
MATV,2026-07-08,0.44988978,0,0.46097776,0.40904722,0.47964427
MBUU,2026-07-08,0.44986823,0,0.46215436,0.39556137,0.49188894
FNGD,2026-07-08,0.44985226,0,0.4746684,0.39922476,0.47566354
STRO,2026-07-08,0.44983435,0,0.46006197,0.4298131,0.45962796
TLYS,2026-07-08,0.44982573,0,0.41836974,0.45925838,0.4718491
PTCT,2026-07-08,0.44979128,0,0.44286814,0.43066707,0.4758386
CXDO,2026-07-08,0.44977307,0,0.4514163,0.4419494,0.45595357
AMBR,2026-07-08,0.4497388,0,0.44470587,0.44428375,0.46022674
GERN,2026-07-08,0.449721,0,0.40835437,0.4631822,0.4776264
RNR,2026-07-08,0.44969177,0,0.46490294,0.3668708,0.5173015
RSKD,2026-07-08,0.44968617,0,0.45801625,0.4161559,0.4748864
SGML,2026-07-08,0.44961584,0,0.47482178,0.40531245,0.46871325
ALLO,2026-07-08,0.44956264,0,0.44783974,0.4281483,0.4726998
WVVIP,2026-07-08,0.44956124,0,0.47285923,0.44383708,0.43198732
KPLT,2026-07-08,0.44955885,0,0.44859096,0.45000973,0.4500758
MASS,2026-07-08,0.44954678,0,0.45109618,0.46217614,0.435368
DYAI,2026-07-08,0.4495317,0,0.45955992,0.43962148,0.44941366
DBX,2026-07-08,0.44948164,0,0.4535212,0.38508347,0.5098402
RVSB,2026-07-08,0.44946167,0,0.44279277,0.45486486,0.4507273
PACS,2026-07-08,0.44945252,0,0.4630551,0.39608297,0.48921946
BXP,2026-07-08,0.44945052,0,0.47684312,0.38227147,0.48923698
AEP,2026-07-08,0.4494274,0,0.46272418,0.37378365,0.5117743
HTT,2026-07-08,0.4493882,0,0.4541065,0.42513028,0.46892774
VIPS,2026-07-08,0.44938797,0,0.44178,0.4369677,0.46941617
DLB,2026-07-08,0.4493773,0,0.46859035,0.3881073,0.49143416
AQST,2026-07-08,0.44937626,0,0.44249964,0.44777974,0.45784932
FATE,2026-07-08,0.44932202,0,0.4360639,0.44038248,0.47151965
BH-A,2026-07-07,0.44930685,0,0.46648514,0.46005207,0.4213833
WAT,2026-07-08,0.44927296,0,0.42731944,0.43423158,0.48626786
PSTL,2026-07-08,0.44925666,0,0.45408863,0.41830173,0.47537953
NTLA,2026-07-08,0.44925255,0,0.46799192,0.4028073,0.47695845
SGLY,2026-07-08,0.4492163,0,0.47149223,0.39515972,0.4809969
NMT,2026-07-08,0.44918683,0,0.4437243,0.45093033,0.4529058
YSG,2026-07-08,0.4491682,0,0.47086254,0.4150459,0.4615962
VNDA,2026-07-08,0.4491646,0,0.4279687,0.43579096,0.48373416
SEER,2026-07-08,0.44914,0,0.45288298,0.43279848,0.46173853
PHUN,2026-07-08,0.4491314,0,0.46965417,0.43423855,0.44350144
LXRX,2026-07-08,0.44912937,0,0.44294932,0.4677026,0.4367361
TBLA,2026-07-08,0.44912165,0,0.4552891,0.4267842,0.46529168
HTZ,2026-07-08,0.44910204,0,0.46622342,0.42731497,0.45376772
SLNHP,2026-07-08,0.44908,0,0.433194,0.4591665,0.45487943
OACCU,2026-07-08,0.44907475,0,0.4683406,0.3947505,0.4841331
DFDV,2026-07-08,0.44907057,0,0.4479022,0.43178788,0.46752158
RFL,2026-07-08,0.44906983,0,0.4619072,0.45829472,0.42700747
CUBE,2026-07-08,0.44906902,0,0.46042636,0.39984083,0.4869398
FKWL,2026-07-08,0.44904888,0,0.45168656,0.44865757,0.44680247
BRFH,2026-07-08,0.4490432,0,0.4483643,0.44503543,0.45372984
MATX,2026-07-08,0.44902956,0,0.47859952,0.35798213,0.5105069
AMN,2026-07-08,0.44897085,0,0.47277737,0.3769702,0.4971649
VALN,2026-07-08,0.44893956,0,0.44569516,0.4462612,0.45486236
THG,2026-07-08,0.44889536,0,0.46592087,0.37777734,0.50298786
ONEW,2026-07-08,0.44881874,0,0.45988122,0.3869641,0.49961084
BIVI,2026-07-08,0.44881815,0,0.41441077,0.47446975,0.45757395
KTCC,2026-07-08,0.4488125,0,0.4481004,0.4531087,0.44522846
FELE,2026-07-08,0.44880164,0,0.45789486,0.3870418,0.50146824
GBX,2026-07-08,0.4487591,0,0.4657831,0.3892715,0.4912227
BOX,2026-07-08,0.44873083,0,0.47565278,0.383542,0.4869976
NEXM,2026-07-08,0.4487183,0,0.40739378,0.51052594,0.42823526
AKO-A,2026-07-08,0.44867966,0,0.48066616,0.42029867,0.44507414
FSLY,2026-07-08,0.44866806,0,0.4364881,0.42909077,0.4804253
SIGA,2026-07-08,0.44864607,0,0.4750431,0.36784732,0.5030477
CMT,2026-07-08,0.44863498,0,0.4628873,0.39404565,0.488972
APT,2026-07-08,0.44861114,0,0.46102896,0.42184407,0.46296033
FNGO,2026-07-08,0.44859838,0,0.49386016,0.3317825,0.5201525
VXZ,2026-07-08,0.44858065,0,0.45261565,0.45605567,0.43707058
ROMA,2026-07-08,0.44856966,0,0.45572942,0.45039532,0.43958423
EVC,2026-07-08,0.44856346,0,0.4537577,0.4233779,0.4685547
NIXX,2026-07-08,0.44853008,0,0.43867406,0.45712653,0.44978967
REGCP,2026-07-08,0.4485247,0,0.46022466,0.4635948,0.4217546
VFF,2026-07-08,0.44851565,0,0.43873093,0.45135456,0.4554614
PHK,2026-07-08,0.44844285,0,0.44421992,0.44792005,0.4531885
CIG-C,2026-07-08,0.44842246,0,0.48454827,0.36371973,0.49699926
ROLR,2026-07-08,0.4484175,0,0.41000316,0.45971897,0.47553033
PRLD,2026-07-08,0.44841158,0,0.44195518,0.44047737,0.46280214
CAAS,2026-07-08,0.44838616,0,0.47233567,0.41299716,0.45982563
RCI,2026-07-08,0.4483547,0,0.46289667,0.3934557,0.48871163
FTF,2026-07-08,0.4482739,0,0.4351525,0.4684671,0.4412021
AIOT,2026-07-08,0.44823667,0,0.44652206,0.44327116,0.45491678
GPRE,2026-07-08,0.44818598,0,0.45725986,0.4139891,0.47330895
ELME,2026-07-08,0.4481821,0,0.45656496,0.41270626,0.47527504
LCUT,2026-07-08,0.44817668,0,0.44380778,0.43963507,0.46108723
RXRX,2026-07-08,0.448174,0,0.46509418,0.39754423,0.48188347
ATKR,2026-07-08,0.44816795,0,0.516932,0.32478836,0.50278336
PVH,2026-07-08,0.44816455,0,0.46836573,0.3855702,0.49055767
ECC,2026-07-08,0.4481575,0,0.43840042,0.45436502,0.45170698
DTSS,2026-07-08,0.44814715,0,0.44572318,0.43081874,0.46789944
AUTL,2026-07-08,0.44811732,0,0.44557613,0.41681987,0.4819559
PERF,2026-07-08,0.44811678,0,0.45666632,0.42387083,0.4638131
PZG,2026-07-08,0.44810772,0,0.42378795,0.46157932,0.45895582
ALMU,2026-07-08,0.44809842,0,0.45644498,0.5030426,0.3848077
EAF,2026-07-08,0.44804743,0,0.46206877,0.40005907,0.4820144
UCL,2026-07-08,0.44803983,0,0.45497116,0.4343248,0.4548234
INVE,2026-07-08,0.44802856,0,0.4561505,0.42078432,0.4671509
COE,2026-07-08,0.4480061,0,0.40974364,0.4627799,0.47149473
BHC,2026-07-08,0.44797838,0,0.47328952,0.38862,0.48202556
TFIN,2026-07-08,0.44795737,0,0.4559041,0.41511217,0.47285584
SLGL,2026-07-08,0.4479562,0,0.44307753,0.44619605,0.454595
VIAV,2026-07-08,0.44792593,0,0.4721346,0.384787,0.4868562
DLPN,2026-07-08,0.44789964,0,0.42545313,0.4737575,0.44448826
AMC,2026-07-08,0.44789854,0,0.43783548,0.46559983,0.4402603
BALL,2026-07-08,0.44781107,0,0.46606505,0.38399622,0.4933719
PBI,2026-07-08,0.44780922,0,0.47766444,0.38795462,0.47780848
DAO,2026-07-08,0.44777745,0,0.42256123,0.45574388,0.4650272
SEAT,2026-07-08,0.44774908,0,0.42889902,0.44249782,0.47185034
LOT,2026-07-08,0.44771975,0,0.46359065,0.43620312,0.4433654
WRN,2026-07-08,0.44770628,0,0.43552366,0.46146742,0.44612765
CXW,2026-07-08,0.44764847,0,0.4721448,0.37314373,0.49765682
TAL,2026-07-08,0.44763023,0,0.42337152,0.4508607,0.46865848
APH,2026-07-08,0.44762844,0,0.4723192,0.3536506,0.5169155
KPRX,2026-07-08,0.44760674,0,0.47044265,0.41999403,0.45238355
SBXD,2026-07-08,0.44758385,0,0.47401172,0.4191469,0.44959292
NUTX,2026-07-08,0.44757384,0,0.46035948,0.44051126,0.44185078
JSPR,2026-07-08,0.44756755,0,0.44312978,0.44628546,0.45328733
CLW,2026-07-08,0.4475253,0,0.47387505,0.39112785,0.47757295
GIII,2026-07-08,0.44750574,0,0.4826754,0.35414702,0.5056948
OGC,2026-07-08,0.4474917,0,0.43454167,0.4470384,0.4608951
ZSQR,2026-07-08,0.4474256,0,0.45020285,0.47575724,0.4163167
AIT,2026-07-08,0.4473827,0,0.4858527,0.34394142,0.51235396
OLN,2026-07-08,0.44737226,0,0.44460455,0.4044487,0.4930635
APWC,2026-07-08,0.4473415,0,0.47117478,0.4381371,0.43271253
CCJ,2026-07-08,0.44728076,0,0.4924489,0.34941956,0.49997377
TTI,2026-07-08,0.44728073,0,0.4767222,0.3960455,0.46907443
RMAX,2026-07-08,0.44723535,0,0.4599716,0.41155884,0.4701755
HTCR,2026-07-08,0.44721568,0,0.44574636,0.44877398,0.4471266
UBS,2026-07-08,0.44718838,0,0.46688658,0.35560843,0.5190701
FUL,2026-07-08,0.44717667,0,0.47233313,0.37563524,0.49356157
SGRY,2026-07-08,0.44716647,0,0.46746913,0.3974414,0.47658885
VTVT,2026-07-08,0.44713145,0,0.45208415,0.4281977,0.46111247
VNCE,2026-07-08,0.44711003,0,0.45366585,0.45293397,0.4347302
IBO,2026-07-08,0.4471064,0,0.4390336,0.41364858,0.48863694
UTI,2026-07-08,0.447093,0,0.48948568,0.34147516,0.51031816
ANIX,2026-07-08,0.44707045,0,0.4503582,0.42719987,0.46365318
IZEA,2026-07-08,0.44706768,0,0.45220202,0.4312061,0.4577949
ADSE,2026-07-08,0.4470405,0,0.4585346,0.40373892,0.47884795
WFCF,2026-07-08,0.4470278,0,0.43447658,0.43938553,0.46722135
DTF,2026-07-08,0.44700933,0,0.4597237,0.4188435,0.46246076
RLTY,2026-07-08,0.4470048,0,0.46190527,0.38830572,0.49080342
LMFA,2026-07-08,0.44699517,0,0.4568548,0.41583335,0.46829733
MSM,2026-07-08,0.44697607,0,0.475426,0.37181184,0.49369037
GILT,2026-07-08,0.4469588,0,0.44004053,0.4400178,0.46081808
DFSC,2026-07-08,0.44693014,0,0.45433426,0.42970932,0.45674685
MTN,2026-07-08,0.44691977,0,0.44293222,0.40412918,0.49369785
AZZ,2026-07-08,0.44691128,0,0.4773043,0.36507425,0.49835527
PUK,2026-07-08,0.44690537,0,0.4800226,0.37343004,0.48726353
BBDO,2026-07-08,0.44688392,0,0.4614276,0.40966278,0.46956122
EGHT,2026-07-08,0.44687742,0,0.41790837,0.45628673,0.4664371
CCNE,2026-07-08,0.4468747,0,0.46763954,0.38618165,0.48680285
VIR,2026-07-08,0.4468372,0,0.4462901,0.41804868,0.47617278
SCLX,2026-07-08,0.44683477,0,0.46604025,0.44735405,0.42711002
NWTG,2026-07-08,0.44679156,0,0.451319,0.44478148,0.44427413
TCRX,2026-07-08,0.4467853,0,0.42759734,0.46970257,0.44305596
GPMT,2026-07-08,0.4467467,0,0.44922373,0.4069938,0.48402253
BFAM,2026-07-08,0.44671658,0,0.47669524,0.36878008,0.49467432
FFIN,2026-07-08,0.44671267,0,0.440091,0.43567872,0.4643682
WVVI,2026-07-08,0.44670057,0,0.45433235,0.4375367,0.44823268
HOWL,2026-07-08,0.44669956,0,0.43346983,0.45668548,0.44994336
Z,2026-07-08,0.44669503,0,0.45076478,0.40451148,0.48480874
ISSC,2026-07-08,0.4466858,0,0.44468787,0.4242397,0.4711297
PTHS,2026-07-08,0.44663087,0,0.44836548,0.40419325,0.48733383
IRT,2026-07-08,0.4465949,0,0.47218966,0.3725237,0.49507135
STEX,2026-07-08,0.44658267,0,0.46697292,0.4085472,0.46422783
IMAX,2026-07-08,0.44657993,0,0.4477948,0.40784174,0.48410326
ELPW,2026-07-08,0.4465708,0,0.475426,0.46400514,0.4002812
ARE,2026-07-08,0.44653854,0,0.4383898,0.42798007,0.47324574
OACC,2026-07-08,0.44653141,0,0.44614598,0.3874623,0.5059859
ARL,2026-07-08,0.4465027,0,0.46693048,0.39665082,0.4759267
ARTL,2026-07-08,0.4464692,0,0.44414216,0.43016315,0.46510217
HBIO,2026-07-08,0.44643295,0,0.43835008,0.4454002,0.45554855
MGLD,2026-07-08,0.44639933,0,0.4590103,0.4585066,0.421681
AEYE,2026-07-08,0.44638827,0,0.4236122,0.4450765,0.47047606
LKFT,2026-07-08,0.44638515,0,0.42568654,0.45541787,0.45805106
STFS,2026-07-08,0.44636703,0,0.44191834,0.4609838,0.43619883
MGRD,2026-07-08,0.44635123,0,0.47312397,0.39115158,0.47477815
GDTC,2026-07-08,0.44632873,0,0.46243012,0.4273484,0.44920766
BHM,2026-07-08,0.4463034,0,0.4538245,0.4191427,0.46594298
WWW,2026-07-08,0.44628778,0,0.45819357,0.39575872,0.484911
ALP,2026-07-08,0.4462478,0,0.46329436,0.44034383,0.43510514
BOH,2026-07-08,0.446244,0,0.47224113,0.3840483,0.48244244
VYGR,2026-07-08,0.44623393,0,0.475426,0.38021517,0.48306054
NMTC,2026-07-08,0.4462166,0,0.4528018,0.42268404,0.4631639
HYLN,2026-07-08,0.4461995,0,0.44864383,0.43023896,0.45971566
WD,2026-07-08,0.44619155,0,0.47618276,0.36788073,0.49451113
TDUP,2026-07-08,0.44616777,0,0.44396403,0.44347268,0.4510665
ES,2026-07-08,0.44614166,0,0.47517362,0.36912152,0.49412978
JL,2026-07-08,0.4461306,0,0.4081064,0.46449044,0.4657949
SOJE,2026-07-08,0.4460705,0,0.4634849,0.39318535,0.48154116
BETR,2026-07-08,0.44606215,0,0.46410552,0.4616662,0.41241464
MO,2026-07-08,0.44603062,0,0.49764425,0.3188796,0.521568
ETN,2026-07-08,0.44600505,0,0.5579678,0.2578943,0.522153
BRUN,2026-07-08,0.44599813,0,0.4540843,0.40761527,0.47629476
DNA,2026-07-08,0.44596407,0,0.43687057,0.44036406,0.4606575
SSII,2026-07-08,0.44595927,0,0.4343945,0.44596297,0.45752025
ZVIA,2026-07-08,0.44592667,0,0.4458973,0.443209,0.44867364
SRTA,2026-07-08,0.44591618,0,0.4706678,0.39123213,0.47584853
LSE,2026-07-08,0.4459059,0,0.4373627,0.414256,0.48609897
RELX,2026-07-08,0.44590035,0,0.4626196,0.3606512,0.5144302
LRE,2026-07-08,0.445886,0,0.44291976,0.4274248,0.46731332
ARBK,2026-07-08,0.44585603,0,0.4757198,0.39165065,0.47019765
OFLX,2026-07-08,0.44573355,0,0.45178723,0.42205852,0.46335486
FPI,2026-07-08,0.44573313,0,0.46222755,0.39531246,0.4796593
SMR,2026-07-08,0.4457162,0,0.46364918,0.40953046,0.46396887
EBMT,2026-07-08,0.44569147,0,0.45922008,0.41986656,0.45798776
CDRO,2026-07-08,0.44567856,0,0.45474517,0.4231072,0.45918328
PLG,2026-07-08,0.44567603,0,0.43488914,0.44710723,0.45503166
RKDA,2026-07-08,0.44563517,0,0.43146268,0.46302587,0.44241688
STK,2026-07-08,0.44562066,0,0.4773288,0.34718633,0.5123468
PUBM,2026-07-08,0.44561678,0,0.43938172,0.41634756,0.4811211
PROP,2026-07-08,0.44559973,0,0.45659742,0.427,0.4532017
ADUR,2026-07-08,0.44557673,0,0.427391,0.42349327,0.4858458
IPST,2026-07-08,0.44552055,0,0.41723874,0.4640491,0.45527375
APPS,2026-07-08,0.44551858,0,0.4545643,0.4125413,0.46945012
ECAT,2026-07-08,0.44549757,0,0.44928935,0.37385094,0.5133524
MRK,2026-07-08,0.44543856,0,0.49480435,0.32880187,0.51270944
ALM,2026-07-08,0.4454085,0,0.4442653,0.46401614,0.427944
YTRA,2026-07-08,0.44538152,0,0.43745768,0.4315258,0.46716103
PB,2026-07-08,0.4453534,0,0.46270278,0.4019478,0.47140953
FNWD,2026-07-08,0.4453118,0,0.46266204,0.4748064,0.39846689
ASPS,2026-07-08,0.44530383,0,0.43307915,0.46111876,0.4417136
SDGR,2026-07-08,0.4452841,0,0.45219105,0.41801426,0.46564692
TAOX,2026-07-08,0.4452638,0,0.4670424,0.4299886,0.43876034
TVRD,2026-07-08,0.44524774,0,0.44979444,0.42805564,0.45789304
WBS,2026-07-08,0.44520766,0,0.46055147,0.39496884,0.4801026
ACHV,2026-07-08,0.4452027,0,0.46300915,0.3975218,0.47507712
AEI,2026-07-08,0.4452023,0,0.44781527,0.43289977,0.45489186
VLT,2026-07-08,0.4451922,0,0.44972128,0.40151995,0.4843353
SQFTP,2026-07-08,0.4451,0,0.4424473,0.43269804,0.4601546
JCI,2026-07-08,0.44503918,0,0.5021693,0.31752202,0.51542616
RC,2026-07-08,0.44501597,0,0.45905513,0.37478018,0.5012126
BMY,2026-07-08,0.44499034,0,0.46340597,0.38759917,0.48396578
SEED,2026-07-08,0.44492102,0,0.45704472,0.4107357,0.46698254
UNP,2026-07-08,0.44481573,0,0.475426,0.36062682,0.4983943
BUSE,2026-07-08,0.4448078,0,0.4535736,0.3913608,0.4894889
KPTI,2026-07-08,0.44480196,0,0.4335484,0.43104738,0.4698101
ENTA,2026-07-08,0.44476515,0,0.4587336,0.40724355,0.46831834
IBG,2026-07-08,0.44473857,0,0.4625522,0.38043094,0.49123248
SVRA,2026-07-08,0.44473368,0,0.43727872,0.4252102,0.47171208
PLBY,2026-07-08,0.4447239,0,0.4725205,0.40432683,0.4573243
PRTA,2026-07-08,0.44468677,0,0.43192565,0.42275417,0.4793805
TRUP,2026-07-08,0.44467664,0,0.44015312,0.42270526,0.47117153
PSO,2026-07-08,0.4446575,0,0.47993273,0.34916016,0.50487953
BPOPM,2026-07-08,0.44464093,0,0.45666087,0.4647981,0.41246387
MRNO,2026-07-08,0.44463104,0,0.44131225,0.46457964,0.42800114
DARE,2026-07-08,0.44461137,0,0.45235044,0.42883593,0.45264772
WILC,2026-07-08,0.44459277,0,0.47059816,0.41482377,0.44835633
HBAN,2026-07-08,0.44458216,0,0.44850314,0.40885672,0.4763866
USGO,2026-07-08,0.44453356,0,0.44277364,0.41436347,0.47646356
EUDA,2026-07-08,0.44452423,0,0.44391432,0.44040674,0.44925153
AREN,2026-07-08,0.44451815,0,0.44695696,0.4454478,0.44114974
BSBK,2026-07-08,0.44450155,0,0.43746883,0.433235,0.46280074
SHLS,2026-07-08,0.44450068,0,0.4541312,0.4086778,0.47069302
ZDGE,2026-07-08,0.44449076,0,0.44760215,0.43633962,0.44953042
WIA,2026-07-08,0.44445765,0,0.43133178,0.45674765,0.4452935
ALGN,2026-07-08,0.4444325,0,0.43808287,0.42243186,0.4727828
BRLS,2026-07-08,0.44441873,0,0.4709863,0.45708975,0.40518007
VAC,2026-07-08,0.44438928,0,0.45564547,0.39802706,0.4794953
BOTJ,2026-07-08,0.44438386,0,0.50547427,0.3811094,0.44656798
VSTM,2026-07-08,0.4443723,0,0.3920295,0.48850343,0.45258394
HII,2026-07-08,0.44430202,0,0.4636909,0.35683098,0.5123842
SOC,2026-07-08,0.4442807,0,0.47963062,0.39516163,0.45804986
FEAM,2026-07-08,0.4442194,0,0.44468585,0.44414258,0.4438298
AA,2026-07-08,0.44420773,0,0.48057005,0.35613295,0.49592018
EICA,2026-07-08,0.44417447,0,0.4682946,0.44428885,0.41993988
SVRN,2026-07-08,0.4441735,0,0.46119612,0.4387898,0.4325346
SANA,2026-07-08,0.44417003,0,0.45071337,0.41749212,0.4643046
TCBS,2026-07-08,0.44411635,0,0.49289027,0.41829357,0.42116517
AFL,2026-07-08,0.44409055,0,0.48158506,0.30750546,0.5431811
BGM,2026-07-08,0.4440881,0,0.46017855,0.4551807,0.41690508
SPG,2026-07-08,0.44405574,0,0.4666272,0.3455334,0.5200066
SID,2026-07-08,0.4440462,0,0.43759498,0.43710747,0.4574361
GHY,2026-07-08,0.4440229,0,0.46051547,0.40940315,0.46214998
QNCX,2026-07-08,0.44401103,0,0.44106323,0.44062436,0.45034546
BTO,2026-07-08,0.44398642,0,0.475426,0.36566964,0.49086356
LFWD,2026-07-08,0.44397786,0,0.42873284,0.45368695,0.44951373
PRCH,2026-07-08,0.44397634,0,0.43246943,0.44151434,0.45794514
HAS,2026-07-08,0.4439654,0,0.48376617,0.3436471,0.5044829
PHVS,2026-07-08,0.44391185,0,0.47398493,0.38859013,0.46916047
INLX,2026-07-08,0.44389427,0,0.48582944,0.38746017,0.45839313
XGN,2026-07-08,0.44382763,0,0.45214128,0.45681983,0.42252177
BRC,2026-07-08,0.44380522,0,0.48397627,0.3523456,0.4950938
FNGR,2026-07-08,0.44365445,0,0.44067568,0.42910558,0.46118203
FOCL,2026-07-08,0.44363877,0,0.42095408,0.43790135,0.47206083
RLAY,2026-07-08,0.443588,0,0.42278495,0.44751692,0.46046203
ELDN,2026-07-08,0.44354936,0,0.4244493,0.44327888,0.46291986
XFOR,2026-07-08,0.44354767,0,0.43910477,0.4170392,0.47449905
POWW,2026-07-08,0.44353697,0,0.43856752,0.42812964,0.46391368
TTEC,2026-07-08,0.44352958,0,0.400209,0.4736941,0.45668557
DCX,2026-07-08,0.4434117,0,0.4257666,0.46702167,0.43744683
TIL,2026-07-08,0.44340965,0,0.45694813,0.40471917,0.46856162
FCF,2026-07-08,0.4434093,0,0.45876083,0.3931218,0.47834522
MXC,2026-07-08,0.44340426,0,0.453848,0.41161898,0.46474582
FVNNR,2026-07-06,0.44338834,0,0.4406546,0.4298861,0.45962417
AZ,2026-07-08,0.44335455,0,0.45998085,0.41653267,0.45355007
LNZA,2026-07-08,0.4433452,0,0.44397944,0.44564947,0.44040665
CCLD,2026-07-08,0.4433446,0,0.43227863,0.44931448,0.44844064
RWT,2026-07-08,0.4433212,0,0.4547527,0.38923556,0.4859753
SPE,2026-07-08,0.44327682,0,0.475426,0.355787,0.49861744
XNET,2026-07-08,0.4432532,0,0.44518733,0.40939993,0.47517225
KD,2026-07-08,0.44323975,0,0.4500772,0.38741088,0.49223107
IEX,2026-07-08,0.44322217,0,0.46615243,0.36007482,0.5034392
SSP,2026-07-08,0.44319373,0,0.47206584,0.38784194,0.46967334
CHRN,2026-07-08,0.44318786,0,0.44429615,0.42993233,0.4553351
FSEA,2026-07-08,0.44316813,0,0.47337636,0.43471625,0.42141178
CTM,2026-07-08,0.4430998,0,0.4414792,0.4582516,0.42956856
PSIG,2026-07-08,0.4430424,0,0.4644894,0.41400757,0.45063028
SPAI,2026-07-08,0.44304228,0,0.4594864,0.43601048,0.43362987
HY,2026-07-08,0.44304,0,0.49925706,0.34670478,0.48315808
ICFI,2026-07-08,0.44302154,0,0.46581987,0.35728934,0.50595534
EHTH,2026-07-08,0.44295686,0,0.44409668,0.4311244,0.45364955
CVGI,2026-07-08,0.44294956,0,0.44813406,0.41416073,0.46655387
AMWL,2026-07-08,0.44294816,0,0.44378665,0.4325777,0.45248008
SYNX,2026-07-08,0.4429187,0,0.43530646,0.42062852,0.47282103
CMPX,2026-07-08,0.44287097,0,0.43493146,0.43760675,0.45607463
MVST,2026-07-08,0.44283462,0,0.4362944,0.4405018,0.45170757
AMBP,2026-07-08,0.4428321,0,0.45136642,0.40345082,0.47367907
NPWR,2026-07-08,0.44280264,0,0.45073768,0.4195959,0.45807427
DHY,2026-07-08,0.4427883,0,0.4625635,0.44484463,0.4209568
NAKA,2026-07-08,0.44276413,0,0.43526703,0.44703898,0.44598633
LOOP,2026-07-08,0.44275177,0,0.43932304,0.4354133,0.453519
VVR,2026-07-08,0.44274634,0,0.46970868,0.39525986,0.46327043
WOK,2026-07-08,0.44265532,0,0.4410822,0.4119721,0.47491166
JXG,2026-07-08,0.44260937,0,0.461305,0.42949137,0.4370317
CING,2026-07-08,0.4425866,0,0.44767454,0.43480447,0.44528076
LVLU,2026-07-08,0.44253588,0,0.4441945,0.41898832,0.46442485
BCAX,2026-07-08,0.44252613,0,0.41668645,0.42694086,0.48395103
SAFE,2026-07-08,0.44251665,0,0.44406697,0.43020344,0.45327955
NWGL,2026-07-08,0.4424461,0,0.45485145,0.41922045,0.4532664
WRAP,2026-07-08,0.4424122,0,0.41683424,0.47151974,0.4388826
GH,2026-07-08,0.44234598,0,0.44620335,0.42257786,0.4582566
TDACU,2026-07-07,0.44224095,0,0.4581255,0.38097018,0.4876272
SRFM,2026-07-08,0.4422354,0,0.42667505,0.44523275,0.4547984
WCC,2026-07-08,0.44218367,0,0.53572756,0.27931795,0.5115055
CRBU,2026-07-08,0.44217628,0,0.4510724,0.4236378,0.45181865
SHOP,2026-07-08,0.44215804,0,0.4717874,0.3482911,0.50639564
INKT,2026-07-08,0.4421528,0,0.46124104,0.41744038,0.4477769
CRBP,2026-07-08,0.44214165,0,0.4243704,0.42048347,0.48157102
AWP,2026-07-08,0.44210246,0,0.44988114,0.4159164,0.4605098
CNI,2026-07-08,0.44206685,0,0.47514114,0.34539968,0.50565964
ADI,2026-07-08,0.442066,0,0.513893,0.3034183,0.50888675
ACTG,2026-07-08,0.44204018,0,0.44134963,0.43188858,0.45288232
BYSI,2026-07-08,0.44203794,0,0.4595571,0.40949032,0.45706633
CRDL,2026-07-08,0.44200626,0,0.45250586,0.43558657,0.4379263
VISN,2026-07-08,0.44199318,0,0.475426,0.3582158,0.49233773
ARBB,2026-07-08,0.44198298,0,0.4616001,0.45257172,0.4117771
ADV,2026-07-08,0.44198096,0,0.4466045,0.4057631,0.4735753
EVLV,2026-07-08,0.44197264,0,0.45645806,0.40434778,0.46511212
WBX,2026-07-08,0.44195598,0,0.43096685,0.45053685,0.44436422
ICG,2026-07-08,0.4419503,0,0.41655815,0.4608709,0.44842178
PENN,2026-07-08,0.44194365,0,0.46962693,0.37085003,0.4853539
SO,2026-07-08,0.44186804,0,0.47830355,0.34006533,0.5072351
BCAT,2026-07-08,0.4418606,0,0.46049535,0.36914495,0.4959414
CBSH,2026-07-08,0.44179302,0,0.45320868,0.3851718,0.48699853
TSAT,2026-07-08,0.44173646,0,0.44494733,0.42106423,0.45919776
UA,2026-07-08,0.4417304,0,0.45600045,0.3775223,0.4916685
ERIC,2026-07-08,0.44169515,0,0.4770433,0.35027713,0.4977651
SANG,2026-07-08,0.44169205,0,0.45125487,0.4413467,0.43247455
CRNT,2026-07-08,0.4416108,0,0.4330325,0.4364224,0.4553775
RIGL,2026-07-08,0.44160646,0,0.4141947,0.45384124,0.4567834
MNDY,2026-07-08,0.44158027,0,0.4807893,0.3366014,0.5073501
ANSC,2026-07-08,0.44156092,0,0.46200758,0.43648127,0.4261939
BNC,2026-07-08,0.44154575,0,0.45044112,0.4406124,0.43358365
ICON,2026-07-08,0.44153297,0,0.44536367,0.4289163,0.4503189
SELF,2026-07-08,0.44150326,0,0.44979146,0.40678895,0.4679293
ASM,2026-07-08,0.44149145,0,0.40637106,0.49150372,0.42659953
PEW,2026-07-08,0.44147608,0,0.47401696,0.44523838,0.40517288
XYL,2026-07-08,0.4414394,0,0.473885,0.34279752,0.5076356
CHMI,2026-07-08,0.44141442,0,0.475426,0.37820694,0.47061026
ZM,2026-07-08,0.4414093,0,0.43187279,0.41692606,0.475429
SCYX,2026-07-08,0.44139847,0,0.43497437,0.43948442,0.44973662
RVP,2026-07-08,0.4413631,0,0.46225488,0.42037153,0.44146284
TRON,2026-07-08,0.44134176,0,0.43362704,0.48536232,0.40503594
STIM,2026-07-08,0.44133738,0,0.42426258,0.43964717,0.4601023
OPAD,2026-07-08,0.44128913,0,0.44432965,0.4240841,0.4554536
QTI,2026-07-08,0.44127372,0,0.48672873,0.44848502,0.38860738
SMXT,2026-07-08,0.44125003,0,0.45020106,0.4486255,0.4249234
NNOX,2026-07-08,0.44124374,0,0.4389656,0.42048237,0.46428323
MMT,2026-07-08,0.4412293,0,0.43920296,0.42688045,0.4576045
UBCP,2026-07-08,0.44121063,0,0.452504,0.40902162,0.46210614
PHGE,2026-07-08,0.4411623,0,0.4628154,0.43953353,0.4211379
IMPPP,2026-07-08,0.44116044,0,0.46408302,0.42374173,0.43565652
ELLO,2026-07-08,0.44114977,0,0.43449485,0.479585,0.4093695
SMTC,2026-07-08,0.44114432,0,0.46788678,0.3595161,0.49603003
CSTE,2026-07-08,0.44114402,0,0.4377264,0.41324663,0.47245902
NRGV,2026-07-08,0.44106027,0,0.50362027,0.34278858,0.47677195
SLSR,2026-07-08,0.4410188,0,0.47066513,0.39499998,0.45739126
DIT,2026-07-07,0.44098067,0,0.47432885,0.39439577,0.45421737
MAAS,2026-07-08,0.44093898,0,0.4694371,0.45577875,0.39760107
FNB,2026-07-08,0.44091004,0,0.46439832,0.3675465,0.4907852
NYC,2026-07-08,0.4409098,0,0.4447452,0.4209418,0.45704234
HCXY,2026-07-08,0.4409053,0,0.4798183,0.42782858,0.41506898
LANV,2026-07-08,0.44090337,0,0.44525737,0.43230212,0.44515058
PCQ,2026-07-08,0.44088423,0,0.4335604,0.44353962,0.44555262
DCO,2026-07-08,0.44087604,0,0.47697094,0.34219864,0.5034585
PRZO,2026-07-08,0.44086677,0,0.44486612,0.43106857,0.44666556
AVO,2026-07-08,0.4407641,0,0.45374584,0.3864571,0.48208934
ACB,2026-07-08,0.44073087,0,0.43964797,0.437516,0.44502848
RIO,2026-07-08,0.44071382,0,0.4776212,0.34659958,0.4979206
MGRX,2026-07-08,0.44069645,0,0.43950525,0.46385726,0.4187268
ABEV,2026-07-08,0.4406941,0,0.4286418,0.43522578,0.4582146
PTN,2026-07-08,0.4406862,0,0.43964198,0.47289523,0.40952137
BXMT,2026-07-08,0.44065225,0,0.44934323,0.39329988,0.47931364
IDCC,2026-07-08,0.44063777,0,0.47236878,0.34696296,0.50258154
UUU,2026-07-08,0.4406243,0,0.4665829,0.3969856,0.45830444
RLMD,2026-07-08,0.44062138,0,0.46672815,0.3990841,0.45605183
SERV,2026-07-08,0.4406154,0,0.47403377,0.3848517,0.46296063
D,2026-07-08,0.44060624,0,0.48129654,0.34022748,0.5002947
ANVS,2026-07-08,0.44053805,0,0.45559904,0.4046873,0.46132782
EXR,2026-07-08,0.44052067,0,0.47365928,0.36105794,0.48684478
SKK,2026-07-08,0.44050348,0,0.44313034,0.3595067,0.5188733
LUNR,2026-07-08,0.44044656,0,0.45238453,0.43833315,0.43062192
NSLR,2026-07-08,0.44043475,0,0.44691697,0.40355837,0.47082892
LDI,2026-07-08,0.44042718,0,0.42675728,0.43700108,0.45752314
LGCL,2026-07-08,0.44039696,0,0.4561398,0.41650686,0.44854423
CANF,2026-07-08,0.44031852,0,0.44732213,0.43527678,0.4383566
YAAS,2026-07-08,0.44031242,0,0.4339629,0.38792074,0.4990536
NXXT,2026-07-08,0.4402862,0,0.43335012,0.43054762,0.45696077
MFA,2026-07-08,0.44027856,0,0.47035146,0.3750999,0.47538427
KSCP,2026-07-08,0.4402706,0,0.43855545,0.4285165,0.45373976
CC,2026-07-08,0.44025683,0,0.47957084,0.35634837,0.48485133
VGAS,2026-07-08,0.44014722,0,0.46388146,0.44475105,0.41180912
RCG,2026-07-08,0.44008672,0,0.47819993,0.40407723,0.4379829
JPC,2026-07-08,0.44008005,0,0.44241136,0.39746723,0.48036146
UPXI,2026-07-08,0.44007492,0,0.44008195,0.4179369,0.46220595
TDF,2026-07-08,0.44006214,0,0.44473386,0.40251738,0.4729351
PGACU,2026-06-30,0.44005784,0,0.47889903,0.3613705,0.47990397
SSNC,2026-07-08,0.44003636,0,0.44760975,0.3575614,0.51493794
GS,2026-07-08,0.44000193,0,0.46888995,0.34492403,0.50619173
WHWK,2026-07-08,0.43996847,0,0.4623853,0.39085194,0.4666682
STTK,2026-07-08,0.43989363,0,0.45492986,0.40249014,0.4622609
PATH,2026-07-08,0.4398833,0,0.4560372,0.37781996,0.4857927
FVNNU,2026-06-25,0.43985665,0,0.46082765,0.38547677,0.47326553
ERO,2026-07-08,0.43985528,0,0.46909657,0.3630583,0.48741096
POCI,2026-07-08,0.43985137,0,0.46863884,0.43150163,0.41941363
FFBC,2026-07-08,0.43984053,0,0.41877246,0.42688578,0.47386327
INDI,2026-07-08,0.43979818,0,0.44820938,0.41535443,0.45583066
LOCL,2026-07-08,0.43979192,0,0.44564205,0.42340714,0.45032653
RRX,2026-07-08,0.43976268,0,0.54104364,0.27347434,0.50477
TPCS,2026-07-08,0.43975854,0,0.44042557,0.4413413,0.4375087
BTOG,2026-07-08,0.43974727,0,0.44975755,0.4204046,0.44907966
KRC,2026-07-08,0.43967947,0,0.45507833,0.37898034,0.48497978
SSTI,2026-07-08,0.43966946,0,0.46690938,0.38750055,0.4645984
MRBK,2026-07-08,0.43960804,0,0.45071405,0.41372424,0.45438576
FGBIP,2026-07-08,0.43959466,0,0.4614618,0.45231307,0.4050091
DFIN,2026-07-08,0.4395837,0,0.479639,0.3180483,0.5210637
GRRR,2026-07-08,0.43958062,0,0.4609116,0.44028005,0.41755018
ALFUU,2026-07-07,0.43957815,0,0.49397194,0.38015816,0.4446043
NRXP,2026-07-08,0.4395564,0,0.44341984,0.4311384,0.44411093
XCUR,2026-07-08,0.4395431,0,0.43655586,0.45836592,0.4237075
GEV,2026-07-08,0.4395281,0,0.51175225,0.28026482,0.5265673
INTG,2026-07-08,0.43948162,0,0.458843,0.46360397,0.39599782
PPLI,2026-07-08,0.43938845,0,0.46690252,0.36734936,0.48391342
GLXG,2026-07-08,0.43932492,0,0.42546326,0.41360167,0.47890985
ZDAI,2026-07-08,0.43930745,0,0.43635306,0.39078027,0.49078903
BRBS,2026-07-08,0.43927735,0,0.46550444,0.41165817,0.4406694
IREN,2026-07-08,0.43927088,0,0.46809208,0.38074538,0.4689752
TGTX,2026-07-08,0.4392587,0,0.4690182,0.36094365,0.48781425
RADX,2026-07-08,0.43923986,0,0.46790284,0.37871444,0.47110233
OIO,2026-07-08,0.43923306,0,0.46429524,0.418237,0.43516695
MET,2026-07-08,0.43922567,0,0.47655505,0.3300373,0.5110847
IAUX,2026-07-08,0.43920517,0,0.44297838,0.43463182,0.44000527
RCKT,2026-07-08,0.43917477,0,0.4307347,0.4073726,0.47941697
NRSN,2026-07-08,0.43916273,0,0.43333375,0.44173986,0.44241455
DOCU,2026-07-08,0.43911698,0,0.46783057,0.3604952,0.48902515
ARLO,2026-07-08,0.4391058,0,0.46423995,0.37672722,0.47635025
SUIG,2026-07-08,0.43909368,0,0.47438067,0.40750453,0.4353958
NCNA,2026-07-08,0.43906903,0,0.4376349,0.46609032,0.4134818
ANL,2026-07-08,0.4390529,0,0.4028235,0.48090693,0.43342826
NSLRL,2026-07-08,0.43905258,0,0.46417686,0.469728,0.3832528
STAA,2026-07-08,0.43895942,0,0.45884675,0.38489494,0.4731366
CULP,2026-07-08,0.43895903,0,0.44418544,0.44271186,0.42997983
HQI,2026-07-08,0.4389111,0,0.44811127,0.40467155,0.46395043
FNWB,2026-07-08,0.43889287,0,0.44132143,0.4067814,0.46857575
COCH,2026-07-08,0.43888062,0,0.47545248,0.45760545,0.38358393
EJH,2026-07-08,0.43882316,0,0.43432534,0.43918028,0.44296375
OCG,2026-07-08,0.4388045,0,0.43984655,0.4188218,0.45774505
IPDN,2026-07-08,0.43875632,0,0.44642934,0.43407208,0.4357675
GRO,2026-07-08,0.4387427,0,0.45118672,0.3970668,0.46797457
TH,2026-07-08,0.43871385,0,0.46661976,0.38789442,0.46162724
NCZ,2026-07-08,0.43870986,0,0.45102555,0.403226,0.46187794
GRF,2026-07-08,0.43870276,0,0.4904782,0.37928444,0.44634557
BOW,2026-07-08,0.438666,0,0.48124117,0.34668615,0.4880706
QGEN,2026-07-08,0.43864453,0,0.475426,0.36238122,0.47812623
NBP,2026-07-08,0.43864197,0,0.41871595,0.44620845,0.45100144
DRDBU,2026-06-17,0.43863705,0,0.4656444,0.362734,0.48753268
LU,2026-07-08,0.43863344,0,0.44072795,0.4221821,0.45299017
DOCS,2026-07-08,0.4386102,0,0.4586576,0.3604735,0.49669945
TTD,2026-07-08,0.43860534,0,0.4510969,0.37320152,0.49151754
XTLB,2026-07-08,0.43859962,0,0.4383281,0.45672184,0.4207489
AUBN,2026-07-08,0.43857965,0,0.4954052,0.38040876,0.43992493
SCWO,2026-07-08,0.43855548,0,0.42700952,0.41734934,0.4713076
PSIX,2026-07-08,0.4385525,0,0.4739663,0.43343297,0.40825814
SQFT,2026-07-08,0.43854088,0,0.44862992,0.43597323,0.43101948
OPEN,2026-07-08,0.4385352,0,0.44094878,0.41999024,0.45466655
DLNG,2026-07-08,0.4385218,0,0.43876308,0.42958078,0.44722155
GENC,2026-07-08,0.43850946,0,0.475426,0.35436144,0.48574093
GDC,2026-07-08,0.43848428,0,0.46598926,0.39997512,0.4494884
PULM,2026-07-08,0.43848062,0,0.42848748,0.4440869,0.44286734
BGSF,2026-07-08,0.4384259,0,0.450763,0.4151011,0.44941357
LNT,2026-07-08,0.43841833,0,0.4737666,0.34360346,0.4978848
PAYO,2026-07-08,0.43840352,0,0.46021554,0.36202553,0.49296945
OTIS,2026-07-08,0.43839544,0,0.4673494,0.33145046,0.5163864
CRON,2026-07-08,0.43838003,0,0.43734136,0.41580072,0.46199796
HURN,2026-07-08,0.43835306,0,0.45484284,0.34433007,0.5158862
GTBP,2026-07-08,0.4383286,0,0.4431456,0.412585,0.45925516
ITOC,2026-07-08,0.4382854,0,0.42988837,0.38639134,0.49857646
TECX,2026-07-08,0.43826646,0,0.4340459,0.4295031,0.45125037
WLK,2026-07-08,0.43824714,0,0.46706203,0.34015432,0.5075251
ISOU,2026-07-08,0.43822926,0,0.44938457,0.4020632,0.46324003
CENT,2026-07-08,0.4381493,0,0.46732485,0.35179588,0.4953272
OGE,2026-07-08,0.43813002,0,0.46824288,0.33774665,0.50840056
KGEI,2026-07-08,0.43811354,0,0.4375283,0.45079395,0.42601836
PNW,2026-07-08,0.4381129,0,0.47924048,0.31522936,0.5198689
USAR,2026-07-08,0.43808186,0,0.47849172,0.42699155,0.40876225
CNTB,2026-07-08,0.43807495,0,0.44234213,0.4266362,0.44524655
DNTH,2026-07-08,0.4380498,0,0.42502424,0.43105617,0.45806894
AIRI,2026-07-08,0.43803158,0,0.44774595,0.43784484,0.42850387
EBF,2026-07-08,0.43802765,0,0.48061985,0.3339334,0.4995297
OTLY,2026-07-08,0.43802553,0,0.43079856,0.4522074,0.4310707
LAC,2026-07-08,0.43801028,0,0.43238357,0.41933617,0.46231103
JYD,2026-07-08,0.4380056,0,0.43766245,0.42210707,0.45424718
DCOY,2026-07-08,0.43800312,0,0.45270094,0.4238718,0.4374366
MNOV,2026-07-08,0.43797937,0,0.43218794,0.45865092,0.42309925
PEBK,2026-07-08,0.43796185,0,0.45060617,0.4150264,0.4482529
HCTI,2026-07-08,0.43795127,0,0.4441875,0.43261075,0.43705562
ASTE,2026-07-08,0.43788964,0,0.49003217,0.32968482,0.49395183
UTZ,2026-07-08,0.43787634,0,0.45508483,0.38488233,0.47366184
INAB,2026-07-08,0.43787196,0,0.43113202,0.45153442,0.43094942
YYAI,2026-07-08,0.43784094,0,0.42328706,0.45113853,0.43909723
EXG,2026-07-08,0.43778804,0,0.475426,0.35210115,0.48583692
MOB,2026-07-08,0.43776652,0,0.4611304,0.38727325,0.46489593
CSX,2026-07-08,0.43773523,0,0.46246907,0.36288014,0.48785642
EHI,2026-07-08,0.43771636,0,0.43003473,0.42032215,0.4627922
IOSP,2026-07-08,0.43771616,0,0.47425508,0.32996878,0.50892454
MKTW,2026-07-08,0.43769997,0,0.43428084,0.42678466,0.45203438
BDN,2026-07-08,0.43769544,0,0.42700765,0.43166268,0.4544159
FGNX,2026-07-08,0.43766665,0,0.42793182,0.4336977,0.45137036
DFNS,2026-07-08,0.4376589,0,0.46578267,0.44348606,0.40370792
NUV,2026-07-08,0.4376549,0,0.42515036,0.46352467,0.4242897
FLR,2026-07-08,0.43761623,0,0.50293887,0.32194653,0.48796323
SUGP,2026-07-08,0.43758342,0,0.45180765,0.4359339,0.42500868
CSIQ,2026-07-08,0.4375078,0,0.4583678,0.36707184,0.48708376
FHN,2026-07-08,0.43750754,0,0.475426,0.33604765,0.50104886
NUVB,2026-07-08,0.43748665,0,0.43650123,0.41453475,0.46142393
MDXH,2026-07-08,0.43748367,0,0.4234183,0.4319592,0.45707342
IONQ,2026-07-08,0.437476,0,0.44137105,0.38159418,0.48946273
VIVK,2026-07-08,0.43747434,0,0.46151045,0.4017032,0.4492093
QTTB,2026-07-08,0.4374623,0,0.43230683,0.43486345,0.44521654
LITE,2026-07-08,0.43744767,0,0.4564881,0.3671768,0.48867804
NCTY,2026-07-08,0.4373973,0,0.46422383,0.38199657,0.46597135
ALZN,2026-07-08,0.43735576,0,0.44932026,0.42494822,0.43779868
ALL,2026-07-08,0.4373472,0,0.48330206,0.32697475,0.5017648
T,2026-07-08,0.43734065,0,0.4549226,0.36020252,0.4968968
PAVM,2026-07-08,0.43732113,0,0.42788833,0.43209738,0.45197758
III,2026-07-08,0.4373193,0,0.45623606,0.37849143,0.4772304
GPRO,2026-07-08,0.437306,0,0.4451711,0.42179236,0.44495445
NBBK,2026-07-08,0.43730065,0,0.44591877,0.3700374,0.4959457
WOOF,2026-07-08,0.43724987,0,0.44721326,0.40402213,0.46051416
SCSC,2026-07-08,0.43723685,0,0.4651824,0.35246325,0.4940648
CTS,2026-07-08,0.43718436,0,0.4663778,0.34257305,0.5026022
RERE,2026-07-08,0.43716508,0,0.41430742,0.44576433,0.4514235
ROOT,2026-07-08,0.43713778,0,0.41571778,0.4389036,0.45679188
GWH,2026-07-08,0.4370998,0,0.45016828,0.41597047,0.4451607
ANNA,2026-07-08,0.43709004,0,0.42868537,0.552695,0.32988974
BR,2026-07-08,0.43707576,0,0.475426,0.32864493,0.50715625
ONCY,2026-07-08,0.4370711,0,0.43132457,0.45207402,0.42781472
CCI,2026-07-08,0.437006,0,0.46060133,0.36398482,0.4864318
ATEX,2026-07-08,0.43694627,0,0.4197858,0.43207034,0.45898268
BBGI,2026-07-08,0.43688425,0,0.43990177,0.4447703,0.42598066
JZXN,2026-07-08,0.43687052,0,0.4352463,0.41411197,0.46125326
NAUT,2026-07-08,0.43672293,0,0.4551551,0.37567857,0.479335
PLUS,2026-07-08,0.43669614,0,0.47689316,0.32078665,0.51240855
BLIN,2026-07-08,0.43665618,0,0.4247252,0.4441136,0.44112965
OSS,2026-07-08,0.43663427,0,0.439061,0.43314946,0.4376923
ISTR,2026-07-08,0.43654895,0,0.43646443,0.4291375,0.44404483
PRGS,2026-07-08,0.4365427,0,0.43704316,0.38556796,0.48701695
BBLG,2026-07-08,0.43652922,0,0.42241582,0.48166233,0.40550947
LILA,2026-07-08,0.4364864,0,0.47105777,0.3613707,0.47703066
DXR,2026-07-08,0.4364752,0,0.48333758,0.37366,0.45242792
GNTX,2026-07-08,0.4364706,0,0.47773162,0.33405945,0.49762064
ULBI,2026-07-08,0.43640405,0,0.4455866,0.4198583,0.44376713
HIX,2026-07-08,0.43636054,0,0.43755168,0.4325613,0.43896848
RFAI,2026-07-02,0.43625706,0,0.4717131,0.41443282,0.42262518
YRD,2026-07-08,0.4362414,0,0.4779705,0.3697321,0.4610215
RNXT,2026-07-08,0.43622395,0,0.4559711,0.40528116,0.44741952
SIDU,2026-07-08,0.43618843,0,0.45198664,0.41296595,0.4436127
CNTN,2026-07-08,0.43617415,0,0.4270171,0.4386123,0.4428929
TFSL,2026-07-08,0.43610728,0,0.44581947,0.39029983,0.47220254
MMLP,2026-07-08,0.43601298,0,0.42842537,0.40500602,0.47460747
EQ,2026-07-08,0.4360056,0,0.42198235,0.43279955,0.45323482
VERU,2026-07-08,0.43597257,0,0.4389637,0.42484617,0.44410783
DRCT,2026-07-08,0.43595716,0,0.42579332,0.41674945,0.46532866
TAVI,2026-07-08,0.43594664,0,0.49775043,0.37577888,0.4343106
NDAQ,2026-07-08,0.43591094,0,0.45362875,0.33909762,0.5150064
RAYA,2026-07-08,0.4358919,0,0.44000202,0.3970759,0.47059774
IMUX,2026-07-08,0.43586606,0,0.45477152,0.388333,0.46449366
GEN,2026-07-08,0.43583745,0,0.47775856,0.34412807,0.48562574
BTBD,2026-07-08,0.43580538,0,0.4592228,0.42224646,0.42594683
CSTL,2026-07-08,0.43578732,0,0.46540567,0.37800765,0.46394864
XHR,2026-07-08,0.4357625,0,0.46384376,0.36235505,0.48108858
OCS,2026-07-08,0.4356889,0,0.4663903,0.42461178,0.41606465
GOGO,2026-07-08,0.43565083,0,0.41704366,0.42352578,0.46638304
GRMN,2026-07-08,0.43564358,0,0.4674821,0.3348716,0.50457704
REBN,2026-07-08,0.43562672,0,0.43294048,0.4245694,0.44937024
KSS,2026-07-08,0.43562353,0,0.452064,0.38851354,0.46629304
HSIC,2026-07-08,0.43560743,0,0.47049025,0.3548689,0.48146307
RKLB,2026-07-08,0.4356007,0,0.47380444,0.34446558,0.48853198
INDO,2026-07-08,0.43559328,0,0.44638577,0.4258354,0.4345586
PAL,2026-07-08,0.43558794,0,0.43385902,0.4301026,0.44280222
EL,2026-07-08,0.43558386,0,0.46578646,0.36289504,0.47807005
BEEM,2026-07-08,0.4355734,0,0.43655768,0.42194444,0.44821802
IMCR,2026-07-08,0.4355605,0,0.46577016,0.34802762,0.49288368
PETS,2026-07-08,0.43549442,0,0.4412414,0.40785646,0.45738524
RMTI,2026-07-08,0.43548858,0,0.44570544,0.40918434,0.45157602
TYGO,2026-07-08,0.43547508,0,0.45782438,0.44881618,0.39978465
DJT,2026-07-08,0.43545723,0,0.42192093,0.43677023,0.44768056
KFY,2026-07-08,0.43542987,0,0.4746929,0.32680652,0.5047901
CISO,2026-07-08,0.43542215,0,0.4132298,0.42961675,0.46341988
TRNR,2026-07-08,0.43537587,0,0.46975443,0.41233093,0.4240422
STKH,2026-07-08,0.4353724,0,0.43396425,0.42273533,0.44941756
ABR,2026-07-08,0.4353399,0,0.4756974,0.33115178,0.49917042
ISPR,2026-07-08,0.43531746,0,0.44558302,0.39437088,0.4659984
REAX,2026-07-08,0.43531042,0,0.44118372,0.40112475,0.46362272
GUTS,2026-07-08,0.43530592,0,0.43573844,0.4185787,0.45160058
DWSN,2026-07-08,0.43528184,0,0.43756086,0.43599194,0.4322927
GCTK,2026-07-08,0.4351359,0,0.4432921,0.4098822,0.4522333
NET,2026-07-08,0.43513504,0,0.4469079,0.36566493,0.49283218
VSXY,2026-07-08,0.43509555,0,0.4782092,0.33770356,0.48937386
AIMD,2026-07-08,0.43505234,0,0.46925202,0.41246027,0.42344466
RGTI,2026-07-08,0.43502495,0,0.43803844,0.4209839,0.44605252
CGTX,2026-07-08,0.4349837,0,0.44591123,0.41994888,0.4390909
HFRO,2026-07-08,0.43495598,0,0.4317281,0.41274464,0.46039516
TRT,2026-07-08,0.43489748,0,0.39612648,0.43902376,0.46954215
LYB,2026-07-08,0.43482387,0,0.44728068,0.37443942,0.48275146
PVLA,2026-07-08,0.43482172,0,0.43121383,0.43435007,0.43890134
DHX,2026-07-08,0.43482012,0,0.41995963,0.4241926,0.46030805
BAFN,2026-07-08,0.43480036,0,0.4334163,0.43922558,0.4317592
MTLS,2026-07-08,0.43479234,0,0.43559375,0.4123681,0.4564151
SDA,2026-07-08,0.4347723,0,0.4673089,0.40472206,0.4322859
CIEN,2026-07-08,0.43476462,0,0.49246302,0.30165026,0.51018053
BVS,2026-07-08,0.4347643,0,0.46050212,0.35971054,0.48408017
SARO,2026-07-08,0.4347334,0,0.4074046,0.42964086,0.46715465
SKYA,2026-07-08,0.43468046,0,0.41529056,0.43429512,0.45445555
STOK,2026-07-08,0.4346531,0,0.4591466,0.36990654,0.47490615
ZONE,2026-07-08,0.43454438,0,0.44890222,0.4027709,0.45195994
AIRE,2026-07-08,0.43449932,0,0.4148125,0.43950638,0.44917902
YMM,2026-07-08,0.43443298,0,0.42983124,0.4228445,0.45062312
OXLC,2026-07-08,0.43427154,0,0.45590648,0.3806641,0.466244
ONB,2026-07-08,0.43426865,0,0.45518175,0.37024516,0.47737896
COHU,2026-07-08,0.43425652,0,0.48384273,0.32836697,0.49055982
FLWS,2026-07-08,0.4342357,0,0.4524285,0.3814184,0.46886012
MGR,2026-07-08,0.4341738,0,0.44629225,0.3802597,0.4759693
IQST,2026-07-08,0.4341603,0,0.426136,0.42667043,0.44967446
PK,2026-07-08,0.43414214,0,0.47876656,0.33453444,0.4891254
ETSY,2026-07-08,0.43411732,0,0.43879434,0.39885306,0.4647045
DTI,2026-07-08,0.43408144,0,0.4637904,0.41788498,0.42056897
NMZ,2026-07-08,0.43405846,0,0.45233643,0.3962247,0.45361418
ACCS,2026-07-08,0.4340168,0,0.4721926,0.37090582,0.45895195
CTNM,2026-07-08,0.4340058,0,0.41176316,0.4131838,0.47707033
MGNI,2026-07-08,0.4339829,0,0.43505216,0.3975032,0.46939337
MNPR,2026-07-08,0.43392122,0,0.44970334,0.3856824,0.46637785
ALEC,2026-07-08,0.4339186,0,0.46370983,0.3584274,0.4796185
CLDT,2026-07-08,0.43389288,0,0.4664949,0.36583236,0.46935135
EVTV,2026-07-08,0.4338917,0,0.429578,0.41962305,0.45247403
AWX,2026-07-08,0.43386388,0,0.45990655,0.41687414,0.42481092
HERZ,2026-07-08,0.43383962,0,0.43465614,0.39689398,0.46996874
TNON,2026-07-08,0.43383545,0,0.45514914,0.42822805,0.41812915
TECH,2026-07-08,0.4338265,0,0.45538643,0.3661656,0.47992745
ORIO,2026-07-08,0.43378,0,0.4181273,0.44693828,0.43627444
PNI,2026-07-08,0.4337429,0,0.40968642,0.44806063,0.44348168
GHG,2026-07-08,0.43372607,0,0.42870352,0.41913846,0.45333627
RKTO,2026-07-08,0.4336329,0,0.42442384,0.44489315,0.43158177
BMRC,2026-07-08,0.43360728,0,0.4548671,0.3677278,0.47822693
ETY,2026-07-08,0.43359357,0,0.45775098,0.34081155,0.5022181
KRNT,2026-07-08,0.43358794,0,0.46835598,0.3513114,0.48109648
ATLCL,2026-07-08,0.4335159,0,0.46931508,0.35585847,0.47537413
AVTX,2026-07-08,0.43346995,0,0.4215471,0.43413606,0.44472662
DRTS,2026-07-08,0.4334616,0,0.43758854,0.40684298,0.45595327
CTEV,2026-07-08,0.43340343,0,0.41864565,0.4399219,0.44164273
AMPX,2026-07-08,0.4332918,0,0.47273186,0.37831536,0.4488281
RCUS,2026-07-08,0.43312272,0,0.4564962,0.3781014,0.46477047
NGNE,2026-07-08,0.43310437,0,0.45138592,0.3783507,0.46957648
WDH,2026-07-08,0.43309873,0,0.435741,0.4246961,0.43885913
HYFT,2026-07-08,0.43304375,0,0.41665265,0.4421637,0.4403149
GRWG,2026-07-08,0.4329738,0,0.43321383,0.41497743,0.45073014
OMCL,2026-07-08,0.43297052,0,0.4404212,0.39186436,0.466626
HIT,2026-07-08,0.43296713,0,0.396689,0.42743865,0.47477368
AIFF,2026-07-08,0.43296534,0,0.45145416,0.41127467,0.43616715
CCNEP,2026-07-08,0.43291682,0,0.46741644,0.40426785,0.42706618
SPRU,2026-07-08,0.43286332,0,0.41591212,0.4291014,0.45357645
LEGN,2026-07-08,0.4328434,0,0.44829887,0.39071536,0.4595159
NXDT,2026-07-08,0.43282238,0,0.45391318,0.36364293,0.48091102
PMCB,2026-07-08,0.43274093,0,0.4530536,0.40792254,0.43724653
NVNO,2026-07-08,0.43273133,0,0.45038417,0.38913414,0.4586756
AEF,2026-07-08,0.43272758,0,0.43526888,0.4165978,0.44631594
TKLF,2026-07-08,0.43271244,0,0.41373435,0.42133787,0.46306506
MDIA,2026-07-08,0.4326926,0,0.43297723,0.4261044,0.43899602
ATYR,2026-07-08,0.4326859,0,0.44090092,0.42145696,0.4356998
TEAM,2026-07-08,0.43268058,0,0.475426,0.32169896,0.5009167
EEFT,2026-07-08,0.4326427,0,0.4789847,0.31688058,0.5020628
ORBS,2026-07-08,0.43263465,0,0.42636973,0.45745587,0.41407833
AUR,2026-07-08,0.43259752,0,0.4797168,0.34348616,0.47458947
RLX,2026-07-08,0.43259746,0,0.4263876,0.4253564,0.44604835
LXP,2026-07-08,0.43257585,0,0.45542648,0.36056742,0.4817336
NAII,2026-07-08,0.4325247,0,0.44820595,0.3949192,0.45444888
ENJ,2026-07-08,0.43249816,0,0.44868013,0.4402909,0.4085234
CHRS,2026-07-08,0.43249488,0,0.42196938,0.40699315,0.46852195
EVO,2026-07-08,0.43246472,0,0.4594882,0.36867318,0.46923274
SLMT,2026-07-08,0.43246266,0,0.43617672,0.41992298,0.4412883
NXPL,2026-07-08,0.43244,0,0.42781383,0.43980414,0.42970204
EFSCP,2026-07-07,0.4323899,0,0.44195583,0.39027253,0.46494126
ZKIN,2026-07-08,0.43236643,0,0.43158656,0.41050735,0.45500535
LGO,2026-07-08,0.43234473,0,0.4277191,0.407561,0.46175402
O,2026-07-08,0.43233505,0,0.47181162,0.3190594,0.5061341
RLJ,2026-07-08,0.43226928,0,0.48205465,0.33093733,0.48381573
MWA,2026-07-08,0.4322582,0,0.46290812,0.34863615,0.48523024
FOSL,2026-07-08,0.43224096,0,0.42804027,0.40244505,0.4662375
NABL,2026-07-08,0.43222836,0,0.475426,0.34042278,0.48083627
GROW,2026-07-08,0.4322144,0,0.43649608,0.40668947,0.45345762
ZURA,2026-07-08,0.43218678,0,0.44762152,0.3969963,0.4519425
NKTX,2026-07-08,0.43218493,0,0.3932393,0.46191493,0.4414006
HIW,2026-07-08,0.4321804,0,0.46348247,0.34586823,0.4871904
SBUX,2026-07-08,0.43217957,0,0.475426,0.3350248,0.48608786
MBRX,2026-07-08,0.43215424,0,0.43021715,0.41356876,0.4526768
MHLA,2026-07-08,0.43209806,0,0.455527,0.42065886,0.4201082
SNAP,2026-07-08,0.432017,0,0.44539335,0.36194906,0.48870856
CMRC,2026-07-08,0.4320131,0,0.4461282,0.3872084,0.46270263
LEE,2026-07-08,0.43195215,0,0.4345225,0.4099563,0.4513776
CODI,2026-07-08,0.4319388,0,0.44235936,0.37182367,0.48163325
MDRR,2026-07-07,0.43186226,0,0.48834154,0.36805978,0.4391854
FRSX,2026-07-08,0.43185362,0,0.4513489,0.43289995,0.411312
IQ,2026-07-08,0.4318068,0,0.4233431,0.41252884,0.45954838
CDNS,2026-07-08,0.43179527,0,0.475426,0.31784186,0.50211793
QNTM,2026-07-08,0.4317243,0,0.4390824,0.42988336,0.42620713
CISS,2026-07-08,0.4317031,0,0.41586456,0.43973374,0.4395109
BGDE,2026-07-08,0.43167752,0,0.41731998,0.4477759,0.42993668
DSWL,2026-07-08,0.43164876,0,0.53122056,0.3172592,0.44646645
ARAY,2026-07-08,0.43163875,0,0.4512896,0.39532787,0.44829878
KODK,2026-07-08,0.43160227,0,0.45696098,0.37575403,0.46209177
RANGU,2026-06-17,0.43148994,0,0.47208035,0.34106982,0.48131964
PPT,2026-07-08,0.4314866,0,0.45870018,0.42634544,0.40941417
BKSY,2026-07-08,0.43145597,0,0.4542785,0.38537154,0.45471781
BRSP,2026-07-08,0.43139243,0,0.475426,0.32146853,0.49728268
UHAL,2026-07-08,0.43138987,0,0.47593534,0.31717405,0.5010602
OPHC,2026-07-08,0.43135208,0,0.45109144,0.4014538,0.4415109
RNG,2026-07-08,0.43134356,0,0.44974396,0.36999917,0.47428748
CVM,2026-07-08,0.43134096,0,0.4239162,0.43746376,0.43264288
STRRP,2026-07-08,0.43132412,0,0.45817086,0.43728888,0.39851254
INCR,2026-07-08,0.4312618,0,0.43550223,0.40772328,0.45055985
EOS,2026-07-08,0.4312538,0,0.44595933,0.34514588,0.50265616
SHOE,2026-07-08,0.43125,0,0.4651409,0.34969983,0.4789092
AFG,2026-07-08,0.43124658,0,0.46945643,0.30407742,0.52020586
PD,2026-07-08,0.4312002,0,0.45805058,0.3470198,0.48853022
EXFY,2026-07-08,0.4311896,0,0.4329025,0.40116212,0.45950413
TWG,2026-07-08,0.43117538,0,0.43628237,0.40620542,0.45103827
VIOT,2026-07-08,0.43113503,0,0.41714793,0.42713603,0.44912103
NSPR,2026-07-08,0.4311144,0,0.41089344,0.44588816,0.4365616
DRH,2026-07-08,0.43110496,0,0.46793973,0.33857223,0.48680285
REPL,2026-07-08,0.43109384,0,0.47373948,0.34220502,0.477337
HPE,2026-07-08,0.43109253,0,0.4770632,0.31430998,0.5019043
VEON,2026-07-08,0.43106216,0,0.45221496,0.4025983,0.43837312
CENN,2026-07-08,0.43104416,0,0.43598995,0.4382559,0.4188866
NYXH,2026-07-08,0.43101895,0,0.44326282,0.41618714,0.43360683
SNDL,2026-07-08,0.43099773,0,0.4289797,0.4119446,0.45206878
BSIN,2026-07-08,0.43098724,0,0.42006242,0.41889367,0.45400557
SNTG,2026-07-08,0.43096453,0,0.4485898,0.43611494,0.4081888
IMDX,2026-07-08,0.4309305,0,0.44061783,0.43191388,0.42025974
SMP,2026-07-08,0.43091556,0,0.45338145,0.344872,0.4944932
TNYA,2026-07-08,0.43090928,0,0.4487706,0.38511792,0.45883918
MSS,2026-07-08,0.43089896,0,0.430515,0.42410213,0.43807968
VYNE,2026-07-08,0.43086898,0,0.44763246,0.40066868,0.44430575
AZTR,2026-07-08,0.43085188,0,0.43377742,0.43227622,0.42650196
SPIR,2026-07-08,0.43082768,0,0.48781675,0.32741448,0.47725174
BFRG,2026-07-08,0.4308051,0,0.42436293,0.41617942,0.4518729
BRK-B,2026-07-08,0.4307942,0,0.4794058,0.2909915,0.5219853
FPH,2026-07-08,0.430785,0,0.44303387,0.4243858,0.4249353
AMRC,2026-07-08,0.43078214,0,0.47432974,0.33641425,0.48160237
TDC,2026-07-08,0.43073973,0,0.4926294,0.30447686,0.49511287
CPSH,2026-07-08,0.4306395,0,0.4334682,0.4226435,0.43580672
ACIU,2026-07-08,0.43056995,0,0.41959572,0.42009726,0.45201674
LPAA,2026-07-08,0.43056434,0,0.4479678,0.37277123,0.470954
SUPX,2026-07-08,0.4305529,0,0.43080354,0.3942336,0.4666216
G,2026-07-08,0.4305493,0,0.4418757,0.34623092,0.5035412
WGS,2026-07-08,0.43054223,0,0.44269145,0.38195974,0.46697542
AIOS,2026-07-08,0.4305287,0,0.42642045,0.39462999,0.47053567
PRTS,2026-07-08,0.43051025,0,0.43412378,0.41263285,0.44477406
MKL,2026-07-08,0.43050689,0,0.47713372,0.2877124,0.5266745
TIGR,2026-07-08,0.4304679,0,0.4365987,0.38957494,0.46523008
BRNS,2026-07-08,0.43033296,0,0.39877626,0.43510863,0.45711395
IFRX,2026-07-08,0.4302623,0,0.40475473,0.44227362,0.4437585
CTNT,2026-07-08,0.43022966,0,0.4564274,0.378335,0.4559265
ASRV,2026-07-08,0.43019485,0,0.46446794,0.4030676,0.42304903
HPP,2026-07-08,0.43018892,0,0.43251172,0.40208378,0.4559712
PRPO,2026-07-08,0.43016022,0,0.41784808,0.42815036,0.44448218
AIFA,2026-07-08,0.4301336,0,0.44508737,0.39258555,0.4527279
NCMI,2026-07-08,0.43012965,0,0.42801306,0.43223414,0.43014178
ARM,2026-07-08,0.43011647,0,0.475426,0.29876927,0.51615405
NTRB,2026-07-08,0.4300305,0,0.46319634,0.36650777,0.4603873
AKA,2026-07-08,0.42979538,0,0.45112926,0.39222592,0.44603097
OTLK,2026-07-08,0.42977798,0,0.42392665,0.40792412,0.4574831
MTC,2026-07-08,0.42972982,0,0.43240854,0.42366847,0.43311232
GURE,2026-07-08,0.42970467,0,0.4318483,0.39372703,0.46353865
BRLT,2026-07-08,0.42966998,0,0.43870416,0.38191065,0.468395
BYAH,2026-07-08,0.42962214,0,0.39801246,0.39078292,0.50007105
KNDI,2026-07-08,0.42958072,0,0.42305654,0.42549783,0.44018775
FGL,2026-07-08,0.4294967,0,0.43279162,0.3722465,0.48345202
SLDB,2026-07-08,0.4294759,0,0.41696468,0.42968878,0.4417742
KBSX,2026-07-08,0.4294247,0,0.48199847,0.46481112,0.3414645
CHY,2026-07-08,0.42941952,0,0.4577367,0.34395653,0.48656532
RDI,2026-07-08,0.42940566,0,0.41765046,0.4114903,0.45907623
BBAI,2026-07-08,0.42933083,0,0.43317944,0.40948683,0.44532612
CGEM,2026-07-08,0.42931682,0,0.44452786,0.36172974,0.48169285
BNY,2026-07-08,0.42928237,0,0.47867227,0.29200405,0.5171708
TGT,2026-07-08,0.42927423,0,0.47284484,0.33021766,0.48476017
NESR,2026-07-08,0.4292233,0,0.46235752,0.42699283,0.39831948
BTCS,2026-07-08,0.42913166,0,0.43978995,0.41610453,0.43150046
LUCYW,2026-07-08,0.42907885,0,0.4645066,0.42252386,0.40020603
BFLY,2026-07-08,0.42902678,0,0.4484301,0.37395176,0.4646984
MIRA,2026-07-08,0.4290257,0,0.4094839,0.45876792,0.41882536
MTEK,2026-07-08,0.42897886,0,0.4217586,0.4200584,0.4451195
VRME,2026-07-08,0.42895794,0,0.4079556,0.4163935,0.46252474
HRTX,2026-07-08,0.4289546,0,0.431696,0.39360467,0.46156314
WKHS,2026-07-08,0.4289488,0,0.44849104,0.40897623,0.42937902
JBLU,2026-07-08,0.42893827,0,0.4420891,0.3560443,0.48868144
ICCM,2026-07-08,0.4289254,0,0.44082153,0.40389058,0.44206393
VOYA,2026-07-08,0.42884865,0,0.45294547,0.32640415,0.5071963
FIGS,2026-07-08,0.42884737,0,0.43386912,0.38308772,0.46958524
ITRI,2026-07-08,0.42883328,0,0.44827527,0.35132307,0.48690146
BILL,2026-07-08,0.42883322,0,0.47277486,0.31949428,0.4942305
TXT,2026-07-08,0.42880517,0,0.47013396,0.32019392,0.49608764
PDSB,2026-07-08,0.4287498,0,0.4360677,0.40019706,0.44998452
PAY,2026-07-08,0.42863992,0,0.4657493,0.33002144,0.49014893
HYFM,2026-07-08,0.42859265,0,0.4044492,0.42352736,0.45780128
HYPD,2026-07-08,0.428537,0,0.4221014,0.4223079,0.4412017
IH,2026-07-08,0.4285282,0,0.42774028,0.3946713,0.4631729
FUSB,2026-07-08,0.42848873,0,0.4736146,0.35171437,0.46013716
MARPS,2026-07-08,0.42841536,0,0.4517536,0.3587641,0.47472838
TGEN,2026-07-08,0.4284044,0,0.45907587,0.41730657,0.40883073
GBLI,2026-07-08,0.42836255,0,0.45183414,0.38154596,0.4517075
NTRP,2026-07-08,0.4283455,0,0.44150424,0.39641035,0.44712195
EVGO,2026-07-08,0.42830652,0,0.4333616,0.3912436,0.4603142
IDAI,2026-07-08,0.42822278,0,0.41113788,0.42201206,0.45151836
CGO,2026-07-08,0.42821848,0,0.4735567,0.32380378,0.487295
SWVL,2026-07-08,0.42811844,0,0.4446947,0.41020292,0.42945766
MBOT,2026-07-08,0.42806354,0,0.4305922,0.4395034,0.41409498
AAMI,2026-07-08,0.42805013,0,0.4573503,0.33948815,0.48731187
WCT,2026-07-08,0.42804715,0,0.4175149,0.38373277,0.48289374
CODX,2026-07-08,0.42802915,0,0.4410925,0.41417125,0.4288237
URGN,2026-07-08,0.428025,0,0.44758826,0.37567574,0.46081105
MSTR,2026-07-08,0.42802197,0,0.475426,0.3108023,0.4978375
ZD,2026-07-08,0.42801556,0,0.4445539,0.36426678,0.475226
SYPR,2026-07-08,0.4280072,0,0.441111,0.39700502,0.4459055
WULF,2026-07-08,0.42800382,0,0.45565754,0.36781043,0.4605434
CCCC,2026-07-08,0.4279874,0,0.44423676,0.37608784,0.4636375
HIO,2026-07-08,0.4278913,0,0.474011,0.38651493,0.42314798
UCAR,2026-07-08,0.42785484,0,0.45359716,0.39246345,0.4375038
FURY,2026-07-08,0.42781478,0,0.4081408,0.417953,0.45735043
VSTD,2026-07-08,0.42779553,0,0.4492886,0.40750098,0.42659694
BUR,2026-07-08,0.4277704,0,0.46212295,0.3426163,0.47857198
AMD,2026-07-08,0.42774266,0,0.4908757,0.30182672,0.49052545
MUR,2026-07-08,0.4277203,0,0.48172262,0.2980203,0.50341797
FLD,2026-07-08,0.42772013,0,0.47053754,0.41389346,0.39872932
SABA,2026-07-08,0.427602,0,0.44365337,0.40445888,0.43469372
LYEL,2026-07-08,0.42758662,0,0.44841063,0.3716109,0.46273825
SENS,2026-07-08,0.42758092,0,0.43390226,0.3992851,0.44955528
FDMT,2026-07-08,0.427558,0,0.4505673,0.37241226,0.45969445
GDEV,2026-07-08,0.4275435,0,0.44199803,0.3928914,0.44774106
NRXS,2026-07-08,0.427481,0,0.4357456,0.36891976,0.47777754
FVN,2026-07-08,0.42746192,0,0.45136642,0.3372123,0.49380702
IHT,2026-07-08,0.42743433,0,0.43012413,0.40834844,0.44383037
SNES,2026-07-08,0.42742008,0,0.4118116,0.4292837,0.44116488
BCAB,2026-07-08,0.4273335,0,0.4605262,0.3903709,0.4311033
PINS,2026-07-08,0.42732126,0,0.4684539,0.31695852,0.49655128
LILAK,2026-07-08,0.4272935,0,0.475426,0.3206659,0.48578852
REFI,2026-07-08,0.4272855,0,0.47857848,0.3133668,0.48991117
AKAN,2026-07-08,0.42727822,0,0.45076224,0.40507925,0.4259931
LIDR,2026-07-08,0.42726463,0,0.43561906,0.40969974,0.436475
CRSP,2026-07-08,0.42722166,0,0.46150082,0.33874747,0.48141664
BAK,2026-07-08,0.42720926,0,0.43057993,0.39847484,0.45257294
FITB,2026-07-08,0.42720693,0,0.46829647,0.31475782,0.4985665
STG,2026-07-08,0.42715526,0,0.40072817,0.39532596,0.4854116
INTS,2026-07-08,0.42711812,0,0.4029835,0.4133722,0.46499863
ASPCU,2026-07-02,0.4271142,0,0.41260976,0.38584986,0.48288286
TPST,2026-07-08,0.42709517,0,0.41223747,0.4419725,0.42707554
NMAD,2026-07-08,0.4270687,0,0.4330322,0.4158231,0.43235078
ESTC,2026-07-08,0.4270661,0,0.44866928,0.34239677,0.49013215
OLP,2026-07-08,0.42705682,0,0.44956955,0.3402724,0.49132845
DOYU,2026-07-08,0.4270443,0,0.45462966,0.36151078,0.4649924
HOUR,2026-07-08,0.42700505,0,0.41264448,0.41761568,0.450755
EXLS,2026-07-08,0.42699793,0,0.46130267,0.30518368,0.5145074
FOXF,2026-07-08,0.4269506,0,0.48320034,0.30058074,0.4970707
KVHI,2026-07-08,0.42693025,0,0.4172405,0.39333013,0.4702201
CLS,2026-07-08,0.4269215,0,0.4918696,0.27329075,0.515604
PXS,2026-07-08,0.42690477,0,0.4278056,0.38712394,0.46578473
HE,2026-07-08,0.42684984,0,0.46332446,0.34648618,0.47073886
TSEM,2026-07-08,0.42680573,0,0.47001538,0.32574582,0.48465598
NXTT,2026-07-08,0.42669684,0,0.42612836,0.43265787,0.4213042
PASG,2026-07-08,0.4266877,0,0.41424504,0.42332995,0.44248804
AKBA,2026-07-08,0.4266767,0,0.42909035,0.37646762,0.474472
BRN,2026-07-08,0.42667145,0,0.43459058,0.38175702,0.46366662
CTXR,2026-07-08,0.42662683,0,0.4338755,0.41873538,0.42726952
RMCF,2026-07-08,0.426557,0,0.4353735,0.4108125,0.43348506
MEDP,2026-07-08,0.42655236,0,0.475426,0.29296228,0.51126873
IMA,2026-07-08,0.4265501,0,0.4042951,0.43212336,0.44323176
SEDG,2026-07-08,0.4264685,0,0.45945036,0.36785275,0.45210233
DD,2026-07-08,0.42645162,0,0.45306936,0.335375,0.4909105
MAKO,2026-07-08,0.42644674,0,0.37801713,0.50567555,0.39564747
AUST,2026-07-08,0.42635918,0,0.42856243,0.38348973,0.4670253
MTX,2026-07-08,0.42629224,0,0.46665224,0.3180139,0.4942106
OPAL,2026-07-08,0.42627454,0,0.41286328,0.41532776,0.4506326
NAAS,2026-07-08,0.42622575,0,0.4134205,0.40635857,0.45889813
SINT,2026-07-08,0.42615053,0,0.42552313,0.41777858,0.43514988
DAVE,2026-07-08,0.42611253,0,0.47090313,0.32980943,0.4776251
JCTC,2026-07-08,0.4260525,0,0.43752477,0.40967348,0.43095925
ANY,2026-07-08,0.42602068,0,0.4134013,0.42860585,0.43605486
PED,2026-07-08,0.42601228,0,0.41275558,0.4069979,0.4582833
ORKA,2026-07-08,0.42600495,0,0.4465559,0.3965806,0.4348783
AMPG,2026-07-08,0.42597672,0,0.4571284,0.358931,0.46187073
METCB,2026-07-08,0.42596257,0,0.4205203,0.38934675,0.4680206
SKYX,2026-07-08,0.42594573,0,0.4156887,0.40251192,0.45963645
SOUN,2026-07-08,0.42591572,0,0.43857315,0.3851999,0.453974
ILAG,2026-07-08,0.42590827,0,0.44670942,0.41483015,0.4161851
OLB,2026-07-08,0.42587033,0,0.4508522,0.37502182,0.45173702
FEED,2026-07-08,0.42585972,0,0.4422703,0.39625204,0.43905675
IMRX,2026-07-08,0.42585364,0,0.39384252,0.4356836,0.44803476
LOBO,2026-07-08,0.42581907,0,0.421425,0.402225,0.45380712
BHST,2026-07-08,0.42579764,0,0.47212753,0.36290523,0.44236013
MLCI,2026-07-08,0.42578602,0,0.43552893,0.43398252,0.40784654
CYRX,2026-07-08,0.42575586,0,0.48556802,0.31369352,0.47800606
CLGN,2026-07-08,0.425737,0,0.43692452,0.38062692,0.45965952
ONL,2026-07-08,0.4256213,0,0.42266902,0.39996314,0.45423174
PLX,2026-07-08,0.42556974,0,0.4320521,0.4005341,0.44412303
FDX,2026-07-08,0.42545778,0,0.47605672,0.29452187,0.50579464
RNAZ,2026-07-08,0.42543513,0,0.41294453,0.42094982,0.44241104
CLST,2026-07-08,0.42542505,0,0.4729453,0.35134596,0.4519839
MATH,2026-07-08,0.42531648,0,0.42179498,0.3690158,0.48513865
GCTS,2026-07-08,0.42526615,0,0.4354235,0.45009732,0.39027753
ARR,2026-07-08,0.42522383,0,0.45402807,0.34714174,0.47450158
SY,2026-07-08,0.42521688,0,0.41460755,0.40353182,0.45751125
CAN,2026-07-08,0.42520252,0,0.39774653,0.40041715,0.47744384
ATRC,2026-07-08,0.42516273,0,0.4698116,0.31903574,0.4866409
RDZN,2026-07-08,0.42514926,0,0.47640717,0.40377283,0.3952677
WNW,2026-07-08,0.42509478,0,0.43881074,0.3939394,0.44253412
CYH,2026-07-08,0.4250766,0,0.47240356,0.32470363,0.47812262
USA,2026-07-08,0.42504138,0,0.4510967,0.3398794,0.48414797
RGP,2026-07-08,0.42501336,0,0.4625925,0.32431138,0.48813614
INV,2026-07-08,0.42498797,0,0.475457,0.4222319,0.3772749
MTCH,2026-07-08,0.42496184,0,0.4437717,0.3654195,0.46569434
RENT,2026-07-08,0.4249457,0,0.42812982,0.3848188,0.4618885
CREG,2026-07-08,0.4248854,0,0.45891088,0.3834862,0.43225908
API,2026-07-08,0.4248464,0,0.42661953,0.3866636,0.4612561
TOON,2026-07-08,0.4248201,0,0.43942627,0.3941775,0.44085646
CPIX,2026-07-08,0.42478558,0,0.4006731,0.44749376,0.42618987
PDM,2026-07-08,0.42477083,0,0.4490479,0.3627289,0.46253568
OCFC,2026-07-08,0.42474532,0,0.4273214,0.37131166,0.4756029
AVIR,2026-07-08,0.42473188,0,0.43364063,0.38073525,0.45981976
INVZ,2026-07-08,0.42465538,0,0.41208652,0.44322512,0.4186544
DXLG,2026-07-08,0.42464465,0,0.44212168,0.3676233,0.464189
ABLV,2026-07-08,0.42458165,0,0.43315572,0.42107847,0.4195107
ZEPP,2026-07-08,0.42455947,0,0.45191044,0.39313737,0.42863053
JRVR,2026-07-08,0.42449808,0,0.46445176,0.34678474,0.46225765
OZK,2026-07-08,0.42443794,0,0.43654165,0.33826947,0.4985027
ON,2026-07-08,0.42442113,0,0.47535318,0.29462695,0.5032832
APRE,2026-07-08,0.42441306,0,0.44166738,0.3890114,0.44256037
FABC,2026-07-08,0.42441273,0,0.40620372,0.43545467,0.43157977
KOPN,2026-07-08,0.42439428,0,0.47247177,0.3447625,0.4559485
TRS,2026-07-08,0.42438307,0,0.475426,0.2946111,0.503112
CYPH,2026-07-08,0.42437887,0,0.4314317,0.4053253,0.4363796
SHIP,2026-07-08,0.4243763,0,0.41004813,0.40922907,0.4538517
MRM,2026-07-08,0.42436993,0,0.4534373,0.43144965,0.3882227
LUCD,2026-07-08,0.4243206,0,0.45071217,0.38783494,0.43441465
ODV,2026-07-08,0.42430168,0,0.39682117,0.45458367,0.42150015
MITT,2026-07-08,0.42427778,0,0.46674478,0.31440598,0.49168256
BIAF,2026-07-08,0.4242602,0,0.43709627,0.38158458,0.45409974
MTEX,2026-07-08,0.4241512,0,0.45495352,0.38093778,0.43656233
NCEL,2026-07-08,0.42414862,0,0.39896092,0.41842806,0.45505676
NXTC,2026-07-08,0.42413387,0,0.43197104,0.39015242,0.45027804
ASST,2026-07-08,0.42412716,0,0.41247252,0.44683182,0.41307712
ORGO,2026-07-08,0.42409885,0,0.45212302,0.34872478,0.47144872
HIHO,2026-07-08,0.42406029,0,0.43105784,0.3984514,0.4426716
CDXS,2026-07-08,0.42403764,0,0.4613806,0.3425103,0.46822193
CNVS,2026-07-08,0.42402792,0,0.41906422,0.44470352,0.40831596
NIU,2026-07-08,0.4239626,0,0.4293366,0.37963566,0.46291548
GENI,2026-07-08,0.42394066,0,0.44704908,0.36344588,0.46132702
EIX,2026-07-08,0.42390668,0,0.47548887,0.28269082,0.5135404
ISPC,2026-07-08,0.4239065,0,0.42368907,0.44214475,0.40588558
FTH,2026-07-08,0.42384928,0,0.4106466,0.41525444,0.44564682
SCKT,2026-07-08,0.4238481,0,0.41743448,0.3950155,0.45909417
MDBH,2026-07-07,0.4238315,0,0.44440216,0.37281093,0.45428133
SST,2026-07-08,0.42378005,0,0.4112987,0.42433614,0.43570524
PNBK,2026-07-08,0.42377543,0,0.47905263,0.41177,0.3805037
TOP,2026-07-08,0.4237746,0,0.39960682,0.42210332,0.4496136
APPN,2026-07-08,0.4237203,0,0.47289282,0.3033391,0.49492884
COCP,2026-07-08,0.42367858,0,0.39681548,0.4497534,0.4244668
ELSE,2026-07-08,0.42366526,0,0.47441038,0.3788245,0.41776085
AGEN,2026-07-08,0.42366114,0,0.42400852,0.4120454,0.4349295
AQN,2026-07-08,0.42356068,0,0.4522707,0.34163845,0.47677281
ESLA,2026-07-08,0.42351824,0,0.46477103,0.40980193,0.3959817
BNTC,2026-07-08,0.42348373,0,0.4410854,0.37781343,0.45155224
EPSN,2026-07-08,0.42344403,0,0.4637156,0.32276684,0.48384956
IDXX,2026-07-08,0.42343295,0,0.4764798,0.3013092,0.49250978
MITQ,2026-07-08,0.42334327,0,0.42513293,0.39674762,0.4481493
ELAB,2026-07-08,0.42328185,0,0.441127,0.41675133,0.41196713
SLI,2026-07-08,0.4232071,0,0.44200647,0.37674314,0.45087168
BNAI,2026-07-08,0.4232046,0,0.4331107,0.42234504,0.41415802
AIRTP,2026-07-08,0.4231981,0,0.45464158,0.4091303,0.4058224
KN,2026-07-08,0.42318195,0,0.45310578,0.3360185,0.48042154
KLTR,2026-07-08,0.4231762,0,0.41044343,0.41905987,0.44002524
CERS,2026-07-08,0.4231628,0,0.42011246,0.41467392,0.43470192
OGI,2026-07-08,0.4231378,0,0.42246258,0.3955199,0.4514309
EBON,2026-07-08,0.4231078,0,0.43286395,0.39507288,0.44138655
FLNA,2026-07-08,0.42303026,0,0.44187742,0.37428236,0.452931
RPT,2026-07-08,0.422922,0,0.44495317,0.36633587,0.4574769
SPKL,2026-07-08,0.4228469,0,0.4495445,0.48952168,0.32947448
JAGX,2026-07-08,0.4227989,0,0.41750142,0.43538022,0.415515
OPTU,2026-07-08,0.42275047,0,0.43988967,0.3768361,0.4515256
CDTG,2026-07-08,0.42274892,0,0.43160522,0.35089833,0.4857432
UFI,2026-07-08,0.42270488,0,0.40507,0.39880484,0.46423975
UROY,2026-07-08,0.42270082,0,0.43632343,0.37099394,0.46078512
ABVC,2026-07-08,0.42234546,0,0.39723852,0.44287607,0.42692176
GNPX,2026-07-08,0.42230535,0,0.4178708,0.42140138,0.4276438
ALAR,2026-07-08,0.422246,0,0.41333044,0.4063857,0.44702184
WHR,2026-07-08,0.42224124,0,0.45541772,0.32119152,0.4901144
NCSM,2026-07-08,0.42217958,0,0.41906205,0.4235323,0.42394426
GTEC,2026-07-08,0.42217696,0,0.4262559,0.4081926,0.43208233
CRNX,2026-07-08,0.4221701,0,0.3828348,0.39855018,0.48512518
RYM,2026-07-08,0.42205083,0,0.43089974,0.4081162,0.42713657
BCAL,2026-07-08,0.42199874,0,0.42596552,0.48723602,0.35279462
AVXL,2026-07-08,0.42198333,0,0.4425874,0.348413,0.47494954
KALA,2026-07-08,0.42197472,0,0.39647362,0.4446625,0.424788
PFX,2026-06-30,0.42196852,0,0.47370207,0.38990754,0.40229595
TOUR,2026-07-08,0.42194605,0,0.42660022,0.40876037,0.43047753
SLE,2026-07-08,0.42190537,0,0.41288686,0.4209581,0.43187115
NKTR,2026-07-08,0.42187345,0,0.40475076,0.43626255,0.424607
BON,2026-07-08,0.42186487,0,0.44514188,0.37755385,0.44289887
SRXH,2026-07-08,0.42184663,0,0.43066242,0.3964351,0.43844226
PRHI,2026-07-08,0.4216481,0,0.42896846,0.421564,0.41441178
BAC,2026-07-08,0.42163002,0,0.44349056,0.345782,0.47561747
PBHC,2026-07-08,0.42160112,0,0.4570985,0.39742622,0.41027856
CWEN,2026-07-08,0.42159975,0,0.47519282,0.28225374,0.5073526
THM,2026-07-08,0.42158398,0,0.40476605,0.45660618,0.40337965
NTGR,2026-07-08,0.4214704,0,0.43572754,0.3326875,0.49599618
HCWB,2026-07-08,0.42142904,0,0.4254728,0.381828,0.4569863
ABEO,2026-07-08,0.42125386,0,0.42221338,0.3940378,0.44751024
VNRX,2026-07-08,0.4212449,0,0.42627388,0.42682266,0.41063806
FUBO,2026-07-08,0.42120826,0,0.44333577,0.36911207,0.45117682
SONM,2026-07-08,0.42113492,0,0.409978,0.39657903,0.4568477
AVAL,2026-07-08,0.42112634,0,0.3929304,0.4497249,0.4207237
CELU,2026-07-08,0.42110127,0,0.42661706,0.3921611,0.44452557
PDC,2026-07-08,0.42098093,0,0.4637656,0.37327927,0.42589796
SPRO,2026-07-08,0.42096764,0,0.41351187,0.4067842,0.44260684
IHRT,2026-07-08,0.42096615,0,0.46134892,0.33242244,0.4691271
IVDA,2026-07-08,0.42095536,0,0.41803387,0.42751354,0.4173186
AQB,2026-07-08,0.42092687,0,0.43061855,0.38212615,0.4500358
SATL,2026-07-08,0.42089546,0,0.44039446,0.3864327,0.43585914
NXL,2026-07-08,0.4208859,0,0.41111436,0.40029547,0.45124775
SCL,2026-07-08,0.42083502,0,0.44434816,0.32561535,0.4925415
GAME,2026-07-08,0.4208185,0,0.44684783,0.37528065,0.44032696
AURE,2026-07-08,0.42079648,0,0.3920918,0.43925443,0.43104312
SCNX,2026-07-08,0.4207567,0,0.44243446,0.39026496,0.42957062
ANGH,2026-07-08,0.42075244,0,0.4506925,0.3705372,0.44102755
NAGE,2026-07-08,0.42074668,0,0.44242942,0.36383498,0.45597565
MTNB,2026-07-08,0.42063528,0,0.41399243,0.40470463,0.44320878
RSSS,2026-07-08,0.4206305,0,0.42499855,0.39776638,0.43912655
FTEK,2026-07-08,0.42062122,0,0.40602264,0.43933156,0.41650942
MSCI,2026-07-08,0.42060506,0,0.45742962,0.3159591,0.4884264
NEXR,2026-07-08,0.4205823,0,0.39064866,0.44026774,0.43083042
HOVNP,2026-07-08,0.42056412,0,0.4521778,0.39381212,0.41570237
HOLO,2026-07-08,0.42047167,0,0.46434408,0.36646926,0.4306016
AIHS,2026-07-08,0.4204359,0,0.40622294,0.39773843,0.4573463
LTBR,2026-07-08,0.42037213,0,0.45437574,0.33775583,0.46898472
COIN,2026-07-08,0.42033872,0,0.46102795,0.3179468,0.48204142
BODI,2026-07-08,0.42032546,0,0.41964665,0.40026954,0.44106013
MTVA,2026-07-08,0.42028564,0,0.41092557,0.4103968,0.43953446
TGB,2026-07-08,0.4202496,0,0.45788106,0.35631353,0.44655427
NDRA,2026-07-08,0.42019156,0,0.4239622,0.41651624,0.42009625
NTWOU,2026-06-04,0.4201643,0,0.47413924,0.33829948,0.4480541
IRIX,2026-07-08,0.42010385,0,0.41086283,0.4012267,0.44822198
CENTA,2026-07-08,0.42009255,0,0.47191128,0.29664448,0.49172187
PRE,2026-07-08,0.4200415,0,0.4414497,0.40223265,0.41644207
QXL,2026-07-08,0.4199757,0,0.44675344,0.52043796,0.29273564
BHP,2026-07-08,0.41994086,0,0.42605495,0.32650024,0.5072673
XHG,2026-07-08,0.41983482,0,0.41856137,0.40130448,0.43963856
DHF,2026-07-08,0.41980797,0,0.4257503,0.40985295,0.42382064
VANI,2026-07-08,0.4197851,0,0.39728802,0.44148147,0.42058584
AMRN,2026-07-08,0.41973835,0,0.42823264,0.38447455,0.4465079
KITT,2026-07-08,0.41969854,0,0.39416748,0.42824706,0.43668094
RTB,2026-07-08,0.4196066,0,0.42217317,0.41570073,0.42094585
GVA,2026-07-08,0.41958046,0,0.49644265,0.25437787,0.50792074
AACG,2026-07-08,0.41942555,0,0.44724917,0.36691692,0.44411045
GDRX,2026-07-08,0.41937342,0,0.4534171,0.35122696,0.45347616
RDIB,2026-06-23,0.41936076,0,0.44692242,0.37961912,0.43154073
CNDT,2026-07-08,0.41935635,0,0.4008312,0.40174538,0.45549247
MTRN,2026-07-08,0.41934925,0,0.483126,0.28097773,0.49394402
JCSE,2026-07-08,0.41933802,0,0.39340016,0.43295678,0.43165708
JG,2026-07-08,0.41933757,0,0.4464862,0.38560334,0.42592317
IVF,2026-07-08,0.41927853,0,0.41593987,0.43135312,0.41054258
HERE,2026-07-08,0.41926557,0,0.4156294,0.41067323,0.43149412
SMBK,2026-07-08,0.41926327,0,0.44511533,0.34536007,0.46731436
NVX,2026-07-08,0.4192479,0,0.4078965,0.4226602,0.4271869
PSTV,2026-07-08,0.41924146,0,0.41824692,0.41771975,0.42175758
RGCO,2026-07-08,0.4192111,0,0.4428548,0.35317352,0.4616049
BYFC,2026-07-08,0.41920486,0,0.44888833,0.36832446,0.4404018
LSBK,2026-07-08,0.4191105,0,0.4620169,0.39436203,0.40095252
MBAI,2026-07-08,0.41904867,0,0.41922212,0.38835412,0.44956973
MRVI,2026-07-08,0.4190061,0,0.475426,0.3009739,0.48061836
QTEX,2026-07-08,0.41900092,0,0.44052693,0.37615296,0.44032285
CRNC,2026-07-08,0.4189753,0,0.44598117,0.3492675,0.4616772
TRLV,2026-07-08,0.41896707,0,0.42713785,0.4013201,0.42844322
RZLV,2026-07-08,0.41886556,0,0.45351774,0.44962025,0.35345858
NRIX,2026-07-08,0.4188624,0,0.45167086,0.32922375,0.47569266
LUCY,2026-07-08,0.41886047,0,0.41809744,0.3984237,0.44006017
CLIR,2026-07-08,0.41877925,0,0.4200112,0.39845046,0.43787602
SSYS,2026-07-08,0.41872832,0,0.41871256,0.39228386,0.44518846
SGRP,2026-07-08,0.41868907,0,0.4394893,0.40742624,0.4091517
BY,2026-07-08,0.4186006,0,0.4408879,0.34797892,0.46693495
FIRY,2026-07-08,0.41857025,0,0.4365627,0.3670813,0.45206672
BVC,2026-07-08,0.41855967,0,0.39579174,0.398972,0.46091527
WAI,2026-07-08,0.4184718,0,0.4408857,0.39850646,0.41602334
TSHA,2026-07-08,0.4183603,0,0.44310477,0.35963804,0.45233804
WY,2026-07-08,0.41835734,0,0.4578559,0.2985372,0.4986789
PHIO,2026-07-08,0.4183539,0,0.41613048,0.4122064,0.4267247
TOMZ,2026-07-08,0.41832107,0,0.41002962,0.39572737,0.4492062
AKTX,2026-07-08,0.41829166,0,0.40399233,0.40467155,0.446211
FTK,2026-07-08,0.4182889,0,0.43182606,0.3739353,0.44910526
IDA,2026-07-08,0.41821218,0,0.475426,0.2794412,0.49976933
NB,2026-07-08,0.41819304,0,0.42511198,0.38102922,0.44843787
RDHL,2026-07-08,0.41818517,0,0.41763365,0.42855406,0.40836772
FSHPU,2026-06-26,0.41811594,0,0.4713201,0.3483928,0.4346349
CTMX,2026-07-08,0.41811395,0,0.4177326,0.39532557,0.4412836
FVR,2026-07-08,0.41809985,0,0.46328193,0.33368364,0.45733386
BZFD,2026-07-08,0.4180975,0,0.43524814,0.3685969,0.45044735
PCSA,2026-07-08,0.4180445,0,0.41995803,0.3931356,0.44103986
EDSA,2026-07-08,0.41804394,0,0.4098147,0.40380612,0.44051096
DDC,2026-07-08,0.41803288,0,0.41246462,0.41333893,0.428295
FOX,2026-07-08,0.41794446,0,0.46253398,0.29066053,0.50063884
AAT,2026-07-08,0.4179392,0,0.46245158,0.30363443,0.4877315
EQS,2026-07-08,0.41792107,0,0.46845445,0.37519538,0.41011336
HKD,2026-07-08,0.4178419,0,0.41909966,0.42146236,0.4129636
IBRX,2026-07-08,0.41783047,0,0.43202728,0.3765629,0.44490117
INVH,2026-07-08,0.41782025,0,0.45062461,0.30550176,0.4973344
JFU,2026-07-08,0.41778034,0,0.40892488,0.39958325,0.44483295
KZIA,2026-07-08,0.41776276,0,0.3871957,0.4408414,0.42525107
CPOP,2026-07-08,0.41772795,0,0.45564523,0.38836494,0.40917364
MRDN,2026-07-08,0.41768837,0,0.41531157,0.40043408,0.43731943
FSUN,2026-07-08,0.41768324,0,0.45678285,0.45471382,0.34155297
DTIL,2026-07-08,0.4176051,0,0.40091103,0.41907135,0.4328329
GMM,2026-07-08,0.41756684,0,0.4512778,0.36070943,0.4407132
BBUC,2026-07-08,0.41754192,0,0.41979173,0.39307714,0.43975693
VTSI,2026-07-08,0.417472,0,0.4228031,0.36777824,0.4618346
DOMO,2026-07-08,0.41742623,0,0.42965683,0.33422446,0.4883974
SPWH,2026-07-08,0.41738388,0,0.40631852,0.38385502,0.46197802
CUE,2026-07-08,0.41727024,0,0.42718858,0.37978023,0.4448418
CIRC,2026-07-08,0.41724208,0,0.45829174,0.36496234,0.42847216
RPID,2026-07-08,0.4171533,0,0.4332197,0.3704255,0.44781467
COSM,2026-07-08,0.41712797,0,0.38728505,0.43087995,0.4332189
OKLO,2026-07-08,0.41710705,0,0.46518135,0.35073268,0.4354071
ONEG,2026-07-08,0.41702008,0,0.42289954,0.34616128,0.48199937
GV,2026-07-08,0.41697317,0,0.44529152,0.39165202,0.41397586
CHAI,2026-07-08,0.41691825,0,0.41175333,0.41786557,0.42113584
AUC,2026-07-08,0.41691083,0,0.4571728,0.36836347,0.42519623
SRPT,2026-07-08,0.41682735,0,0.4592084,0.30285463,0.488419
BCPC,2026-07-08,0.41677573,0,0.462237,0.29665604,0.49143416
BFRI,2026-07-08,0.41677287,0,0.42064396,0.40228987,0.42738476
MDAI,2026-07-08,0.41668874,0,0.43728885,0.41525477,0.3975226
SNAL,2026-07-08,0.41664022,0,0.439683,0.3545706,0.4556671
NXDR,2026-07-08,0.41659883,0,0.43220443,0.3596196,0.45797244
VCIG,2026-07-08,0.4165547,0,0.42602423,0.39618257,0.42745724
CLDI,2026-07-08,0.41648597,0,0.45180833,0.39336556,0.40428403
XOS,2026-07-08,0.41643864,0,0.44419563,0.37458375,0.4305365
YI,2026-07-08,0.4164365,0,0.41279814,0.36806995,0.46844137
AMSC,2026-07-08,0.41637403,0,0.5011236,0.26675498,0.48124343
ASG,2026-07-08,0.41630858,0,0.45396793,0.2969273,0.4980305
CMCT,2026-07-08,0.4162876,0,0.41819775,0.39353904,0.43712595
AXP,2026-07-08,0.41619548,0,0.46257806,0.26923022,0.5167782
THCH,2026-07-08,0.4161244,0,0.3879078,0.4185601,0.44190526
IRWD,2026-07-08,0.41609013,0,0.42296568,0.34612048,0.47918418
EURKU,2026-07-08,0.4160874,0,0.475426,0.32260424,0.4502318
GTM,2026-07-08,0.41605973,0,0.44002396,0.32172787,0.4864274
FWDI,2026-07-08,0.41605103,0,0.43313506,0.39194041,0.42307746
FEMY,2026-07-08,0.4160178,0,0.40490556,0.38105807,0.46208978
OCGN,2026-07-08,0.4158198,0,0.38933793,0.39843935,0.45968205
MTB,2026-07-08,0.41580588,0,0.48249012,0.25801158,0.5069158
TRC,2026-07-08,0.41577584,0,0.45518678,0.32113427,0.4710064
IAE,2026-07-08,0.41573814,0,0.4564581,0.299221,0.49153528
INDV,2026-07-08,0.41572526,0,0.4654844,0.37917134,0.40251997
PSNL,2026-07-08,0.41565847,0,0.4145182,0.37222284,0.4602343
GROV,2026-07-08,0.41561604,0,0.43524846,0.3794165,0.4321831
MFI,2026-07-08,0.4155187,0,0.41406143,0.39745188,0.43504274
INTJ,2026-07-08,0.41530156,0,0.4268711,0.38975596,0.42927757
POLA,2026-07-08,0.41524827,0,0.4392141,0.37095702,0.43557364
DOMH,2026-07-08,0.41509464,0,0.45402914,0.34646872,0.44478604
SITC,2026-07-08,0.41497588,0,0.4715509,0.27798367,0.49539298
UNCY,2026-07-08,0.41497514,0,0.4379421,0.35732517,0.44965813
KRKR,2026-07-08,0.4148185,0,0.4340393,0.36752912,0.44288707
MMM,2026-07-08,0.41465887,0,0.475426,0.28613257,0.48241797
ETR,2026-07-08,0.41459042,0,0.465276,0.27154288,0.50695235
ALRM,2026-07-08,0.41457558,0,0.44099385,0.32258728,0.48014557
SHO,2026-07-08,0.4145754,0,0.4525252,0.3046591,0.48654184
WKSP,2026-07-08,0.41448793,0,0.38594878,0.43182236,0.4256926
CNEY,2026-07-08,0.41438237,0,0.41364643,0.39566532,0.4338353
MANH,2026-07-08,0.41437832,0,0.47069353,0.25886422,0.51357716
ABTS,2026-07-08,0.4143675,0,0.40188506,0.37986943,0.46134797
EVTL,2026-07-08,0.4143586,0,0.4340089,0.3734624,0.43560442
FAX,2026-07-08,0.41430202,0,0.4508446,0.36211398,0.42994744
ATCH,2026-07-08,0.41416013,0,0.47120035,0.3652498,0.40603018
ZTEK,2026-07-08,0.4140483,0,0.40615112,0.419648,0.41634575
BZAI,2026-07-08,0.41404754,0,0.4413097,0.46353894,0.33729392
GREE,2026-07-08,0.4140312,0,0.38386062,0.43226388,0.42596912
AUB,2026-07-08,0.41395068,0,0.44854003,0.3060843,0.48722774
RNWWW,2026-07-08,0.41380396,0,0.43580562,0.3820242,0.42358202
MLSS,2026-07-08,0.41377908,0,0.40914032,0.4137444,0.41845253
ALGS,2026-07-08,0.41374952,0,0.37553698,0.42473307,0.44097847
COO,2026-07-08,0.4136784,0,0.43466598,0.32966733,0.47670183
TV,2026-07-08,0.4136499,0,0.40526947,0.39263088,0.4430493
RBKB,2026-07-08,0.4135818,0,0.46498886,0.38225698,0.3934995
ADX,2026-07-08,0.41347948,0,0.452597,0.28080902,0.50703233
HTOO,2026-07-08,0.41345665,0,0.41100642,0.39203137,0.43733212
ALXO,2026-07-08,0.41339242,0,0.4378493,0.333546,0.4687819
CLRB,2026-07-08,0.4133157,0,0.3967318,0.42372373,0.4194916
CURI,2026-07-08,0.41327938,0,0.39877126,0.40428495,0.4367819
MOLN,2026-07-08,0.41326508,0,0.42280608,0.37182334,0.44516578
NEPH,2026-07-08,0.4132552,0,0.42109534,0.39011905,0.42855117
VBIO,2026-07-08,0.41323137,0,0.41022727,0.41129974,0.41816708
AAME,2026-07-08,0.41321924,0,0.43938765,0.3562293,0.44404066
ADGM,2026-07-08,0.41318503,0,0.43352732,0.39804393,0.40798384
DBVT,2026-07-08,0.41313314,0,0.4029202,0.41902557,0.4174536
IMRN,2026-07-08,0.4131314,0,0.37162277,0.4272043,0.44056705
HLLY,2026-07-08,0.41313124,0,0.44857824,0.3338559,0.45695958
NTCT,2026-07-08,0.413123,0,0.47074172,0.29008108,0.47854623
YCBD,2026-07-08,0.41311628,0,0.39116797,0.40630472,0.44187602
ADAG,2026-07-08,0.41309828,0,0.3970628,0.40903303,0.4331989
KG,2026-07-08,0.4129614,0,0.43616563,0.34895632,0.45376223
CRSR,2026-07-08,0.41292727,0,0.475426,0.2829178,0.48043793
MLGO,2026-07-08,0.4128896,0,0.4381192,0.38475168,0.41579783
CLWT,2026-07-08,0.41279942,0,0.44431534,0.36022305,0.4338598
GGRP,2026-07-08,0.4127593,0,0.43859196,0.34598523,0.45370063
YHGJ,2026-07-08,0.41274485,0,0.42318326,0.37503242,0.4400188
BURU,2026-07-08,0.4127226,0,0.43664387,0.38213715,0.4193867
GVH,2026-07-08,0.41268247,0,0.39834094,0.40949002,0.43021652
PNC,2026-07-08,0.41265893,0,0.4713844,0.26253006,0.50406224
MARA,2026-07-08,0.412614,0,0.4595946,0.29428074,0.4839665
LPRO,2026-07-08,0.4125867,0,0.4573926,0.29644337,0.48392403
GWAV,2026-07-08,0.41252625,0,0.42416614,0.39761877,0.41579378
WATT,2026-07-08,0.4125187,0,0.40302876,0.42914551,0.4053818
BWBBP,2026-07-08,0.41231653,0,0.45097488,0.4066908,0.37928382
QMCO,2026-07-08,0.41224515,0,0.39644626,0.3793036,0.46098557
GEGGL,2026-07-06,0.41211954,0,0.4673615,0.3520786,0.41691855
PRFX,2026-07-08,0.4120182,0,0.43027598,0.39015558,0.41562304
CDT,2026-07-08,0.4119938,0,0.40122053,0.40445498,0.43030587
VSME,2026-07-08,0.4119526,0,0.40655997,0.370265,0.45903292
SLSN,2026-07-08,0.41195148,0,0.40209973,0.4184554,0.41529927
CELZ,2026-07-08,0.4118814,0,0.4205703,0.37427744,0.4407964
LCTX,2026-07-08,0.41184887,0,0.39272678,0.40589562,0.43692413
TMC,2026-07-08,0.41184068,0,0.43838823,0.36232266,0.43481106
DHC,2026-07-08,0.41181654,0,0.4213268,0.36157125,0.45255157
TRU,2026-07-08,0.41180283,0,0.47395048,0.27220702,0.4892509
ALBT,2026-07-08,0.41177872,0,0.40457797,0.38389334,0.44686487
LSPD,2026-07-08,0.4116326,0,0.46462741,0.30975637,0.46051395
RVSN,2026-07-08,0.41162574,0,0.39007103,0.39560288,0.4492033
RGC,2026-07-08,0.41156882,0,0.43910944,0.41081712,0.3847799
SHFS,2026-07-08,0.41155288,0,0.415274,0.3851441,0.4342405
YIBO,2026-07-08,0.41153765,0,0.421019,0.3930511,0.4205428
FLS,2026-07-08,0.41153532,0,0.49909768,0.21516459,0.5203437
UBXG,2026-07-08,0.41152507,0,0.42667875,0.40839633,0.39950013
GRPN,2026-07-08,0.4115016,0,0.475426,0.2774226,0.48165601
MNDR,2026-07-08,0.41149727,0,0.39996988,0.41620052,0.41832134
RR,2026-07-08,0.4114049,0,0.44100583,0.33199278,0.46121597
BKYI,2026-07-08,0.41137493,0,0.4011922,0.40116602,0.43176648
YXT,2026-07-08,0.411294,0,0.45669478,0.3577225,0.41946468
MNSBP,2026-07-08,0.41127396,0,0.46895286,0.33985978,0.42500925
HAO,2026-07-08,0.4112442,0,0.39648438,0.36304885,0.47419932
ELVA,2026-07-08,0.41110876,0,0.42049885,0.38340247,0.42942497
ASTC,2026-07-08,0.41109583,0,0.45477417,0.37079304,0.40772027
GRI,2026-07-08,0.41096446,0,0.41498286,0.4058439,0.41206658
GLBS,2026-07-08,0.41095,0,0.42624834,0.38526976,0.42133194
ERNA,2026-07-08,0.41091695,0,0.41386732,0.4290346,0.38984886
NCI,2026-07-08,0.41090807,0,0.42016223,0.37299088,0.43957102
QETA,2026-07-07,0.41088045,0,0.44201908,0.37691593,0.41370624
XRN,2026-07-08,0.4108801,0,0.44372082,0.31013557,0.47878385
KTTA,2026-07-08,0.4108535,0,0.3977223,0.41727325,0.4175649
ONCO,2026-07-08,0.41085255,0,0.44023734,0.37807265,0.41424766
IPSC,2026-07-08,0.41083804,0,0.39788258,0.3880558,0.44657573
AVX,2026-07-08,0.41083145,0,0.4088246,0.41540793,0.40826175
PACB,2026-07-08,0.41081685,0,0.46297833,0.30010346,0.4693687
GXAI,2026-07-08,0.4108009,0,0.4176044,0.38421392,0.4305844
TFC,2026-07-08,0.4107448,0,0.46429634,0.2795323,0.48840564
GOVX,2026-07-08,0.4106676,0,0.41713905,0.41107726,0.40378645
GOTU,2026-07-08,0.41066682,0,0.43671343,0.3518532,0.44343382
INDB,2026-07-08,0.41061953,0,0.46738505,0.28608367,0.47838983
LXFR,2026-07-08,0.41061586,0,0.4535159,0.2939835,0.48434818
INBS,2026-07-08,0.41050705,0,0.44844708,0.3508223,0.43225175
SRG,2026-07-08,0.41039458,0,0.44616145,0.33814615,0.44687614
NUWE,2026-07-08,0.41038856,0,0.41789973,0.37018248,0.4430835
AIFC,2026-07-08,0.41016287,0,0.4056054,0.38627288,0.43861032
CAT,2026-07-08,0.4101184,0,0.51579964,0.19717428,0.5173813
CNNE,2026-07-08,0.41001254,0,0.46880513,0.26678655,0.4944459
CWD,2026-07-08,0.40993097,0,0.4172655,0.3534177,0.4591097
TXMD,2026-07-08,0.40990847,0,0.4028916,0.41850805,0.40832573
TLSA,2026-07-08,0.4098997,0,0.40397528,0.39323178,0.43249202
OUST,2026-07-08,0.4098983,0,0.4612834,0.31658292,0.45182854
ADCT,2026-07-08,0.40989307,0,0.42027995,0.37834075,0.4310584
XIFR,2026-07-08,0.40989035,0,0.43856388,0.31658435,0.47452277
DZZ,2026-07-08,0.4098885,0,0.4240011,0.36237705,0.4432873
XMAX,2026-07-08,0.4098176,0,0.4439192,0.3790947,0.40643886
ONDS,2026-07-08,0.40977466,0,0.43937275,0.35059884,0.4393524
MBIO,2026-07-08,0.40969074,0,0.3993423,0.40709442,0.42263547
XRTX,2026-07-08,0.40962088,0,0.4321937,0.3658312,0.43083763
SIFY,2026-07-08,0.40960792,0,0.42294568,0.3767155,0.42916247
VXX,2026-07-08,0.40951556,0,0.42843586,0.37669563,0.42341506
GSHD,2026-07-08,0.4094653,0,0.45540434,0.28568763,0.48730388
UEC,2026-07-08,0.4093796,0,0.48240417,0.25751042,0.4882242
SOGP,2026-07-08,0.40920007,0,0.39643693,0.40513122,0.42603207
VRAX,2026-07-08,0.4091945,0,0.4131088,0.37555873,0.43891585
DSS,2026-07-08,0.40916395,0,0.422588,0.39001095,0.41489288
CKX,2026-07-08,0.40904304,0,0.45395613,0.3630585,0.4101145
JVA,2026-07-08,0.4088796,0,0.41052586,0.36666867,0.44944423
GFR,2026-07-08,0.40883222,0,0.43304107,0.38634098,0.40711454
ENSG,2026-07-08,0.4088044,0,0.4501297,0.27118587,0.50509757
SWAG,2026-07-08,0.40880024,0,0.4160754,0.38116002,0.42916524
QBTS,2026-07-08,0.40877068,0,0.39838913,0.40638527,0.42153758
AVB,2026-07-08,0.40874806,0,0.47323313,0.2470342,0.5059768
SOS,2026-07-08,0.40862107,0,0.42217067,0.37852263,0.4251699
AREC,2026-07-08,0.408602,0,0.4620237,0.30206245,0.46171978
SOBR,2026-07-08,0.40854186,0,0.40473977,0.40032345,0.42056227
JF,2026-07-08,0.4085027,0,0.40129,0.39836246,0.42585558
TRAW,2026-07-08,0.40839064,0,0.38650426,0.43493703,0.4037306
XXII,2026-07-08,0.40837422,0,0.38714966,0.42053273,0.4174402
VTR,2026-07-08,0.40834188,0,0.48053697,0.23812518,0.50636345
PAPL,2026-07-08,0.4082893,0,0.41342968,0.3994207,0.4120175
FCX,2026-07-08,0.40815616,0,0.44022173,0.3040682,0.4801785
UBSI,2026-07-08,0.4080407,0,0.438449,0.30502394,0.48064914
LGVN,2026-07-08,0.40795222,0,0.41346332,0.3595518,0.45084152
JDZG,2026-06-05,0.40791687,0,0.40590012,0.41640356,0.40144694
SERA,2026-07-08,0.40789688,0,0.39386854,0.38466236,0.44515964
JYNT,2026-07-08,0.40789068,0,0.4561918,0.31938827,0.44809198
FTFT,2026-07-08,0.40787482,0,0.4220183,0.4098292,0.39177695
PSHG,2026-07-08,0.40780675,0,0.41875398,0.3884781,0.41618818
ZEO,2026-07-08,0.40779784,0,0.44664916,0.39165303,0.38509125
APVO,2026-07-08,0.40776312,0,0.4185634,0.3627265,0.44199938
RMNI,2026-07-08,0.40773094,0,0.4313435,0.3273279,0.4645214
NEUP,2026-07-08,0.4076708,0,0.4000406,0.42451474,0.39845702
NEO,2026-07-08,0.40762696,0,0.4423775,0.31901294,0.4614904
TANH,2026-07-08,0.40758845,0,0.41027093,0.37475508,0.43773928
UUUU,2026-07-08,0.40745908,0,0.475426,0.2673384,0.4796128
IQV,2026-07-08,0.40745768,0,0.4726872,0.24951683,0.500169
DSY,2026-07-08,0.40741742,0,0.45379955,0.37494797,0.39350477
VCEL,2026-07-08,0.40727007,0,0.44672522,0.29150954,0.4835755
TBCH,2026-07-08,0.40724462,0,0.42244887,0.3327726,0.46651226
FORTY,2026-07-08,0.40715143,0,0.4575519,0.36581764,0.3980848
BMR,2026-07-08,0.40705198,0,0.44668356,0.35302266,0.42144966
BOLT,2026-07-08,0.40700534,0,0.40522182,0.38717872,0.42861545
WEC,2026-07-08,0.4069789,0,0.47574005,0.2429278,0.5022688
STI,2026-07-08,0.40695354,0,0.43499145,0.39704612,0.38882303
ENTX,2026-07-08,0.4069028,0,0.38652813,0.3932099,0.4409703
UPC,2026-07-08,0.40689617,0,0.41695797,0.34154245,0.46218807
WIMI,2026-07-08,0.40688413,0,0.41184804,0.3664615,0.44234288
AWRE,2026-07-08,0.4068442,0,0.39978307,0.38808933,0.43266016
RQI,2026-07-08,0.40684417,0,0.46409145,0.26423666,0.4922044
RYDE,2026-07-08,0.40674442,0,0.41861954,0.37933856,0.42227522
ZH,2026-07-08,0.40663502,0,0.4210595,0.36175397,0.43709153
VUZI,2026-07-08,0.40653425,0,0.4262057,0.34513333,0.44826376
YJ,2026-07-08,0.4064514,0,0.3909952,0.3713787,0.45698023
CRML,2026-07-08,0.40628436,0,0.44292936,0.35055086,0.42537287
OXSQG,2026-07-08,0.40625843,0,0.4750178,0.39339495,0.35036254
CYCN,2026-07-08,0.4062128,0,0.3990841,0.39311704,0.4264372
DDD,2026-07-08,0.40614682,0,0.40311453,0.3626904,0.4526354
OESX,2026-07-08,0.40598506,0,0.4010212,0.4048618,0.41207203
TRIB,2026-07-08,0.40586576,0,0.40812808,0.4024863,0.4069829
MSGM,2026-07-08,0.40557015,0,0.39141,0.41435218,0.4109482
CUB,2026-07-08,0.4055608,0,0.46883565,0.3289231,0.41892362
DOW,2026-07-08,0.405558,0,0.4343221,0.30106935,0.48128253
RIME,2026-07-08,0.40550703,0,0.4424657,0.38562244,0.38843292
VVOS,2026-07-08,0.40548533,0,0.42250714,0.3705278,0.42342097
GROY,2026-07-08,0.4054306,0,0.4083239,0.38663936,0.42132846
EVAX,2026-07-08,0.40534136,0,0.42133597,0.3684573,0.42623082
MSLE,2026-07-08,0.40530547,0,0.43324503,0.4138909,0.3687804
FVRR,2026-07-08,0.40529758,0,0.42547646,0.32755458,0.4628617
DNN,2026-07-08,0.40525,0,0.45137793,0.31116417,0.45320788
GYRE,2026-07-08,0.4052264,0,0.409328,0.3765085,0.42984268
GDHG,2026-07-08,0.40515494,0,0.40875337,0.3762233,0.43048814
SPCE,2026-07-08,0.4051536,0,0.40384397,0.36037293,0.45124382
PDYN,2026-07-08,0.40492946,0,0.407129,0.3709135,0.43674585
TGL,2026-07-08,0.40492716,0,0.4089125,0.3972817,0.40858722
MYSE,2026-07-08,0.40488496,0,0.4433389,0.338919,0.43239695
TRVG,2026-07-08,0.40486908,0,0.4044096,0.38554445,0.4246531
MMA,2026-07-08,0.40473655,0,0.40908945,0.3599527,0.44516745
CCIX,2026-07-08,0.4047279,0,0.41670457,0.40843484,0.38904428
NCL,2026-06-25,0.40472507,0,0.40917194,0.36164978,0.44335338
AERT,2026-07-08,0.40458894,0,0.4540947,0.38957313,0.37009892
AGD,2026-07-08,0.4045571,0,0.4506468,0.27573037,0.4872942
TROX,2026-07-08,0.40452898,0,0.50585204,0.23139675,0.47633803
PLAG,2026-07-08,0.40445533,0,0.4011437,0.40095446,0.41126782
SW,2026-07-08,0.40444374,0,0.45897624,0.38902608,0.3653288
OSCR,2026-07-08,0.40444303,0,0.4553026,0.2863671,0.47165942
NVTS,2026-07-08,0.4044196,0,0.4716676,0.27300408,0.4685871
RJET,2026-07-08,0.40437347,0,0.40537876,0.37424442,0.43349722
CBIO,2026-07-08,0.40435642,0,0.4146999,0.36772215,0.43064713
AGIG,2026-07-08,0.4043315,0,0.40765616,0.36805606,0.43728235
CMTV,2026-07-08,0.40431964,0,0.44786328,0.40739766,0.35769796
AQMS,2026-07-08,0.4042394,0,0.42343324,0.3433183,0.4459665
SMTK,2026-07-08,0.40423456,0,0.41848513,0.36948368,0.42473483
NEGG,2026-07-08,0.40421766,0,0.39328277,0.38693303,0.43243715
BANC,2026-07-08,0.40420687,0,0.46000883,0.2826367,0.469975
CBAT,2026-07-08,0.4041902,0,0.4144238,0.3857645,0.4123823
SITM,2026-07-08,0.4040398,0,0.48460737,0.22126018,0.5062519
HUN,2026-07-08,0.40387157,0,0.42431417,0.32166776,0.4656327
QCLS,2026-07-08,0.40381935,0,0.43063173,0.34469405,0.43613225
IFBD,2026-07-08,0.40369743,0,0.41164574,0.38201764,0.41742882
PALI,2026-07-08,0.40354183,0,0.40579677,0.39449206,0.41033667
USBC,2026-07-08,0.4034441,0,0.39858407,0.39314386,0.41860425
FOXX,2026-07-08,0.4034144,0,0.475426,0.4239964,0.3108207
PIM,2026-07-08,0.4034047,0,0.39573243,0.41032732,0.40415436
KYIV,2026-07-08,0.40338326,0,0.45867425,0.2820998,0.46937564
CCG,2026-07-08,0.40337175,0,0.4142451,0.39029968,0.4055705
KORE,2026-07-08,0.40328753,0,0.4438758,0.33105543,0.43493125
FUSE,2026-07-08,0.40310398,0,0.42760897,0.45176226,0.32994068
NNDM,2026-07-08,0.4030877,0,0.4101325,0.356849,0.44228157
ADXN,2026-07-06,0.40308356,0,0.40364856,0.3465176,0.4590845
CATX,2026-07-08,0.40303665,0,0.41670814,0.36728266,0.4251191
ACON,2026-07-08,0.4030305,0,0.4265207,0.3738255,0.40874526
AYTU,2026-07-08,0.40298322,0,0.3898567,0.43358496,0.3855079
GJS,2026-07-08,0.40295762,0,0.4668838,0.3877235,0.35426557
MYSZ,2026-07-08,0.40291083,0,0.40699056,0.37106675,0.43067515
STHO,2026-07-08,0.40286285,0,0.45656562,0.2598637,0.49215913
GGG,2026-07-08,0.40286267,0,0.4656251,0.22572443,0.5172384
LZ,2026-07-08,0.40279728,0,0.45521292,0.2526961,0.5004828
SKYT,2026-07-08,0.40267685,0,0.45569012,0.28513777,0.4672026
PSQH,2026-07-08,0.40264353,0,0.4213296,0.4045116,0.38208932
ELBM,2026-07-08,0.40264153,0,0.4180896,0.34615198,0.443683
SMSI,2026-07-08,0.40232158,0,0.39717197,0.37547606,0.4343167
GGR,2026-07-08,0.40216482,0,0.41931862,0.38505128,0.4021244
LEU,2026-07-08,0.4021367,0,0.46842557,0.24657121,0.4914133
HIMS,2026-07-08,0.4020684,0,0.4700593,0.25749874,0.47864714
LINE,2026-07-08,0.40203023,0,0.3829706,0.47236168,0.35075834
LRHC,2026-07-08,0.40193024,0,0.41998124,0.35780662,0.42800286
CGEN,2026-07-08,0.40186504,0,0.37705225,0.389836,0.43870682
INM,2026-07-08,0.4018572,0,0.42952237,0.36426476,0.41178447
HIMX,2026-07-08,0.40180045,0,0.4457333,0.28205952,0.47760847
COOT,2026-07-08,0.4017195,0,0.4560083,0.41606078,0.3330894
NXTS,2026-07-08,0.40167516,0,0.38972792,0.37858835,0.43670923
ZCMD,2026-07-08,0.40157858,0,0.37995097,0.3819317,0.44285297
BDRX,2026-07-08,0.40151066,0,0.3922599,0.41653413,0.39573798
AENT,2026-07-08,0.4014913,0,0.43720052,0.3479761,0.41929728
CETY,2026-07-08,0.40145922,0,0.40488014,0.3826601,0.41683733
SPWR,2026-07-08,0.4013669,0,0.3673908,0.400701,0.43600875
FERG,2026-07-08,0.40130728,0,0.48782685,0.20525858,0.51083636
BLNE,2026-07-08,0.40126568,0,0.39932323,0.3792101,0.42526364
HNST,2026-07-08,0.4012081,0,0.4210645,0.33226612,0.4502936
MAN,2026-07-08,0.40117097,0,0.4503201,0.25810456,0.49508825
ONMD,2026-07-08,0.4011125,0,0.4149315,0.42871752,0.35968843
LIVE,2026-07-08,0.40107286,0,0.39493674,0.37530142,0.43298036
CMND,2026-07-08,0.4010029,0,0.43860278,0.3531553,0.41125065
PCOR,2026-07-08,0.40096995,0,0.45908144,0.2509504,0.492878
ACFN,2026-07-08,0.40064192,0,0.43361193,0.3929388,0.375375
AMOD,2026-07-08,0.4006347,0,0.46972498,0.37449387,0.35768527
ARKR,2026-07-08,0.40054718,0,0.41952825,0.30660394,0.47550932
LPAAU,2026-07-07,0.40049145,0,0.451634,0.36226168,0.38757858
CLPS,2026-07-08,0.4004269,0,0.42091703,0.33900577,0.44135785
RAY,2026-07-07,0.40041095,0,0.41349941,0.35570556,0.4320279
VELO,2026-07-08,0.40039814,0,0.46802485,0.26765385,0.4655157
TXN,2026-07-08,0.40025908,0,0.47252342,0.22843434,0.49981946
LEG,2026-07-08,0.4001274,0,0.44496763,0.29679927,0.4586152
MNTS,2026-07-08,0.40012676,0,0.42021516,0.35890746,0.42125764
CTRM,2026-07-08,0.40006667,0,0.41932067,0.34149274,0.43938655
XLO,2026-07-08,0.39983267,0,0.41212592,0.36777946,0.41959265
TELO,2026-07-08,0.39972293,0,0.44046465,0.33134717,0.42735693
RNTX,2026-07-08,0.39968854,0,0.42176178,0.33551696,0.44178686
GSUN,2026-07-08,0.39962727,0,0.40190533,0.3814216,0.41555485
LIDRW,2026-07-08,0.39958498,0,0.39806786,0.41454107,0.3861459
CGC,2026-07-08,0.39949793,0,0.39575142,0.370113,0.43262926
MYND,2026-07-08,0.39949095,0,0.3807824,0.38017127,0.4375191
SEATW,2026-07-08,0.39948115,0,0.36611116,0.43883535,0.39349693
TVGN,2026-07-08,0.39946985,0,0.44964963,0.36977857,0.37898132
SHPH,2026-07-08,0.3993766,0,0.36935014,0.38387057,0.444909
VEEV,2026-07-08,0.39930534,0,0.45900097,0.25298437,0.4859306
MGIH,2026-07-08,0.3991866,0,0.41653967,0.32636917,0.45465094
VEEA,2026-07-08,0.3991652,0,0.4351736,0.42174283,0.3405792
TRUG,2026-07-08,0.39915806,0,0.43385413,0.38779667,0.37582338
FOXA,2026-07-08,0.39908072,0,0.4765362,0.22118661,0.4995193
SNT,2026-07-08,0.3990373,0,0.40973276,0.34553647,0.44184262
XPL,2026-07-08,0.39879185,0,0.4199033,0.37636432,0.40010783
LAW,2026-07-08,0.39874423,0,0.4756014,0.23321691,0.48741436
SFBC,2026-07-08,0.39869913,0,0.4667266,0.4140165,0.3153543
URG,2026-07-08,0.39869744,0,0.42912722,0.30722317,0.45974186
JTAI,2026-07-08,0.3986833,0,0.3913582,0.4379158,0.36677587
BNRG,2026-07-08,0.39867598,0,0.41630718,0.36952674,0.41019398
EDUC,2026-07-08,0.39863175,0,0.43306538,0.33430192,0.42852795
OCCIN,2026-07-08,0.39842412,0,0.44279566,0.34838933,0.40408728
INSG,2026-07-08,0.39837587,0,0.42876172,0.33139372,0.43497208
ENSC,2026-07-08,0.39835227,0,0.4079982,0.38794255,0.39911595
VIVO,2026-07-08,0.39821833,0,0.43933582,0.33434138,0.42097774
BDL,2026-07-08,0.39816764,0,0.4534872,0.31786275,0.42315295
HSCS,2026-07-08,0.39813712,0,0.41663793,0.3684378,0.40933558
INUV,2026-07-08,0.39804596,0,0.37700933,0.4203455,0.396783
SNGX,2026-07-08,0.3980338,0,0.42325684,0.36434475,0.4064997
PEGA,2026-07-08,0.397973,0,0.43246096,0.26101187,0.5004462
EVRG,2026-07-08,0.39796376,0,0.47541508,0.21080689,0.5076693
UPWK,2026-07-08,0.39794356,0,0.43372753,0.31005543,0.45004767
NTZ,2026-07-08,0.39781868,0,0.38771227,0.39575946,0.40998423
VS,2026-07-08,0.3978083,0,0.41267946,0.38440976,0.39633572
NTIP,2026-07-08,0.39779216,0,0.42182305,0.3514319,0.42012155
FLNT,2026-07-08,0.39778036,0,0.3956863,0.3788736,0.4187812
ILPT,2026-07-08,0.3977717,0,0.45500407,0.28876898,0.449542
CRVO,2026-07-08,0.39766088,0,0.40889996,0.349664,0.43441862
MNY,2026-07-08,0.39754164,0,0.4207282,0.40859404,0.36330274
MGF,2026-07-08,0.3974022,0,0.41647488,0.3776601,0.39807156
TWAV,2026-07-08,0.39737839,0,0.410551,0.39758193,0.3840022
GLDG,2026-07-08,0.39729914,0,0.37098828,0.39858356,0.42232552
ROP,2026-07-08,0.39722967,0,0.45360178,0.22832668,0.5097605
MNDO,2026-07-08,0.39721715,0,0.42058852,0.37210345,0.3989594
GLMD,2026-07-08,0.3972027,0,0.37692258,0.38712275,0.42756268
BNR,2026-07-08,0.39712083,0,0.38154796,0.37645978,0.43335462
CLNN,2026-07-08,0.39707786,0,0.42021072,0.36146644,0.40955642
JPM,2026-07-08,0.39703155,0,0.4719978,0.1953006,0.5237962
AISP,2026-07-08,0.39694077,0,0.44622293,0.34902495,0.39557442
U,2026-07-08,0.39692384,0,0.44042027,0.28103116,0.46932006
LPA,2026-07-08,0.39673424,0,0.3973893,0.3918433,0.40097013
LITB,2026-07-08,0.39671358,0,0.38035467,0.37889147,0.4308946
WLDS,2026-07-08,0.39657772,0,0.4087018,0.34482938,0.43620193
ALT,2026-07-08,0.39655566,0,0.45394439,0.27381808,0.46190456
OLOX,2026-07-08,0.39633864,0,0.413325,0.35582852,0.41986236
STKE,2026-07-08,0.39624628,0,0.4123724,0.4264338,0.3499326
AMH,2026-07-08,0.39622343,0,0.4700586,0.23276462,0.48584706
SXTC,2026-07-08,0.39622298,0,0.4099697,0.36301968,0.4156795
HIND,2026-07-08,0.39618206,0,0.40709522,0.37639105,0.4050598
PXLW,2026-07-08,0.39617413,0,0.39085555,0.38065118,0.41701564
ENVB,2026-07-08,0.39607006,0,0.41369167,0.36630863,0.40820986
ELTX,2026-07-08,0.39606208,0,0.39092916,0.3248877,0.47236925
EDIT,2026-07-08,0.3959583,0,0.42334148,0.3238184,0.440715
APM,2026-07-08,0.39594507,0,0.41175547,0.35316998,0.42290977
NAMSW,2026-07-08,0.39586893,0,0.45465153,0.3289869,0.40396827
CCM,2026-07-08,0.395788,0,0.40639377,0.3718474,0.40912288
MGX,2026-07-08,0.39529812,0,0.42084646,0.34485543,0.42019245
HUMA,2026-07-08,0.39527997,0,0.4513837,0.26137292,0.47308326
ICU,2026-07-08,0.39509606,0,0.42380106,0.37156627,0.3899208
FBIO,2026-07-08,0.395032,0,0.41901302,0.3338454,0.4322375
EZRA,2026-07-08,0.39503092,0,0.40022305,0.3827461,0.4021236
TSSI,2026-07-08,0.3944797,0,0.46563312,0.33602282,0.38178316
OCC,2026-07-08,0.39446092,0,0.43958497,0.2990149,0.44478285
FRMM,2026-07-08,0.3944264,0,0.41154513,0.37383014,0.3979039
PFXNZ,2026-07-08,0.3944015,0,0.44688344,0.38181442,0.35450652
HUDI,2026-07-08,0.39436537,0,0.38274232,0.3574523,0.44290143
HUBS,2026-07-08,0.39411288,0,0.4608062,0.21710035,0.50443214
SBEV,2026-07-08,0.39405107,0,0.40080982,0.33577013,0.44557324
RBC,2026-07-08,0.39404324,0,0.4735722,0.22854447,0.48001304
OWLT,2026-07-08,0.39400795,0,0.44127023,0.29582393,0.44492963
LITS,2026-07-08,0.39398122,0,0.37943032,0.3718567,0.43065667
EMPD,2026-07-08,0.3939802,0,0.41964418,0.3426124,0.41968396
BRAG,2026-07-08,0.39385948,0,0.402722,0.35702154,0.42183483
BKKT,2026-07-08,0.39383954,0,0.39316648,0.35464254,0.43370947
AEHL,2026-07-08,0.3937999,0,0.3968233,0.3400303,0.4445461
BQ,2026-07-08,0.3937557,0,0.39872667,0.3741429,0.40839753
PRLB,2026-07-08,0.39359915,0,0.4542704,0.2408711,0.48565596
SPPL,2026-07-08,0.3934933,0,0.40386337,0.34936693,0.42724955
TONX,2026-07-08,0.3933965,0,0.38714662,0.38312894,0.40991384
SCNI,2026-07-08,0.39338458,0,0.3986956,0.34514743,0.43631065
BGMS,2026-07-08,0.39337903,0,0.40228724,0.3536625,0.42418727
RMCO,2026-07-08,0.39307332,0,0.40898845,0.38002878,0.39020273
IBAC,2026-07-08,0.39303172,0,0.44509125,0.38078624,0.35321757
AVBH,2026-07-08,0.39296693,0,0.47626328,0.3817769,0.32086053
CHCO,2026-07-08,0.3928401,0,0.46165895,0.22276211,0.49409917
WPRT,2026-07-08,0.3926524,0,0.38961062,0.36080968,0.42753685
AHG,2026-07-08,0.39262462,0,0.38049984,0.3639515,0.43342242
GRML,2026-07-08,0.39260423,0,0.4243928,0.41239247,0.34102735
PEBO,2026-07-08,0.39259958,0,0.47756326,0.20742288,0.49281254
ESBA,2026-07-08,0.39251888,0,0.39959982,0.32805672,0.44990006
AMTX,2026-07-08,0.39250004,0,0.44031364,0.27512562,0.46206084
BBOT,2026-07-08,0.3923876,0,0.49065822,0.35775912,0.32874537
LUXE,2026-07-08,0.3922936,0,0.44202405,0.3054755,0.42938122
EU,2026-07-08,0.39213252,0,0.41890725,0.3224884,0.4350019
KXIN,2026-07-08,0.3921196,0,0.38289362,0.39118585,0.40227923
ATOS,2026-07-08,0.3921025,0,0.36176726,0.39258555,0.42195466
ATHE,2026-07-08,0.39209598,0,0.39028764,0.36195308,0.4240472
KUST,2026-07-08,0.3919745,0,0.3884979,0.35407484,0.43335083
TAOP,2026-07-08,0.39175892,0,0.3886504,0.3753674,0.41125894
GLO,2026-07-08,0.39161694,0,0.44831786,0.26161098,0.4649219
GJT,2026-07-01,0.391356,0,0.44468042,0.38776755,0.34161994
YEXT,2026-07-08,0.39119518,0,0.46990353,0.23741798,0.46626407
GRDX,2026-07-08,0.39114136,0,0.3846582,0.3695184,0.41924748
ILLR,2026-07-08,0.39113855,0,0.45445585,0.308781,0.4101788
TII,2026-07-08,0.39094666,0,0.45794758,0.3365125,0.37837982
TPET,2026-07-08,0.39086398,0,0.4130691,0.40402773,0.35549504
TKR,2026-07-08,0.3908463,0,0.45981413,0.2051095,0.50761527
SQNS,2026-07-08,0.39080137,0,0.4183251,0.31692854,0.43715048
QUCY,2026-07-08,0.39062795,0,0.41903204,0.33323732,0.41961452
MIND,2026-07-08,0.3906264,0,0.43034235,0.30789953,0.43363726
TOYO,2026-07-08,0.39029652,0,0.41879368,0.38609353,0.36600235
INO,2026-07-08,0.39022744,0,0.37913242,0.35402158,0.4375283
BAOS,2026-07-08,0.39018103,0,0.40133968,0.32324284,0.44596055
SSM,2026-07-08,0.39017662,0,0.38617826,0.3901202,0.39423132
SEIC,2026-07-08,0.390135,0,0.45392114,0.20672545,0.50975835
DPRO,2026-07-08,0.39012015,0,0.40098655,0.3422734,0.42710036
ABAT,2026-07-08,0.39002597,0,0.43135753,0.31034687,0.42837346
FXHO,2026-07-08,0.38978064,0,0.41246393,0.32397097,0.43290704
TLF,2026-07-08,0.38975626,0,0.44729862,0.31200373,0.40996638
MP,2026-07-08,0.3897305,0,0.46473336,0.21680601,0.48765215
ATER,2026-07-08,0.38956666,0,0.43410772,0.28285772,0.45173448
DRUG,2026-07-08,0.38946867,0,0.36715713,0.3772583,0.4239905
HWH,2026-07-08,0.38940215,0,0.41625497,0.39634576,0.35560563
EFOI,2026-07-08,0.38919768,0,0.390363,0.3593709,0.41785908
CXAI,2026-07-08,0.38918966,0,0.4037246,0.38986647,0.37397784
TLRY,2026-07-08,0.38899577,0,0.4081179,0.3136922,0.44517714
SOWG,2026-07-08,0.38857454,0,0.41622952,0.4138394,0.3356547
NNVC,2026-07-08,0.38782653,0,0.42691743,0.28260925,0.45395288
SHMD,2026-07-08,0.3878197,0,0.4103782,0.346739,0.4063419
MLEC,2026-07-08,0.38777107,0,0.40592912,0.35660258,0.40078148
HURA,2026-07-08,0.38776317,0,0.42279646,0.31166592,0.4288271
CNCK,2026-07-08,0.3877433,0,0.4572746,0.36597365,0.3399816
GORO,2026-07-08,0.3875532,0,0.41822648,0.32150498,0.42292807
LIQT,2026-07-08,0.3875445,0,0.40397397,0.356644,0.40201557
PW,2026-07-08,0.38739544,0,0.37911466,0.34277597,0.44029567
QUBT,2026-07-08,0.38730878,0,0.42370018,0.28442296,0.45380318
GMHS,2026-07-08,0.38697076,0,0.4255986,0.41869274,0.31662092
XERS,2026-07-08,0.3869173,0,0.4592748,0.24725458,0.45422247
POET,2026-07-08,0.3868191,0,0.42352888,0.3174542,0.41947418
BTBT,2026-07-08,0.38660187,0,0.45643735,0.24733156,0.4560367
CIFR,2026-07-08,0.38656384,0,0.46161094,0.24082232,0.4572582
CRUS,2026-07-08,0.3865271,0,0.45857942,0.20292626,0.49807554
CNSP,2026-07-08,0.3865165,0,0.39056724,0.36831465,0.40066755
GNS,2026-07-08,0.3864954,0,0.3692745,0.36446586,0.4257459
REVB,2026-07-08,0.38648582,0,0.42459297,0.29537305,0.4394914
ST,2026-07-08,0.38648152,0,0.47049946,0.20787679,0.48106834
AMIX,2026-07-08,0.3864801,0,0.369555,0.37571108,0.41417417
ASH,2026-07-08,0.38645226,0,0.475426,0.19988829,0.4840424
FGNXP,2026-07-07,0.3864197,0,0.44015723,0.3042699,0.414832
ATLX,2026-07-08,0.38639835,0,0.4306374,0.3104735,0.41808408
NICE,2026-07-08,0.38639626,0,0.44421172,0.23083223,0.48414478
SXT,2026-07-08,0.3858738,0,0.43129894,0.24776189,0.47856048
AIXI,2026-07-08,0.3858058,0,0.40269673,0.3230428,0.4316778
AUPH,2026-07-08,0.3857813,0,0.4787782,0.19799288,0.4805727
QSI,2026-07-08,0.38571954,0,0.3913203,0.31468034,0.451158
CCZ,2026-07-02,0.38544208,0,0.45492387,0.35732362,0.34407878
REFR,2026-07-08,0.38539958,0,0.4022722,0.31564635,0.43828014
SEGG,2026-07-08,0.38533056,0,0.3651854,0.37017512,0.42063114
SLXN,2026-07-08,0.3850515,0,0.4283534,0.41439238,0.31240863
SLNH,2026-07-08,0.38442302,0,0.38561022,0.35118032,0.41647846
STEM,2026-07-08,0.38415328,0,0.4402769,0.2531443,0.4590386
MIN,2026-07-08,0.38399407,0,0.44558424,0.3093262,0.39707178
SLDP,2026-07-08,0.38385963,0,0.4461305,0.2477967,0.45765164
SPRC,2026-07-08,0.38381645,0,0.40759546,0.3348064,0.40904745
AHT,2026-07-08,0.3837806,0,0.40205196,0.3328273,0.41646257
MEGL,2026-07-08,0.38326126,0,0.3934912,0.35464945,0.40164304
ARRY,2026-07-08,0.38320947,0,0.47064188,0.22051378,0.45847264
AIXC,2026-07-08,0.3831162,0,0.38501266,0.35799134,0.40634456
FRGT,2026-07-08,0.38301435,0,0.37305933,0.38629052,0.38969323
LAES,2026-07-08,0.38282678,0,0.37360746,0.36110726,0.41376558
BARK,2026-07-08,0.38248515,0,0.4219137,0.29366717,0.4318745
XBP,2026-07-08,0.38234407,0,0.4038761,0.37845683,0.36469924
FMST,2026-07-08,0.38233036,0,0.36702672,0.35589144,0.42407286
ARI,2026-07-08,0.38226932,0,0.45360872,0.19834383,0.49485537
YQ,2026-07-08,0.38208157,0,0.39807197,0.3246882,0.4234845
GCL,2026-07-08,0.38185126,0,0.44291383,0.37781116,0.32482877
TAP-A,2026-07-07,0.38182235,0,0.439916,0.35700068,0.34855032
GFAI,2026-07-08,0.38164073,0,0.3785803,0.33319506,0.43314677
EVGN,2026-07-08,0.3815528,0,0.38867632,0.35545895,0.40052307
BENF,2026-07-08,0.38149044,0,0.37035504,0.38575277,0.38836348
AEMD,2026-07-08,0.38127708,0,0.37404564,0.3718777,0.39790794
RENX,2026-07-08,0.38126785,0,0.36593425,0.3539497,0.42391953
EFOR,2026-07-08,0.38120624,0,0.4387918,0.23038943,0.47443745
GRCE,2026-07-08,0.38095295,0,0.380473,0.34991455,0.4124713
BZUN,2026-07-08,0.3809228,0,0.40896538,0.2832977,0.45050535
FRMEP,2026-07-08,0.3808394,0,0.42749837,0.32691208,0.38810772
SVC,2026-07-08,0.38078108,0,0.3461831,0.32854462,0.46761551
FSHP,2026-07-08,0.38055322,0,0.44511685,0.28672034,0.4098224
BJDX,2026-07-08,0.3805022,0,0.40543655,0.33855134,0.39751866
DUO,2026-07-08,0.380476,0,0.3825278,0.35554245,0.40335777
SAIH,2026-07-08,0.3803718,0,0.38449022,0.28783712,0.46878806
GEVO,2026-07-08,0.38033617,0,0.4083445,0.27223974,0.46042427
MOBX,2026-07-08,0.3803269,0,0.4106966,0.3543862,0.37589782
FUFU,2026-07-08,0.38011208,0,0.43647552,0.33987063,0.36399007
UXIN,2026-07-08,0.38009012,0,0.37508205,0.34847632,0.41671193
AMCI,2026-07-08,0.38008404,0,0.40724862,0.38442764,0.3485757
RDGT,2026-07-08,0.3799783,0,0.3652401,0.37122348,0.40347126
RAND,2026-07-08,0.37955666,0,0.4728063,0.2795569,0.38630673
CNET,2026-07-08,0.37942803,0,0.37729248,0.339252,0.42173958
DCBG,2026-07-08,0.3794077,0,0.44593093,0.28983548,0.40245667
AMBO,2026-07-08,0.3792083,0,0.3621691,0.35881862,0.41663718
NCV,2026-07-08,0.37899524,0,0.42785382,0.2627211,0.4464108
GIFT,2026-07-08,0.37888753,0,0.41170564,0.31912065,0.40583622
SYNA,2026-07-08,0.3788727,0,0.44257173,0.20637494,0.48767138
VGZ,2026-07-08,0.37839603,0,0.30685067,0.45962274,0.3687147
INTZ,2026-07-08,0.37820438,0,0.40438336,0.31104565,0.4191841
HUIZ,2026-07-08,0.37811148,0,0.37560037,0.3165242,0.44220987
ITP,2026-07-08,0.37805092,0,0.33945322,0.4479879,0.34671167
BEAM,2026-07-08,0.377814,0,0.43908986,0.2214873,0.47286484
CHPT,2026-07-08,0.37756062,0,0.4320797,0.27509022,0.4255119
REED,2026-07-08,0.37748402,0,0.3905444,0.40365717,0.33825055
GPAT,2026-06-30,0.37737125,0,0.4468245,0.31927964,0.36600956
ACHR,2026-07-08,0.37732428,0,0.44315407,0.2121589,0.4766598
OSRH,2026-07-08,0.37705457,0,0.44526428,0.3919144,0.29398495
UZX,2026-07-08,0.3770523,0,0.39185587,0.34383315,0.39546782
XWEL,2026-07-08,0.37658575,0,0.3977934,0.3441972,0.38776657
CCTG,2026-07-08,0.37644845,0,0.3091245,0.3722869,0.447934
GJH,2026-07-02,0.3762377,0,0.4359753,0.34485784,0.34787986
HELP,2026-07-08,0.37614515,0,0.36433256,0.34844822,0.4156547
PCSC,2026-07-08,0.37611142,0,0.43513477,0.3521869,0.34101257
PRSO,2026-07-08,0.37600565,0,0.3866167,0.31553456,0.42586556
ADSK,2026-07-08,0.37560615,0,0.46197614,0.15402201,0.51082027
USAS,2026-07-08,0.37522283,0,0.37387636,0.35382748,0.3979646
PLUG,2026-07-08,0.37489402,0,0.417663,0.25157437,0.4554446
DRMA,2026-07-08,0.3744617,0,0.3774073,0.32401374,0.421964
WKEY,2026-07-08,0.3739639,0,0.45197445,0.21387546,0.45604175
NMG,2026-07-08,0.3737777,0,0.38499448,0.3002049,0.4361337
CDIO,2026-07-08,0.3737105,0,0.38062796,0.33447176,0.4060318
KWR,2026-07-08,0.3736926,0,0.44725168,0.18860279,0.4852233
JBK,2026-07-08,0.37362576,0,0.420791,0.33798668,0.3620995
LODE,2026-07-08,0.3733163,0,0.39605466,0.32135567,0.4025385
WTS,2026-07-08,0.3730343,0,0.4646932,0.14583938,0.50857025
BNGO,2026-07-08,0.37281173,0,0.3677901,0.35004103,0.40060404
QNRX,2026-07-08,0.37279165,0,0.37488022,0.34426728,0.3992274
SOAR,2026-07-08,0.37231356,0,0.37680653,0.39776042,0.34237367
TOPS,2026-07-08,0.37219924,0,0.3550687,0.35612646,0.40540245
DTCX,2026-07-08,0.37204325,0,0.4309156,0.35479632,0.33041787
FNRN,2026-07-08,0.37155092,0,0.46570385,0.31749892,0.3314499
SBC,2026-07-08,0.37154496,0,0.3924468,0.35657975,0.36560836
PBK,2026-07-08,0.3714703,0,0.36798605,0.33157268,0.41485217
CHNR,2026-07-08,0.37144572,0,0.37864164,0.33928612,0.3964094
KFFB,2026-07-08,0.37126866,0,0.3781291,0.3413385,0.39433834
FFAI,2026-07-08,0.37121856,0,0.42989498,0.26637018,0.41739053
HUBC,2026-07-08,0.3707781,0,0.3657659,0.31224516,0.43432325
BLRX,2026-07-08,0.37071818,0,0.39955905,0.29970768,0.41288778
DBGI,2026-07-08,0.37044972,0,0.36570558,0.3515125,0.394131
BGLC,2026-07-08,0.37019956,0,0.46432948,0.27100673,0.37526238
BNZI,2026-07-08,0.37003952,0,0.31474388,0.4025202,0.39285442
BDMD,2026-07-08,0.3700038,0,0.4364433,0.36705175,0.30651632
AUUD,2026-07-08,0.36962402,0,0.32799014,0.3639195,0.41696233
AZI,2026-07-08,0.3695547,0,0.36880642,0.35912296,0.38073474
NCPL,2026-07-08,0.36927748,0,0.3936552,0.32389122,0.39028594
TENX,2026-07-08,0.36925587,0,0.37237573,0.32175457,0.41363728
AGM-A,2026-07-08,0.36920485,0,0.41313788,0.39104453,0.30343214
INTC,2026-07-08,0.36903632,0,0.4815392,0.12798215,0.49758756
NEN,2026-07-08,0.36880124,0,0.47131675,0.29542032,0.33966652
WAB,2026-07-08,0.36814737,0,0.47825804,0.111020036,0.515164
PYT,2026-07-08,0.36808738,0,0.4599187,0.34217212,0.30217132
MRKR,2026-07-08,0.36806792,0,0.39551097,0.3060967,0.40259612
YDKG,2026-07-08,0.368039,0,0.37098545,0.34857875,0.38455284
ATXG,2026-07-08,0.3678198,0,0.36028472,0.32805297,0.41512167
NVNI,2026-07-08,0.3676373,0,0.4099535,0.31076622,0.38219216
IMCC,2026-07-08,0.36763376,0,0.35023576,0.3235605,0.42910495
DUKR,2026-07-08,0.36759636,0,0.36398447,0.3774694,0.36133516
UAVS,2026-07-08,0.36758265,0,0.32671568,0.4056224,0.37040985
APLM,2026-07-08,0.36741397,0,0.36770716,0.36059073,0.373944
SDST,2026-07-08,0.36738703,0,0.44137347,0.28865445,0.3721331
AMTD,2026-07-08,0.36734277,0,0.40892017,0.31458616,0.3785219
ENGN,2026-07-08,0.36709297,0,0.42599425,0.26441675,0.41086784
ASTI,2026-07-08,0.3663841,0,0.39320424,0.30406567,0.40188238
GTN-A,2026-07-07,0.36613736,0,0.36137202,0.3143121,0.42272794
SVRE,2026-07-08,0.36600307,0,0.36451605,0.3254142,0.4080789
SCOR,2026-07-08,0.36577836,0,0.37814158,0.31392252,0.40527093
TSM,2026-07-08,0.3655162,0,0.4899691,0.12209249,0.48448697
FSP,2026-07-08,0.36538273,0,0.39200988,0.29038578,0.41375244
ATGL,2026-07-07,0.36516365,0,0.3618267,0.32259393,0.41107035
QS,2026-07-08,0.3648577,0,0.43234128,0.20873833,0.45349348
PMN,2026-07-08,0.3640502,0,0.39041293,0.32238662,0.37935096
SKYE,2026-07-08,0.3636639,0,0.3510065,0.3122095,0.4277757
EDBL,2026-07-08,0.36325374,0,0.36661375,0.31139824,0.41174918
OGCP,2026-07-08,0.36293715,0,0.44802755,0.2898862,0.35089767
KULR,2026-07-08,0.3614257,0,0.43851766,0.24152412,0.40423536
JOBY,2026-07-08,0.3606885,0,0.44869414,0.16266601,0.47070536
CETX,2026-07-08,0.36042023,0,0.3342438,0.397907,0.34910983
CHR,2026-07-08,0.36000025,0,0.4024584,0.2762746,0.40126774
SNOA,2026-07-08,0.35989606,0,0.35337228,0.3290545,0.39726135
IOR,2026-06-30,0.3598653,0,0.44780335,0.31844604,0.31334648
MSAI,2026-07-08,0.35970667,0,0.40800455,0.30460116,0.36651427
GBR,2026-07-08,0.35938618,0,0.34475908,0.30935624,0.42404318
TNMG,2026-07-08,0.35823244,0,0.37324837,0.34665784,0.35479107
ADIL,2026-07-08,0.35673237,0,0.34202188,0.33201787,0.39615735
MKDW,2026-07-08,0.3562354,0,0.40089303,0.29734355,0.37046963
CTOR,2026-07-08,0.3558147,0,0.38093588,0.34506354,0.3414446
TC,2026-07-08,0.3556822,0,0.36120316,0.2906281,0.41521522
MVIS,2026-07-08,0.35560322,0,0.38999313,0.21998945,0.45682698
VFSWW,2026-07-01,0.35559064,0,0.38141185,0.25061402,0.43474597
ATPC,2026-07-08,0.35511357,0,0.40549898,0.29214925,0.36769247
WALDW,2026-07-08,0.3550661,0,0.36407954,0.39285603,0.3082627
IMNN,2026-07-08,0.3549766,0,0.34094232,0.3313741,0.39261335
BCG,2026-07-08,0.3547599,0,0.37625638,0.2811211,0.40690216
GIGM,2026-07-08,0.35472625,0,0.3697487,0.31531394,0.37911606
CYN,2026-07-08,0.35466897,0,0.38860047,0.28271973,0.39268664
TOVX,2026-07-08,0.35378176,0,0.35454342,0.337717,0.36908486
GRDN,2026-07-08,0.3528822,0,0.45040122,0.17160594,0.43663937
SBFM,2026-07-08,0.3528192,0,0.37777898,0.27376187,0.40691674
AIM,2026-07-08,0.35281384,0,0.36575797,0.33031034,0.36237317
OFSSH,2026-07-06,0.3527587,0,0.43938297,0.33483943,0.28405368
RCON,2026-07-08,0.35226566,0,0.35052222,0.3110176,0.39525712
CLRO,2026-07-08,0.35182253,0,0.3970846,0.2787972,0.37958577
HCWC,2026-07-08,0.35176265,0,0.38059008,0.31437734,0.3603205
MSN,2026-07-08,0.35060868,0,0.37980422,0.32878655,0.3432352
BANL,2026-07-08,0.35052988,0,0.34448227,0.3085196,0.39858773
BANFP,2026-07-08,0.34985918,0,0.46677065,0.26884106,0.31396577
VSEE,2026-07-08,0.34968334,0,0.3952613,0.34032217,0.31346658
VTGN,2026-07-08,0.3496562,0,0.3361538,0.31964266,0.3931721
GEG,2026-07-08,0.34921607,0,0.37397555,0.290179,0.38349366
PBM,2026-07-08,0.34884465,0,0.36447513,0.35058847,0.33147028
TMQ,2026-07-08,0.34867346,0,0.41195652,0.22792529,0.40613854
EZGO,2026-07-08,0.348212,0,0.3402272,0.3022066,0.40220222
TRX,2026-07-08,0.34766063,0,0.3612973,0.35294175,0.3287428
EPRX,2026-07-08,0.3468405,0,0.42727706,0.15229878,0.46094567
XTIA,2026-07-08,0.3467337,0,0.36527592,0.30543503,0.36949012
CURR,2026-07-08,0.34596276,0,0.3494474,0.31684554,0.37159535
ORA,2026-07-08,0.34581476,0,0.4702684,0.058316052,0.5088599
ZNB,2026-07-08,0.34567982,0,0.338336,0.34083906,0.3578644
WLYB,2026-07-07,0.34560752,0,0.38348427,0.341273,0.31206524
FNUC,2026-07-08,0.34445488,0,0.40955076,0.19363147,0.43018234
SIM,2026-07-02,0.34422693,0,0.40339983,0.26598862,0.3632923
BTCT,2026-07-08,0.3435943,0,0.34317172,0.31464764,0.3729636
QTEXW,2026-07-08,0.3418166,0,0.3798258,0.26496,0.38066402
SPCB,2026-07-08,0.3416944,0,0.33911362,0.3329066,0.35306296
GNLN,2026-07-08,0.34098288,0,0.3472022,0.2991074,0.376639
FIEE,2026-07-08,0.34063423,0,0.36411127,0.2881177,0.36967367
NTRBW,2026-07-01,0.34053242,0,0.27751604,0.3621695,0.38191164
HOG,2026-07-08,0.34040773,0,0.4406539,0.10092182,0.47964746
TRSG,2026-07-08,0.3402733,0,0.31108806,0.28067276,0.429059
DGICB,2026-07-08,0.34009492,0,0.3938211,0.2990762,0.32738745
TCRT,2026-07-08,0.3380599,0,0.3358108,0.286794,0.39157486
SENEB,2026-07-07,0.33713138,0,0.38200533,0.33877483,0.29061392
ALF,2026-07-08,0.33707127,0,0.3845203,0.3000761,0.32661736
GIBO,2026-07-08,0.33655334,0,0.37904277,0.30635878,0.32425836
BCHT,2026-07-08,0.33645946,0,0.38722062,0.26148853,0.36066917
FEDU,2026-07-07,0.336092,0,0.35804954,0.2790396,0.37118688
WWR,2026-07-08,0.33606052,0,0.35559696,0.28793997,0.36464465
RMSG,2026-07-08,0.33477575,0,0.39181697,0.3488878,0.26362246
ABTC,2026-07-08,0.3344299,0,0.3678483,0.2304554,0.40498593
BULL,2026-07-08,0.33350092,0,0.35184607,0.24552213,0.40313458
QH,2026-07-08,0.33230007,0,0.28580564,0.2678823,0.44321218
TLPH,2026-07-08,0.3315845,0,0.3291697,0.28251356,0.38307023
GJO,2026-07-08,0.33107927,0,0.4370801,0.2721033,0.2840544
FISK,2026-07-07,0.33085132,0,0.4145259,0.29720387,0.28082418
JOB,2026-07-08,0.33066332,0,0.32217792,0.2967049,0.3731072
STXS,2026-07-08,0.330127,0,0.40443853,0.1586203,0.4273221
VTAK,2026-07-08,0.3284625,0,0.31280473,0.26943734,0.40314543
NAK,2026-07-08,0.32710534,0,0.35253313,0.3110063,0.31777662
TLSIW,2026-07-08,0.326643,0,0.30984488,0.32955623,0.3405278
IBIO,2026-07-08,0.32625836,0,0.33635157,0.2665331,0.37589037
CUBWU,2026-06-23,0.32610062,0,0.40516853,0.28436583,0.2887675
SMX,2026-07-08,0.32453206,0,0.32131907,0.28934577,0.36293128
ALLR,2026-07-08,0.3237145,0,0.35594332,0.25355598,0.36164415
BNBX,2026-07-08,0.3223821,0,0.32756343,0.29135644,0.34822637
AFJK,2026-07-08,0.32228935,0,0.32943192,0.30201942,0.33541667
EFSI,2026-07-08,0.32159862,0,0.3856513,0.35400942,0.22513509
HFBL,2026-07-08,0.32148144,0,0.3410644,0.28579727,0.33758262
FAMI,2026-07-08,0.321464,0,0.31307572,0.26002103,0.39129522
OGEN,2026-07-08,0.32146323,0,0.31400514,0.24272345,0.40766105
DVLT,2026-07-08,0.32104978,0,0.31297213,0.27160275,0.37857443
LBTYB,2026-07-08,0.32058817,0,0.398876,0.29151243,0.27137598
NIVF,2026-07-08,0.32036138,0,0.360554,0.27115947,0.32937056
SDEV,2026-07-08,0.31864554,0,0.29467082,0.2869762,0.37428957
OPTT,2026-07-08,0.31840983,0,0.3472701,0.2581217,0.34983766
GJP,2026-07-07,0.31822193,0,0.39279208,0.27365607,0.28821763
SBET,2026-07-08,0.31804726,0,0.38286823,0.15679899,0.41447452
BBLGW,2026-06-23,0.31730032,0,0.28274867,0.30402455,0.36512774
TNXP,2026-07-08,0.31536004,0,0.3018728,0.25678286,0.38742444
NVVE,2026-07-08,0.3133821,0,0.2971141,0.23474681,0.40828526
NUAI,2026-07-08,0.3133241,0,0.4390448,0.18938065,0.31154683
CRIS,2026-07-08,0.31054208,0,0.30191654,0.20591173,0.42379797
MAYS,2026-07-01,0.310429,0,0.39564312,0.28679204,0.24885188
MNYWW,2026-07-08,0.30966353,0,0.31082195,0.18437037,0.4337983
PAVS,2026-07-08,0.3047021,0,0.15618224,0.33182526,0.42609876
CGTL,2026-07-08,0.30427456,0,0.2128329,0.23153341,0.4684573
SLAI,2026-07-08,0.3029421,0,0.10950244,0.37700415,0.42231974
BULLW,2026-07-08,0.30225834,0,0.2882431,0.28936076,0.32917115
SUNE,2026-07-08,0.3019622,0,0.34148842,0.20108655,0.36331162
IGC,2026-07-08,0.29744354,0,0.3080737,0.21521409,0.36904278
PCTTU,2026-07-01,0.29599008,0,0.33830652,0.22962469,0.32003903
GPUS,2026-07-08,0.2950321,0,0.30174038,0.22840591,0.35495004
RFAIU,2026-07-02,0.2946755,0,0.34699857,0.22874996,0.30827793
ODYS,2026-07-08,0.29298842,0,0.30208355,0.32393405,0.25294763
CIIT,2026-07-08,0.29216236,0,0.3261062,0.31565496,0.2347259
RSVRW,2026-07-01,0.28959394,0,0.26225832,0.2160791,0.3904443
MBAVU,2026-07-01,0.28925946,0,0.30042017,0.22500642,0.34235176
GJR,2026-07-07,0.28925446,0,0.38525963,0.24785814,0.23464556
SIMAU,2026-07-07,0.2869376,0,0.33226565,0.19635709,0.33219
UAMY,2026-07-08,0.28663787,0,0.38343292,0.089438446,0.3870422
WHLR,2026-07-08,0.28496364,0,0.32936004,0.21199092,0.31353992
ENLV,2026-07-08,0.28209132,0,0.28873256,0.1315943,0.42594704
MYSEW,2026-07-06,0.2798585,0,0.2960894,0.19434172,0.34914437
PPCB,2026-07-08,0.27900872,0,0.25730655,0.26230696,0.3174126
POLEU,2026-06-26,0.2756434,0,0.32665825,0.20906843,0.29120344
ASBP,2026-07-08,0.2681302,0,0.2785982,0.18145205,0.34434038
BKHA,2026-07-07,0.26729542,0,0.34353802,0.18185893,0.27648935
GRAF-U,2026-06-25,0.26462764,0,0.331585,0.21243583,0.24986206
HKIT,2026-07-08,0.2609826,0,0.207117,0.12516497,0.45066583
GYRO,2026-07-07,0.26038668,0,0.32896674,0.19001795,0.2621753
KVACU,2026-06-24,0.25779778,0,0.3269344,0.17338198,0.27307698
BESS,2026-07-08,0.25761083,0,0.32177377,0.24016695,0.21089172
JZ,2026-07-08,0.25339332,0,0.21143505,0.10220506,0.44653982
EXOD,2026-07-08,0.2531268,0,0.2995018,0.21641225,0.24346636
CPHI,2026-07-08,0.24855831,0,0.21997741,0.19359054,0.33210698
HVT-A,2026-07-07,0.24166065,0,0.33822438,0.15595102,0.23080653
KELYB,2026-07-08,0.22702883,0,0.25707728,0.17895074,0.24505846
NIPG,2026-07-08,0.22609222,0,0.00076683745,0.21350661,0.4640032
MOG-B,2026-07-07,0.22583926,0,0.28763995,0.1869468,0.20293102
NCRA,2026-07-08,0.22513077,0,0.042849265,0.19150916,0.44103387
CCIXU,2026-06-30,0.21981706,0,0.2576769,0.14566684,0.25610742
INHD,2026-06-09,0.2150313,0,0.07351893,0.11037373,0.46120122
MBBC,2026-07-08,0.21330252,0,0.267548,0.14892025,0.22343934
NTCL,2026-07-08,0.21283677,0,0.10231636,0.04697689,0.489217
SPKLU,2026-07-06,0.20115067,0,0.18532555,0.21228787,0.20583858
GPATU,2026-06-25,0.19419062,0,0.22038978,0.14457005,0.217612
NAMMW,2026-07-08,0.19157268,0,0.13992414,0.18458638,0.2502075
AEC,2026-07-08,0.18077323,0,0.19016491,0.16220449,0.18995029
MI,2026-07-08,0.17488287,0,0.040443365,0.015526204,0.46867904
BKHAU,2026-07-06,0.17172661,0,0.18114439,0.114641495,0.21939394
CCGWW,2026-07-01,0.16958253,0,0.11242704,0.15741271,0.23890783
INLF,2026-07-08,0.15925054,0,1.4532756e-10,3.4368898e-06,0.47774816
WSO-B,2026-07-08,0.13684058,0,0.15095913,0.11578159,0.14378102
ANSCU,2026-06-24,0.12018578,0,0.14786512,0.082318954,0.13037327
QETAU,2026-07-07,0.1007439,0,0.096646264,0.07416198,0.13142343
AFJKU,2026-06-30,0.09712157,0,0.096159205,0.068741195,0.12646429
BIO-B,2026-06-25,0.048172776,0,0.040702056,0.03351222,0.07030405
