ticker,next_day_probability
TER,0.5845629572868347
BXC,0.5665556192398071
STRL,0.5612307190895081
IESC,0.5592253804206848
ETN,0.5579677820205688
MTW,0.5539435148239136
BCC,0.5435100197792053
RRX,0.5410436391830444
GNRC,0.5404803156852722
DECK,0.5380033254623413
WCC,0.5357276201248169
TLN,0.5352396965026855
ORLY,0.535160481929779
FCEL,0.535036563873291
MHO,0.5349100828170776
TATT,0.5348168015480042
CTRI,0.533501148223877
ROAD,0.5331048965454102
PLPC,0.5328184962272644
KNF,0.5316531658172607
MOD,0.5314530730247498
MTSI,0.5313677191734314
CECO,0.5312743782997131
DSWL,0.531220555305481
GLW,0.529606819152832
STM,0.5282307267189026
IBP,0.5278447270393372
BLDR,0.5276519060134888
ANET,0.5272575616836548
VIK,0.526477038860321
POWL,0.5261043310165405
HSAI,0.52591872215271
LOAR,0.5258647203445435
DAN,0.5250793695449829
HRI,0.5245721340179443
CVLT,0.5243564248085022
MLI,0.5242862105369568
NPO,0.5237693190574646
AAOI,0.5234912633895874
AMUB,0.5229097604751587
SFM,0.522649347782135
TGS,0.5221770405769348
NRG,0.521400511264801
PI,0.5207037925720215
MPWR,0.5206301212310791
EME,0.5199199318885803
ZS,0.5199106335639954
ATOM,0.518997073173523
AME,0.5188222527503967
ENS,0.5183625221252441
LLYVK,0.5182048678398132
TOL,0.5174070596694946
ATKR,0.5169320106506348
PLAB,0.516807496547699
KNSL,0.5165897607803345
WMS,0.5160006880760193
CAT,0.5157996416091919
KALU,0.5156482458114624
IRM,0.5143166780471802
ADI,0.5138930082321167
ATMP,0.5138791799545288
WS,0.5137150883674622
ACLS,0.5136270523071289
KGS,0.5132009983062744
CRK,0.5130465626716614
CAMT,0.5129609107971191
ARHS,0.5126810669898987
VSEC,0.5125957131385803
GEV,0.5117522478103638
TWI,0.5115960240364075
PWR,0.5115243792533875
LMB,0.5112752914428711
TEX,0.5110999941825867
CDLR,0.5109202265739441
LLYVA,0.5101722478866577
ALSN,0.5099183917045593
WSC,0.5096616744995117
FMAO,0.5095933675765991
KEX,0.5094029307365417
DTM,0.5093933939933777
BKV,0.509316086769104
CMI,0.5092213153839111
SBFG,0.5090293288230896
AAON,0.508808434009552
PHIN,0.5086641907691956
PR,0.508543074131012
FLNC,0.5084078907966614
TFPM,0.5081585645675659
NU,0.5077598690986633
MTZ,0.5077552795410156
TTE,0.5077022910118103
ONTO,0.507676899433136
METCZ,0.5076608061790466
LZB,0.5075284242630005
TW,0.5072905421257019
TRNS,0.5071767568588257
FIX,0.5071237087249756
PAGP,0.5071049928665161
NXG,0.507063627243042
FANG,0.5069128274917603
BMI,0.5067890882492065
ALAB,0.5066702365875244
PG,0.506587028503418
BELFB,0.5065799951553345
NVDA,0.5065169930458069
CEG,0.506020188331604
TROX,0.5058519840240479
OXLCI,0.5058446526527405
DGZ,0.5057515501976013
PBH,0.5055357813835144
ABBV,0.5054768919944763
BOTJ,0.5054742693901062
NOG,0.5053661465644836
ACGL,0.5053139925003052
RBRK,0.5052253007888794
CNQ,0.5052158832550049
KRT,0.5050076842308044
SCHL,0.5049925446510315
BWMN,0.5048686265945435
CL,0.5048221349716187
LEN-B,0.5043167471885681
CMC,0.504064679145813
IMXI,0.5038769245147705
JAKK,0.5036937594413757
PKOH,0.5036655068397522
NRGV,0.5036202669143677
HUM,0.5034816861152649
TITN,0.503463625907898
URI,0.5034541487693787
KBH,0.5033748149871826
WING,0.503339409828186
FTAI,0.5030439496040344
COCO,0.5029950141906738
ENLT,0.5029476284980774
CRF,0.5029399394989014
FLR,0.5029388666152954
ALNT,0.5028667449951172
AHR,0.5027629733085632
SLB,0.5027620792388916
GFF,0.5027165412902832
NVMI,0.5027042627334595
PRIM,0.5026577115058899
EPD,0.5025092363357544
PDX,0.502381443977356
JCI,0.5021693110466003
IBN,0.5019136071205139
RUSHB,0.5018811821937561
FSS,0.5018768906593323
AYI,0.5018151998519897
GTLB,0.5017992258071899
WMB,0.5014940500259399
NVCT,0.5014414191246033
AR,0.501430094242096
CADL,0.501372754573822
TT,0.5012593865394592
AMSC,0.5011236071586609
GE,0.5010700821876526
WSM,0.5010669231414795
PLXS,0.5010668039321899
ASBA,0.5009267926216125
EPAC,0.5008881092071533
WSO,0.5008255839347839
HNNA,0.5007010102272034
SXI,0.5006275773048401
OXLCO,0.5006163716316223
DHI,0.5005853176116943
RCL,0.5004539489746094
EXC,0.5004111528396606
CSW,0.5002917647361755
BCSF,0.5002748370170593
NHC,0.5002742409706116
BDCZ,0.500272274017334
GFS,0.500238835811615
CVI,0.5001956820487976
SCCG,0.5001716017723083
ET,0.5000899434089661
CVCO,0.49999773502349854
FORM,0.49995481967926025
EMO,0.4997672438621521
ECG,0.49970322847366333
PDI,0.49954479932785034
HY,0.49925705790519714
XPRO,0.4992521405220032
CRDO,0.4991019368171692
FLS,0.49909767508506775
OLLI,0.4989875853061676
ABM,0.49894723296165466
BSX,0.49889320135116577
TMHC,0.49864527583122253
CRBG,0.49860960245132446
AEIS,0.4985741078853607
CCBG,0.498466432094574
CE,0.4982220232486725
WMT,0.4982181191444397
KO,0.498202383518219
TDY,0.4981689453125
ACT,0.49815699458122253
MXL,0.4980073571205139
POWWP,0.49800196290016174
SITE,0.4979277551174164
ASML,0.4977926015853882
TAVI,0.4977504312992096
HCC,0.4976660907268524
MO,0.49764424562454224
OSW,0.497606098651886
RMBS,0.4975178837776184
HSDT,0.49747350811958313
LII,0.49746009707450867
WRLD,0.4974263608455658
OLED,0.4972470700740814
CAH,0.49718695878982544
GTX,0.4971703290939331
INTT,0.4969485104084015
FUTU,0.4968239963054657
CSL,0.49676474928855896
IIPR,0.49674275517463684
CHD,0.4966271221637726
NFG,0.49657055735588074
RACE,0.49655744433403015
TS,0.4965103566646576
OKE,0.49650895595550537
KRYS,0.49647969007492065
RDY,0.49647510051727295
AGX,0.49647438526153564
MRVL,0.49644735455513
GVA,0.49644264578819275
SRV,0.4964405298233032
SSD,0.4964258372783661
AZO,0.4964229166507721
VNOM,0.49638625979423523
POOL,0.4963396191596985
FWONK,0.49633854627609253
BEAT,0.4962994456291199
NVT,0.49628493189811707
BTSG,0.4961882531642914
BZH,0.49613988399505615
ARLP,0.49606165289878845
FTI,0.4960395395755768
WRB,0.4960315525531769
WINA,0.49592527747154236
PBR,0.4958493113517761
HWBK,0.49584895372390747
UCIB,0.49583688378334045
CNX,0.49580147862434387
TTWO,0.4956650137901306
CDNA,0.4956188499927521
ROCK,0.49553266167640686
PCM,0.495487242937088
CEPU,0.4954562783241272
RDW,0.4954551160335541
AUBN,0.4954051971435547
CPRX,0.4953727126121521
ELA,0.49533820152282715
VST,0.4952172040939331
STE,0.4952080249786377
PHM,0.4952051043510437
TPC,0.4951491057872772
SMCI,0.4951185882091522
WFRD,0.4950333833694458
VRT,0.494945764541626
CAAP,0.49492841958999634
TGLS,0.4949076771736145
KLAC,0.49486950039863586
MLPB,0.4948406517505646
MRK,0.49480435252189636
SU,0.4946949779987335
JCE,0.4946664571762085
BHE,0.49464142322540283
DXPE,0.4946141242980957
CLH,0.4945884048938751
XOMA,0.494565486907959
KMX,0.4945247173309326
RYZ,0.49446332454681396
FIZZ,0.4944112300872803
AM,0.49439647793769836
LIF,0.49426183104515076
CVX,0.49422991275787354
PMTS,0.49419674277305603
UTSI,0.49406614899635315
DV,0.49400126934051514
REPX,0.4939878284931183
ALFUU,0.49397194385528564
FNGO,0.4938601553440094
NPKI,0.4937059283256531
FDSB,0.49360930919647217
BTAI,0.4935527443885803
LLY,0.4933529198169708
MCRI,0.4933324456214905
KDP,0.49324315786361694
WAY,0.49313783645629883
PM,0.4930720925331116
SKWD,0.4930703043937683
FTAIM,0.49300289154052734
ASC,0.49297773838043213
OVV,0.49293094873428345
TCBS,0.49289026856422424
HAL,0.4928668737411499
GGAL,0.49276959896087646
BP,0.4926871061325073
TDC,0.49262940883636475
CDRE,0.4926173686981201
PCAR,0.49254390597343445
LNG,0.4925309717655182
CIEN,0.49246305227279663
EXP,0.4924581050872803
TDG,0.4924497604370117
CCJ,0.4924488961696625
RBA,0.4924461841583252
SHEL,0.49239543080329895
NWPX,0.49236443638801575
PAYX,0.4923016130924225
GM,0.4922938346862793
SUN,0.4922778904438019
TREX,0.4922478199005127
CBT,0.4921818673610687
BHFAM,0.49215981364250183
ORN,0.4920957088470459
LCII,0.49202263355255127
TSBK,0.4919479489326477
VIRC,0.4919123649597168
DY,0.49191033840179443
APG,0.49190953373908997
ONBPO,0.49190446734428406
GMED,0.49188801646232605
CLS,0.49186959862709045
TCI,0.4918542802333832
AGNCL,0.4918513298034668
COP,0.4918060004711151
CRH,0.4917074739933014
CMCO,0.49159133434295654
CNH,0.49151402711868286
MEOH,0.4915037155151367
PDS,0.4914727807044983
CIG,0.49145177006721497
CVSA,0.49142712354660034
PARR,0.4914223551750183
HWM,0.49134814739227295
BDC,0.4913347363471985
AGRO,0.4912644028663635
BXSL,0.49121907353401184
SN,0.49120795726776123
SBR,0.4911321699619293
UAL,0.4911261796951294
CXT,0.49112600088119507
LPLA,0.49111485481262207
SFST,0.4911075532436371
STRR,0.49096056818962097
SMID,0.4909438192844391
NVGS,0.4909416437149048
IPX,0.49093303084373474
PBR-A,0.4909328520298004
VMI,0.4909031391143799
L,0.4908890128135681
AMD,0.49087563157081604
IMOS,0.4908406436443329
COST,0.4908030927181244
MSBIP,0.4907990097999573
RUSHA,0.49077263474464417
PDFS,0.4907321631908417
CHRD,0.490721195936203
BBOT,0.4906582236289978
LMAT,0.49063992500305176
KLXE,0.4906206429004669
MBC,0.49059560894966125
KNTK,0.49053072929382324
MITP,0.4905044436454773
UCTT,0.4904946982860565
CI,0.4904829263687134
GRF,0.49047818779945374
LGCY,0.49042603373527527
BANX,0.49041467905044556
AGI,0.49037009477615356
JWEL,0.4903407394886017
THFF,0.4903296232223511
MKSI,0.49032753705978394
CIMN,0.49012935161590576
CARR,0.49009332060813904
LEN,0.4900590181350708
KRUS,0.4900510609149933
PAA,0.490043967962265
ASTE,0.4900321662425995
SKY,0.4899744689464569
TM,0.48997047543525696
TSM,0.4899691045284271
HUBB,0.4899625778198242
HLIO,0.4899102747440338
NN,0.489877313375473
ELMD,0.4898611605167389
GNE,0.48985251784324646
SKT,0.4897645115852356
KR,0.48972663283348083
NUE,0.4896671772003174
AZN,0.48965585231781006
ITT,0.4896288812160492
CHKP,0.48960334062576294
HEI,0.48954248428344727
CIX,0.48950591683387756
UTI,0.4894856810569763
CNR,0.48947301506996155
TAVIU,0.48945140838623047
SCCE,0.48943811655044556
SAY,0.4894096553325653
NFLX,0.4893941879272461
VRTX,0.4892937242984772
CHCI,0.48928436636924744
TDW,0.4892662465572357
GATX,0.48924800753593445
CPRT,0.48922887444496155
HSBC,0.48921164870262146
UFPT,0.4891897439956665
FICO,0.4891892671585083
HWKN,0.4891832768917084
TPL,0.4891141951084137
ADAMI,0.4890837073326111
RGLD,0.48907187581062317
YPF,0.48894280195236206
MTH,0.4889282286167145
WHF,0.4888658821582794
PSX,0.488823264837265
QSR,0.4886853098869324
EGO,0.4885767102241516
HBT,0.4885687530040741
ELE,0.48851537704467773
OXLCN,0.4884251356124878
NECB,0.4884069263935089
CMS,0.488393634557724
MDRR,0.4883415400981903
CALM,0.48829537630081177
VTS,0.48829400539398193
PGR,0.4882660508155823
VOC,0.4881737530231476
MTDR,0.4881588816642761
JXN,0.48813819885253906
APA,0.48813632130622864
USLM,0.48813530802726746
BHB,0.48813167214393616
LBRT,0.4880547523498535
HYPR,0.48803436756134033
TILE,0.4880240261554718
LW,0.48799553513526917
TRAK,0.4879515767097473
IHG,0.48788905143737793
E,0.48788681626319885
SLMBP,0.48787733912467957
FOUR,0.48786666989326477
RPAY,0.48783785104751587
FERG,0.48782679438591003
SPIR,0.4878167510032654
UG,0.48779621720314026
SNN,0.48774367570877075
REGCO,0.487723708152771
BCH,0.4877130687236786
CARG,0.4877002537250519
ITIC,0.48759931325912476
VLO,0.48759281635284424
MNR,0.48755455017089844
BGR,0.48752257227897644
NMM,0.4874686300754547
KMI,0.4874456524848938
MNSO,0.48735806345939636
DMLP,0.4873284697532654
BLBD,0.4873211681842804
ASTH,0.48731616139411926
RWTN,0.4872845411300659
ANDE,0.4872666895389557
CRESY,0.4871658384799957
NXPI,0.4871554374694824
WTTR,0.4871414005756378
HRL,0.4870929718017578
PNR,0.48696595430374146
OSK,0.48681414127349854
V,0.4867956042289734
AGYS,0.4867834746837616
TOST,0.4867665767669678
SMBC,0.48673945665359497
QTI,0.4867287278175354
BWA,0.4867178201675415
HUHU,0.48671433329582214
AMPH,0.4866918921470642
ESAB,0.4866832196712494
CFFI,0.48666366934776306
CPBI,0.48664605617523193
VLYPP,0.4866355359554291
GLU,0.4866251051425934
DTSQ,0.4866178333759308
RELL,0.4866146445274353
RBLX,0.4865771234035492
RRC,0.4865662157535553
VVX,0.48654550313949585
ODC,0.4865439832210541
MGM,0.48654213547706604
HIG,0.48650336265563965
HST,0.4864872097969055
WGO,0.48634809255599976
AJG,0.48629888892173767
APOS,0.4862866997718811
THO,0.48624977469444275
CRWD,0.486230731010437
UTG,0.4862024188041687
RDDT,0.4861905872821808
DKS,0.4861881136894226
BRK-A,0.4861760437488556
FIP,0.48617249727249146
CHRW,0.4861660301685333
CVU,0.48612794280052185
DVA,0.48612332344055176
EVEX,0.4860987365245819
CHSCP,0.48609113693237305
CRS,0.4860709309577942
AMKR,0.48602867126464844
AGCO,0.4859960079193115
MNST,0.48595213890075684
PNNT,0.4859475791454315
CSWC,0.4859279990196228
SANM,0.48588499426841736
AIT,0.4858526885509491
INLX,0.4858293831348419
DBD,0.48579540848731995
TK,0.4857911169528961
XEL,0.48574453592300415
NEE,0.48574206233024597
LB,0.48573529720306396
DVN,0.48573407530784607
TRGP,0.4857310354709625
CCS,0.48571982979774475
AAP,0.48571309447288513
CLM,0.48570796847343445
MOH,0.48569852113723755
ADEA,0.48566263914108276
APLD,0.48565617203712463
FHB,0.48565343022346497
FBIN,0.48563486337661743
MYRG,0.4856329560279846
HTGC,0.48561394214630127
BROS,0.4856070876121521
MVBF,0.48560383915901184
CYRX,0.48556801676750183
CQP,0.4855649173259735
CAVA,0.4855042099952698
TSLX,0.48547083139419556
RYAM,0.48538073897361755
ATLCZ,0.48533961176872253
VTOL,0.48533517122268677
BELFA,0.48531490564346313
ATMU,0.48528167605400085
MPC,0.485251247882843
CPA,0.485241174697876
NRC,0.48521459102630615
NOW,0.48516491055488586
NI,0.4851454794406891
MIR,0.48512697219848633
GSBC,0.48509207367897034
TR,0.4850918650627136
GBDC,0.48505157232284546
RS,0.48504090309143066
INSE,0.4850063621997833
SYF,0.4849949777126312
IIIN,0.4849810302257538
TSCO,0.4849635064601898
ESE,0.48493313789367676
DLHC,0.4849115014076233
UNM,0.48486435413360596
BTI,0.484841525554657
GEOS,0.4848339259624481
NX,0.48482784628868103
PYPD,0.48482388257980347
COKE,0.4848179519176483
USPH,0.4847933351993561
FWONA,0.4847278594970703
ONIT,0.48472505807876587
URBN,0.48470941185951233
DWTX,0.48469674587249756
HTO,0.48469069600105286
HNVR,0.4846753180027008
JHX,0.48467132449150085
CMG,0.48466023802757263
KOP,0.4846171736717224
SITM,0.48460736870765686
AFRI,0.48458239436149597
AN,0.4845622479915619
CIG-C,0.48454827070236206
FGN,0.4845083951950073
GTES,0.48450252413749695
SAIA,0.484497994184494
VAL,0.484470009803772
SOFI,0.48444104194641113
AFGB,0.4844166338443756
TRINZ,0.48441407084465027
RELY,0.48440197110176086
LGL,0.4843294322490692
TTGT,0.4843091368675232
BRID,0.484286367893219
HOV,0.48427653312683105
AEG,0.48427098989486694
AMX,0.48424196243286133
GIS,0.48424047231674194
HD,0.4842270612716675
ASIX,0.48421093821525574
ANF,0.4841930568218231
GWW,0.48414355516433716
ALV,0.4841405749320984
CLFD,0.4841325879096985
NEWTH,0.48402008414268494
BRC,0.483976274728775
MEC,0.48396655917167664
PCN,0.4839663505554199
YHNA,0.4839220643043518
APTV,0.48386406898498535
ALKT,0.48386150598526
COHU,0.48384273052215576
FWRG,0.4838043451309204
AKO-B,0.48378247022628784
AS,0.48377397656440735
HAS,0.4837661683559418
TJX,0.48373013734817505
ASYS,0.4837239980697632
NMIH,0.4836946427822113
CNM,0.4836792051792145
MTRX,0.4836781322956085
PEG,0.4836769700050354
BVFL,0.483672559261322
ROK,0.4836513102054596
HAFC,0.48363977670669556
ASLE,0.4836098849773407
NBHC,0.48359912633895874
JBL,0.4835900366306305
SRBK,0.48357903957366943
TMUS,0.48355329036712646
RYAAY,0.4835524559020996
UNH,0.48351776599884033
RL,0.4835108816623688
ESNT,0.483509361743927
PAYC,0.48350584506988525
SM,0.4835038483142853
RSG,0.48349347710609436
AOMN,0.4834873378276825
CFG,0.48347681760787964
EQBK,0.48346593976020813
AQNB,0.4834440052509308
SOLV,0.4834287166595459
LOPE,0.4834173619747162
MGA,0.48341357707977295
KBR,0.483397513628006
STNG,0.4833868145942688
DTSQU,0.48338237404823303
VEL,0.4833783507347107
ALGM,0.4833657741546631
BSM,0.4833418130874634
DXR,0.4833375811576843
PKE,0.4833255410194397
LOMA,0.4833189845085144
ALL,0.4833020567893982
LGND,0.4832991659641266
UFPI,0.48325905203819275
RVMD,0.4832346737384796
FRSH,0.4832226634025574
FOXF,0.483200341463089
VCTR,0.48318400979042053
NTRA,0.4831812381744385
NRT,0.4831755459308624
FRPH,0.4831533432006836
SPOT,0.48313915729522705
MTRN,0.4831260144710541
ATAT,0.4831081032752991
PAR,0.4830915927886963
FTNT,0.48308128118515015
CFR,0.48306092619895935
FCN,0.483058363199234
AOSL,0.4830549657344818
GT,0.48305246233940125
ISBA,0.4830445647239685
GBTG,0.4830375611782074
LEA,0.48302653431892395
ENVA,0.483012318611145
GDDY,0.4830072522163391
ROIV,0.4830054044723511
TSLA,0.48297882080078125
AMR,0.482966810464859
ADTN,0.48295044898986816
FRA,0.48294100165367126
MNKD,0.4829367697238922
EC,0.4829089641571045
ACEL,0.4828948676586151
FOF,0.4828821122646332
NVEC,0.4828518331050873
P,0.48284682631492615
NPCE,0.48282137513160706
BANF,0.4828014671802521
LECO,0.4827769100666046
CAPL,0.4827582538127899
PAM,0.48274630308151245
FLXS,0.48273396492004395
SAZ,0.48273006081581116
ALLE,0.48269301652908325
VMC,0.48267656564712524
GIII,0.4826754033565521
TWN,0.4826520085334778
NATR,0.48264312744140625
GAINZ,0.4826381504535675
FSTR,0.48260581493377686
TKO,0.48259392380714417
METC,0.4825861155986786
BRZE,0.4825383126735687
BG,0.48253464698791504
AMAT,0.48250633478164673
PUMP,0.48250555992126465
INGR,0.48250189423561096
MTB,0.4824901223182678
NOA,0.48246192932128906
MRSH,0.4824318587779999
CBFV,0.4824081063270569
UEC,0.48240411281585693
CGAU,0.48240405321121216
BLTE,0.48235562443733215
PAHC,0.48234397172927856
SYK,0.4823421835899353
NML,0.4823237955570221
ICL,0.4823042154312134
NTWO,0.4823019802570343
SIGIP,0.4823014736175537
FFIV,0.48229876160621643
UL,0.4822961688041687
PRDO,0.48228469491004944
MAS,0.4822767972946167
FSLR,0.48227459192276
ECVT,0.4822629392147064
FINV,0.48226243257522583
BHRB,0.4822290539741516
BOSC,0.4822233021259308
MCI,0.48221009969711304
HUT,0.4822036623954773
CW,0.48220011591911316
MAIN,0.4821968674659729
MKC,0.48218971490859985
VVV,0.4821784496307373
BCE,0.4821755588054657
DNOW,0.48207327723503113
CHEF,0.48207220435142517
RLJ,0.4820546507835388
PTY,0.4820234477519989
KBSX,0.481998473405838
NVS,0.48195821046829224
VALU,0.48191362619400024
SPNT,0.4819087088108063
LSAK,0.4818924367427826
DGP,0.4818626344203949
CRGO,0.4818597733974457
ATO,0.48182106018066406
BAER,0.48181813955307007
HLT,0.4817412793636322
WWD,0.4817298650741577
MUR,0.4817226231098175
UVV,0.4817199110984802
MRX,0.4817105233669281
HPK,0.48169296979904175
EQR,0.48168855905532837
LPX,0.4816732108592987
LULU,0.4816717803478241
AD,0.48166245222091675
AFL,0.4815850555896759
GHM,0.4815831482410431
PRI,0.48157793283462524
AVAV,0.4815658926963806
IBM,0.48155754804611206
PMTU,0.4815569221973419
INTC,0.48153918981552124
FIVE,0.48153460025787354
GME,0.48152828216552734
WBTN,0.48152321577072144
NOV,0.4815148413181305
RDCM,0.4815070629119873
OBT,0.48150157928466797
PRG,0.48149529099464417
BOOT,0.48148709535598755
CTGO,0.48148438334465027
MMSI,0.4814594089984894
FBP,0.4814226031303406
INTR,0.4814196228981018
FSCO,0.4814152121543884
AIR,0.4814099073410034
MPV,0.4813988506793976
NDSN,0.48137110471725464
GPOR,0.48133859038352966
EMA,0.48131731152534485
D,0.4812965393066406
ING,0.4812690317630768
OMAB,0.4812666177749634
BOW,0.4812411665916443
KEQU,0.48121532797813416
GOF,0.4812069833278656
USIO,0.48119837045669556
DXYZ,0.4811893701553345
ICHR,0.4811832308769226
ERIE,0.4811495840549469
HESM,0.48113346099853516
ROL,0.4810810387134552
HLF,0.4810701012611389
NGG,0.4810536503791809
SPFI,0.48100852966308594
ATR,0.48096993565559387
WAFU,0.48096001148223877
MLR,0.480951726436615
GLP,0.48094090819358826
COLM,0.48092150688171387
AVGO,0.480920672416687
BH,0.4809028208255768
FCPT,0.480899453163147
ABXL,0.48089519143104553
MG,0.4808902442455292
REGN,0.4808776080608368
VCYT,0.48081091046333313
SBS,0.48081058263778687
LQDT,0.48080572485923767
MNDY,0.48078930377960205
SENEA,0.48075923323631287
MTA,0.4807497262954712
LFMDP,0.48074790835380554
AGO,0.4807112216949463
FNKO,0.48070037364959717
AIN,0.48068809509277344
CZNC,0.4806797206401825
AKO-A,0.4806661009788513
CNOBP,0.4806229770183563
RCMT,0.480621874332428
EBF,0.4806198477745056
TYG,0.4806135594844818
LSF,0.480609655380249
IRTC,0.4806077778339386
PAC,0.4805956184864044
PFIS,0.4805886745452881
HRZN,0.4805738031864166
RSF,0.48057249188423157
AA,0.4805700480937958
JBI,0.48056626319885254
CSPI,0.48055729269981384
ZBRA,0.4805477559566498
VTR,0.48053690791130066
BCV,0.48052915930747986
TRDA,0.480508953332901
ALCO,0.4804975986480713
WTM,0.48049435019493103
BGC,0.4804718494415283
LVO,0.48044586181640625
TRMD,0.4804360866546631
TIPT,0.4804345369338989
ORI,0.48041626811027527
FRAF,0.480409175157547
CBNA,0.4804072380065918
GRAL,0.4803657531738281
HXL,0.48031389713287354
MRT,0.48030513525009155
SNDR,0.4802815914154053
RES,0.4802655279636383
VERX,0.4802546501159668
JBHT,0.480243980884552
MSGE,0.4802338778972626
PANW,0.480230450630188
TRP,0.48020532727241516
AMBA,0.4801555871963501
CGBD,0.4801456928253174
TY,0.48013371229171753
KYN,0.4801073670387268
AVT,0.4800918400287628
LOW,0.48006510734558105
IIF,0.48005226254463196
IAG,0.4800521433353424
SD,0.48004671931266785
PUK,0.4800226092338562
PRK,0.4800017774105072
PNTG,0.4799935817718506
SPRY,0.4799745976924896
PSO,0.4799327254295349
MITN,0.47990137338638306
GL,0.4798943102359772
BIP,0.47988468408584595
SKYW,0.4798831045627594
GRN,0.47988182306289673
ATI,0.4798703193664551
AESI,0.4798698127269745
NVA,0.4798697531223297
IMO,0.4798630177974701
SUPN,0.47984805703163147
GSBD,0.47982731461524963
GD,0.4798242449760437
HCXY,0.47981831431388855
ALG,0.47979438304901123
BWNB,0.47979313135147095
AXR,0.47979164123535156
DGII,0.47978276014328003
MERC,0.47977858781814575
WCN,0.4797774851322174
HG,0.4797748923301697
CVE,0.4797624349594116
MXE,0.47973716259002686
INVA,0.4797285795211792
LVWR,0.47971755266189575
AUR,0.47971680760383606
CRAI,0.4796912372112274
SNPS,0.4796801507472992
CRD-B,0.4796657860279083
OVBC,0.47966137528419495
DE,0.4796411991119385
DFIN,0.4796389937400818
SOC,0.47963055968284607
INNV,0.4795827269554138
NSIT,0.4795788526535034
ATEC,0.4795741140842438
CC,0.47957083582878113
BEPC,0.4795560836791992
CSQ,0.4795180857181549
JKHY,0.4794866740703583
AMS,0.4794779121875763
GCBC,0.47946277260780334
SNA,0.47943857312202454
UZD,0.4794381260871887
ENTG,0.47943341732025146
SYM,0.4794318675994873
ANRO,0.47942760586738586
SVV,0.47941094636917114
BRK-B,0.47940579056739807
HBB,0.47939538955688477
CSCO,0.47938287258148193
SMPL,0.47937625646591187
VBNK,0.4793422222137451
OCCIM,0.4793219566345215
BJ,0.4793208837509155
ITW,0.47931206226348877
CASH,0.47929611802101135
MCHP,0.47928887605667114
NWG,0.47928711771965027
CLX,0.4792650043964386
SPXX,0.47924694418907166
OTTR,0.4792434275150299
PNW,0.4792404770851135
CRGY,0.47923800349235535
CORZ,0.4792366325855255
BKR,0.4792294204235077
GAP,0.4792279899120331
CHH,0.47919875383377075
SLN,0.47919535636901855
ETV,0.47919195890426636
TCOM,0.4791865944862366
CBNK,0.479157418012619
IDYA,0.47912803292274475
DAKT,0.47909635305404663
ABX,0.4790921211242676
VRRM,0.47908732295036316
JILL,0.4790814518928528
PNBK,0.4790526330471039
COR,0.4790412485599518
AXS,0.4790135622024536
AAL,0.47901323437690735
CHDN,0.4789905250072479
DCOM,0.4789871871471405
EEFT,0.4789847135543823
COYA,0.47896990180015564
OHI,0.4789664149284363
ED,0.4789654314517975
SKYH,0.4789602756500244
IPM,0.47895294427871704
EAT,0.478951632976532
SXC,0.4789070188999176
DCI,0.4789041578769684
KIO,0.4789019823074341
PGACU,0.4788990318775177
WSR,0.4788984954357147
BAM,0.4788898527622223
PROV,0.4788863956928253
STVN,0.4788860082626343
EDN,0.47888028621673584
RZC,0.47886109352111816
GOOGL,0.478841632604599
JMSB,0.47883713245391846
ADC,0.4788351058959961
USAC,0.47881489992141724
BIPC,0.4788113236427307
MCFT,0.478794664144516
AUPH,0.478778213262558
PSA,0.47877153754234314
PK,0.4787665605545044
TRN,0.47875285148620605
ESP,0.47874122858047485
TURB,0.47871723771095276
SAT,0.47869548201560974
TRV,0.47869494557380676
CLBK,0.4786826968193054
BNY,0.4786722660064697
PTLO,0.47866523265838623
STLD,0.4786600172519684
SCZM,0.4786205291748047
BRX,0.4786173105239868
MATX,0.47859951853752136
NOVT,0.47859007120132446
MOS,0.4785791337490082
REFI,0.47857847809791565
LYV,0.47856953740119934
CF,0.4785490036010742
DELL,0.4785420596599579
RRR,0.4785372018814087
HGLB,0.4785368740558624
TYRA,0.4785299003124237
PATK,0.47850215435028076
FG,0.4785003066062927
ZWS,0.4784921109676361
USAR,0.47849178314208984
OCSL,0.47845685482025146
CODA,0.4784533679485321
CSV,0.4784521758556366
STT,0.47844183444976807
HQY,0.47842857241630554
CRVL,0.47842368483543396
LXEH,0.47842171788215637
CDZIP,0.47841089963912964
SEZL,0.4784098267555237
EOG,0.478407084941864
LAUR,0.47840359807014465
ERII,0.47840064764022827
CZWI,0.47839105129241943
GPGI,0.4783865809440613
FCCO,0.47837701439857483
NHPBP,0.47834351658821106
ASTS,0.4783269464969635
BTMD,0.47831544280052185
LPBB,0.4783121645450592
SFBS,0.47831106185913086
SO,0.47830355167388916
CRD-A,0.47830265760421753
PODC,0.4782940447330475
FNLC,0.47828903794288635
DTE,0.4782882034778595
UMH,0.47827690839767456
WAB,0.47825804352760315
ULTA,0.4782290458679199
VSXY,0.4782091975212097
WTFC,0.47820359468460083
RCG,0.47819992899894714
SLVM,0.47819218039512634
MLP,0.47816476225852966
CVR,0.478153795003891
PRGO,0.47815075516700745
NPFD,0.47814807295799255
FRPT,0.4781414866447449
RDN,0.4781348407268524
OUT,0.47812846302986145
ENB,0.47812339663505554
LNN,0.47812318801879883
LWLG,0.4781043231487274
NTNX,0.4780837297439575
ISRG,0.4780646562576294
PINE,0.47806432843208313
CUBI,0.4780597388744354
OGS,0.4780532717704773
GAIA,0.47803783416748047
FCAP,0.478031188249588
FN,0.47801342606544495
YRD,0.47797051072120667
IGI,0.47794753313064575
CNF,0.47792062163352966
PBA,0.4779098331928253
SMFG,0.4778470993041992
COLD,0.4778381884098053
INVX,0.4778019189834595
REX,0.47778353095054626
NSSC,0.47775936126708984
GEN,0.4777585566043854
FTW,0.47775784134864807
DLR,0.4777393937110901
MELI,0.47773173451423645
GNTX,0.4777316153049469
ZKH,0.47771692276000977
RCAT,0.4776918888092041
GOOG,0.4776698052883148
WEN,0.47766953706741333
PBI,0.47766444087028503
NIM,0.4776548147201538
CMSC,0.4776330292224884
RIO,0.4776211977005005
NPK,0.4776100814342499
TCMD,0.4775925278663635
FFA,0.47759050130844116
SIGI,0.47756779193878174
PEBO,0.4775632619857788
CACI,0.4775621294975281
DXCM,0.4775560796260834
DB,0.4775501787662506
SCCO,0.47754234075546265
CURB,0.47753700613975525
FROG,0.4775359332561493
EIG,0.4775088429450989
NOK,0.4775077700614929
BAH,0.4774983525276184
MLTX,0.4774922728538513
SAIC,0.4774918854236603
HLX,0.47748956084251404
OKTA,0.4774874150753021
GLAD,0.477469265460968
PCG,0.47742101550102234
OSIS,0.4774057865142822
CWH,0.4773961305618286
MAMA,0.4773927628993988
MHNC,0.47737210988998413
CTAS,0.47737085819244385
BWXT,0.47735124826431274
AAPL,0.4773443043231964
STK,0.4773288071155548
EVCM,0.4773107171058655
AZZ,0.4773043692111969
CAL,0.47729867696762085
VET,0.4772811233997345
FDBC,0.4772776961326599
SGMT,0.47727400064468384
AKR,0.47727182507514954
LNTH,0.477267861366272
INTU,0.47726619243621826
SAM,0.4772440195083618
PDLB,0.4772420823574066
ADAMN,0.4772416353225708
ECCV,0.47722598910331726
BBAR,0.4772217571735382
NMFC,0.477192759513855
MDU,0.4771866500377655
BWIN,0.47717931866645813
OBE,0.4771757125854492
AGNCO,0.47717344760894775
LTC,0.47716400027275085
JBSS,0.4771628677845001
EXOZ,0.4771449863910675
MKL,0.47713372111320496
FBIZ,0.47712698578834534
KT,0.47712698578834534
ENPH,0.477107971906662
PRH,0.47709864377975464
NUVL,0.4770960509777069
YETI,0.47708791494369507
CHE,0.477087140083313
PL,0.47708454728126526
DUOT,0.4770650565624237
MA,0.4770633280277252
HPE,0.47706320881843567
MIRM,0.4770524799823761
ERIC,0.4770433008670807
TTMI,0.47701898217201233
PFLT,0.47699904441833496
QRVO,0.4769735336303711
RGA,0.47697213292121887
DCO,0.47697094082832336
TALO,0.4769546687602997
LKQ,0.47695043683052063
ITRN,0.4769470691680908
CMRE,0.47692644596099854
BIRK,0.47692543268203735
SPH,0.4769112765789032
WDC,0.47690868377685547
OPXS,0.476896196603775
PLUS,0.4768931567668915
VICR,0.476885586977005
DUK,0.4768795967102051
PNRG,0.4768744111061096
BXP,0.47684311866760254
RDVT,0.47684231400489807
HGV,0.4768331050872803
AIP,0.4768313467502594
KREF,0.47681596875190735
RXST,0.4767981767654419
ETON,0.47679492831230164
CIGI,0.4767930805683136
BLFS,0.4767875671386719
IDR,0.4767627418041229
LRCX,0.4767611622810364
CNO,0.4767516851425171
LPG,0.47673532366752625
TTI,0.47672221064567566
BFAM,0.4766952395439148
DCBO,0.47669196128845215
VLTO,0.4766806960105896
OII,0.47667139768600464
NIE,0.47666841745376587
SAJ,0.4766659736633301
RLI,0.4766559600830078
FBRT,0.47665274143218994
AHRT,0.4766485393047333
GLSI,0.47663119435310364
NE,0.47661033272743225
AVBP,0.47660958766937256
OMH,0.4766095280647278
PCB,0.4766043424606323
PEO,0.4766038954257965
SHIM,0.47660356760025024
PRS,0.47659608721733093
GLRE,0.4765772521495819
DMRC,0.47656241059303284
TCBI,0.4765610098838806
MET,0.4765550494194031
FTRE,0.47655463218688965
PHR,0.47655439376831055
XPOF,0.47654756903648376
FOXA,0.47653621435165405
NTB,0.476534366607666
SPT,0.476524293422699
IDXX,0.47647979855537415
UDR,0.47646594047546387
AGM,0.47646287083625793
IPGP,0.47642263770103455
RDZN,0.47640717029571533
NEXT,0.47640684247016907
KLIC,0.4764051139354706
NXT,0.47639018297195435
STEP,0.4763774275779724
INMD,0.4763513505458832
TWST,0.4763331711292267
TWIN,0.47633084654808044
MMI,0.47630536556243896
USAU,0.4762885868549347
EMR,0.47627517580986023
TMDX,0.47627437114715576
INBK,0.47626933455467224
AVBH,0.47626328468322754
TVTX,0.47626155614852905
FNV,0.47625479102134705
OEC,0.4762473702430725
DFH,0.47623828053474426
SEI,0.47623807191848755
SMTI,0.47623687982559204
HOFT,0.4762237071990967
NWE,0.47620201110839844
F,0.4761996865272522
TCPC,0.4761960208415985
PDT,0.47619038820266724
WD,0.476182758808136
BBVA,0.47616952657699585
CACC,0.4761619567871094
CCRN,0.4761591851711273
FISV,0.4761483371257782
FLNG,0.4761296212673187
MTG,0.4761199951171875
NHI,0.4761199951171875
LEVI,0.4761112630367279
HNI,0.4761110246181488
EG,0.47610902786254883
LZM,0.4760980010032654
APOG,0.4760933220386505
ASUR,0.47607365250587463
SII,0.47605785727500916
FDX,0.4760567843914032
EPC,0.47603991627693176
OMF,0.47602933645248413
MFIN,0.4760144352912903
LTRN,0.47600090503692627
BEAGU,0.47598713636398315
BBW,0.47597941756248474
FCNCO,0.47597116231918335
LNAI,0.4759598672389984
NBR,0.4759550094604492
COHR,0.4759387969970703
UHAL,0.47593533992767334
ZETA,0.47593212127685547
AWR,0.4759185016155243
CPRI,0.4759103059768677
OC,0.47588783502578735
NVRI,0.4758710265159607
RBBN,0.4758663475513458
CNOB,0.47585904598236084
GOLF,0.4758577048778534
MBINM,0.47584620118141174
LTRX,0.47582629323005676
LOB,0.4757925868034363
ADAML,0.47577112913131714
FSI,0.47576847672462463
ARCO,0.4757421910762787
WEC,0.4757400453090668
MUX,0.4757312834262848
ARBK,0.47571974992752075
ABR,0.47569739818573
LTH,0.475660502910614
CZFS,0.47565364837646484
BOX,0.4756527841091156
ALC,0.47563326358795166
PEP,0.475628137588501
CINT,0.4756203889846802
UHAL-B,0.4756048619747162
LAW,0.4756014049053192
ELS,0.475600004196167
TLK,0.4755818843841553
MEGI,0.4755745530128479
NWFL,0.4755673110485077
PFGC,0.47556424140930176
FLUT,0.47553691267967224
ATRO,0.4755327105522156
DAL,0.47551366686820984
BV,0.47549986839294434
HNRG,0.4754991829395294
CR,0.4754965901374817
EIX,0.4754888117313385
INV,0.47545701265335083
COCH,0.4754524827003479
CPAC,0.47545188665390015
AMP,0.47544655203819275
WMK,0.47543492913246155
NBTX,0.47542598843574524
NC,0.47542598843574524
PROF,0.47542598843574524
PROK,0.47542598843574524
AXSM,0.47542598843574524
TPVG,0.47542598843574524
HAE,0.47542598843574524
ESOA,0.47542598843574524
CINF,0.47542598843574524
ABSI,0.47542598843574524
LILAK,0.47542598843574524
IOT,0.47542598843574524
IPI,0.47542598843574524
KARO,0.47542598843574524
KB,0.47542598843574524
PLTR,0.47542598843574524
ZIM,0.47542598843574524
ZION,0.47542598843574524
IZM,0.47542598843574524
MANU,0.47542598843574524
ABT,0.47542598843574524
ARTNA,0.47542598843574524
ASA,0.47542598843574524
PLOW,0.47542598843574524
GBFH,0.47542598843574524
CLSK,0.47542598843574524
SPE,0.47542598843574524
SPGI,0.47542598843574524
FPF,0.47542598843574524
NXE,0.47542598843574524
MEDP,0.47542598843574524
NEOV,0.47542598843574524
CTKB,0.47542598843574524
CTRE,0.47542598843574524
SBUX,0.47542598843574524
TBPH,0.47542598843574524
MNTK,0.47542598843574524
GREEL,0.47542598843574524
CLB,0.47542598843574524
SR,0.47542598843574524
SRE,0.47542598843574524
SRI,0.47542598843574524
SRTS,0.47542598843574524
ALTI,0.47542598843574524
ALVO,0.47542598843574524
TDTH,0.47542598843574524
TE,0.47542598843574524
TEAM,0.47542598843574524
TWO,0.47542598843574524
BRSL,0.47542598843574524
BRSP,0.47542598843574524
MBLY,0.47542598843574524
MCD,0.47542598843574524
BTO,0.47542598843574524
TTC,0.47542598843574524
AFGD,0.47542598843574524
CVKD,0.47542598843574524
CVRX,0.47542598843574524
RYTM,0.47542598843574524
SAFT,0.47542598843574524
CTVA,0.47542598843574524
CUZ,0.47542598843574524
KYNB,0.47542598843574524
LAB,0.47542598843574524
IMKTA,0.47542598843574524
LANDP,0.47542598843574524
LARK,0.47542598843574524
NVST,0.47542598843574524
SDRL,0.47542598843574524
CRSR,0.47542598843574524
CRT,0.47542598843574524
FOXX,0.47542598843574524
IMSR,0.47542598843574524
IMVT,0.47542598843574524
UTHR,0.47542598843574524
UUUU,0.47542598843574524
OFS,0.47542598843574524
CVEO,0.47542598843574524
KMPR,0.47542598843574524
KNSA,0.47542598843574524
MMM,0.47542598843574524
GRPN,0.47542598843574524
ARDT,0.47542598843574524
ALDF,0.47542598843574524
TRIP,0.47542598843574524
GRAF,0.47542598843574524
WABC,0.47542598843574524
SGC,0.47542598843574524
CRCT,0.47542598843574524
FSBC,0.47542598843574524
BEPH,0.47542598843574524
WEST,0.47542598843574524
ASH,0.47542598843574524
FHN,0.47542598843574524
ONFO,0.47542598843574524
CELH,0.47542598843574524
LBRDP,0.47542598843574524
LBTYA,0.47542598843574524
NSC,0.47542598843574524
FSV,0.47542598843574524
BVN,0.47542598843574524
BWFG,0.47542598843574524
ACVA,0.47542598843574524
MDLZ,0.47542598843574524
RPC,0.47542598843574524
FLUX,0.47542598843574524
FLYE,0.47542598843574524
FENC,0.47542598843574524
ADM,0.47542598843574524
ADPT,0.47542598843574524
TG,0.47542598843574524
CB,0.47542598843574524
CBL,0.47542598843574524
VYGR,0.47542598843574524
CDLX,0.47542598843574524
CDNS,0.47542598843574524
AEE,0.47542598843574524
CPS,0.47542598843574524
CPSS,0.47542598843574524
ASPI,0.47542598843574524
CORT,0.47542598843574524
CP,0.47542598843574524
MSA,0.47542598843574524
CELC,0.47542598843574524
KOF,0.47542598843574524
UTF,0.47542598843574524
FDUS,0.47542598843574524
TX,0.47542598843574524
HPF,0.47542598843574524
HPI,0.47542598843574524
MACIU,0.47542598843574524
BR,0.47542598843574524
BRBR,0.47542598843574524
BOLD,0.47542598843574524
WTRG,0.47542598843574524
WTW,0.47542598843574524
DG,0.47542598843574524
DH,0.47542598843574524
RIV,0.47542598843574524
WLFC,0.47542598843574524
KIM,0.47542598843574524
INGN,0.47542598843574524
OSG,0.47542598843574524
OSTX,0.47542598843574524
DDI,0.47542598843574524
DDS,0.47542598843574524
BNTX,0.47542598843574524
UNB,0.47542598843574524
UNFI,0.47542598843574524
DJCO,0.47542598843574524
RHP,0.47542598843574524
RILYZ,0.47542598843574524
EZPW,0.47542598843574524
MKC-V,0.47542598843574524
MKZR,0.47542598843574524
MLAB,0.47542598843574524
CASS,0.47542598843574524
DERM,0.47542598843574524
CNP,0.47542598843574524
HP,0.47542598843574524
CPB,0.47542598843574524
NTR,0.47542598843574524
AEON,0.47542598843574524
COFS,0.47542598843574524
SLQT,0.47542598843574524
WBD,0.47542598843574524
BHF,0.47542598843574524
RLYB,0.47542598843574524
RM,0.47542598843574524
ARM,0.47542598843574524
RITR,0.47542598843574524
OZ,0.47542598843574524
GENC,0.47542598843574524
MTR,0.47542598843574524
MZTI,0.47542598843574524
NABL,0.47542598843574524
CHMI,0.47542598843574524
STGW,0.47542598843574524
HURC,0.47542598843574524
RGNX,0.47542598843574524
AOMR,0.47542598843574524
AMZE,0.47542598843574524
TKNO,0.47542598843574524
CAG,0.47542598843574524
CAKE,0.47542598843574524
TLSI,0.47542598843574524
BLCO,0.47542598843574524
NATL,0.47542598843574524
SSRM,0.47542598843574524
GEO,0.47542598843574524
NEWT,0.47542598843574524
MRVI,0.47542598843574524
MS,0.47542598843574524
VISN,0.47542598843574524
SMRT,0.47542598843574524
FULT,0.47542598843574524
NRDS,0.47542598843574524
NREF,0.47542598843574524
NRK,0.47542598843574524
NRP,0.47542598843574524
FBIOP,0.47542598843574524
ARGX,0.47542598843574524
OXM,0.47542598843574524
HPS,0.47542598843574524
AORT,0.47542598843574524
WLY,0.47542598843574524
NBTB,0.47542598843574524
WNC,0.47542598843574524
WSFS,0.47542598843574524
DNP,0.47542598843574524
RDNW,0.47542598843574524
IDA,0.47542598843574524
LIND,0.47542598843574524
LIVN,0.47542598843574524
VLGEA,0.47542598843574524
BIRD,0.47542598843574524
VIST,0.47542598843574524
VITL,0.47542598843574524
RFMZ,0.47542598843574524
EXG,0.47542598843574524
EXPE,0.47542598843574524
EE,0.47542598843574524
PRMB,0.47542598843574524
EVH,0.47542598843574524
EVI,0.47542598843574524
PCRX,0.47542598843574524
PCVX,0.47542598843574524
DOX,0.47542598843574524
RDAC,0.47542598843574524
QUAD,0.47542598843574524
LVS,0.47542598843574524
EQT,0.47542598843574524
QGEN,0.47542598843574524
EOLS,0.47542598843574524
PKBK,0.47542598843574524
ACI,0.47542598843574524
SYBT,0.47542598843574524
GMEX,0.47542598843574524
GNTA,0.47542598843574524
NMRA,0.47542598843574524
GNW,0.47542598843574524
GOLD,0.47542598843574524
MSM,0.47542598843574524
MSTR,0.47542598843574524
CERT,0.47542598843574524
SWIM,0.47542598843574524
SWKHL,0.47542598843574524
PLBC,0.47542598843574524
ECBK,0.47542598843574524
PRT,0.47542598843574524
BATL,0.47542598843574524
TRS,0.47542598843574524
ACRS,0.47542598843574524
TPGXL,0.47542598843574524
QXO,0.47542598843574524
EURKU,0.47542598843574524
EVER,0.47542598843574524
LIN,0.47542598843574524
YHNAU,0.47542598843574524
XPO,0.47542598843574524
VTEX,0.47542598843574524
HHS,0.47542598843574524
HIFS,0.47542598843574524
UNP,0.47542598843574524
BPOP,0.47542598843574524
GEF-B,0.47542598843574524
LOVE,0.47542598843574524
BA,0.47542598843574524
ABNB,0.47542598843574524
JNJ,0.47542598843574524
PLD,0.47542598843574524
CIA,0.47542598843574524
PRAA,0.47542598843574524
PRCT,0.47542598843574524
APEI,0.47542598843574524
APGE,0.47542598843574524
BLX,0.47542598843574524
BMA,0.47542598843574524
ALOT,0.47542598843574524
CLMT,0.47542598843574524
ZBAO,0.47542598843574524
HALO,0.47542598843574524
ESTA,0.47542598843574524
AIRJ,0.47542598843574524
EP,0.47542598843574524
AIRT,0.47542598843574524
PSMT,0.47542598843574524
JUNS,0.47542598843574524
ELPW,0.47542598843574524
EGY,0.47542598843574524
MGRB,0.47542598843574524
MGRC,0.47542598843574524
CMCL,0.47542598843574524
SOHU,0.47542598843574524
NHTC,0.47542598843574524
GAMB,0.47542598843574524
AXIA,0.47542598843574524
GELS,0.4754171371459961
EVRG,0.47541508078575134
KKRS,0.4754127860069275
ECL,0.47540992498397827
GFI,0.47540679574012756
IKT,0.47540292143821716
ODFL,0.47539860010147095
SLND,0.4753868579864502
FRD,0.47537684440612793
IBTA,0.47536879777908325
DOC,0.4753679931163788
ON,0.4753531813621521
CTSO,0.47534677386283875
HCKT,0.4753425717353821
RYAN,0.4753275513648987
USEA,0.4753268361091614
NVO,0.4753229022026062
HMN,0.475320041179657
QTRX,0.4753130376338959
STRA,0.4752903878688812
ACNT,0.47528180480003357
FLYX,0.47527384757995605
BGH,0.4752735197544098
MRAM,0.47526252269744873
AFBI,0.47524961829185486
NSTS,0.4752413034439087
STZ,0.4752410054206848
FTLF,0.47523167729377747
UAN,0.4752303957939148
GMAB,0.4752165377140045
TOWN,0.475216269493103
LQDA,0.47520706057548523
PTEN,0.47520196437835693
CD,0.47520002722740173
SCHW,0.47519809007644653
CWEN,0.4751928150653839
VGM,0.47519204020500183
BATRA,0.4751798212528229
KEYS,0.47517669200897217
ES,0.47517362236976624
EAD,0.47517046332359314
CCSI,0.4751490354537964
BE,0.4751487076282501
CNI,0.47514113783836365
VMD,0.4751375615596771
PMEC,0.4751332104206085
UNTY,0.47511616349220276
MCY,0.4751022160053253
HSY,0.47510069608688354
CTOS,0.4750909209251404
CZR,0.4750909209251404
TBBB,0.4750806987285614
AROC,0.47507596015930176
NMFCZ,0.4750715494155884
MT,0.47505825757980347
FLO,0.4750547409057617
SAMG,0.47505050897598267
PESI,0.47504690289497375
BME,0.47504544258117676
SIGA,0.47504308819770813
AXON,0.47504109144210815
WHLRD,0.4750409722328186
STX,0.47504037618637085
WDFC,0.47503313422203064
SPHR,0.47502580285072327
APPF,0.4750252664089203
AER,0.475020170211792
OXSQG,0.475017786026001
FA,0.4750104248523712
SPOK,0.4749748110771179
ROG,0.47495704889297485
COUR,0.4749487638473511
BDX,0.47493016719818115
SSL,0.4749174118041992
INBKZ,0.4748951196670532
ZYME,0.4748825132846832
DJP,0.4748794138431549
TUSK,0.47486618161201477
SIEB,0.47486376762390137
BJRI,0.4748600423336029
EXTR,0.4748315215110779
OPRX,0.47482919692993164
SGML,0.4748217761516571
NMAI,0.4748186469078064
RMMZ,0.47481822967529297
OI,0.4748123288154602
CYTK,0.47480833530426025
CCEP,0.4748077094554901
QLYS,0.4748038947582245
BNH,0.47479790449142456
LSCC,0.4747820496559143
MSD,0.47475969791412354
IVT,0.4747568666934967
BFC,0.47475185990333557
ORRF,0.47474589943885803
PRVA,0.4747268259525299
LFVN,0.47470730543136597
DSU,0.4746934473514557
KFY,0.4746929109096527
LKFN,0.47469010949134827
CCEL,0.4746827185153961
SBRA,0.47468098998069763
CRBD,0.47467952966690063
AMPY,0.4746743142604828
MPB,0.4746694266796112
FNGD,0.47466841340065
XPER,0.4746491312980652
COLL,0.4746355414390564
WLKP,0.4746303856372833
HTD,0.4746301770210266
TZOO,0.4746294319629669
FBYD,0.4746255576610565
GASS,0.4746112823486328
MGNX,0.4745982587337494
BTU,0.47458183765411377
UHT,0.47454091906547546
BBDC,0.4745403826236725
MBINL,0.4745308458805084
FAST,0.4745277762413025
KMB,0.4745224714279175
CABO,0.4745151698589325
RGR,0.4745027422904968
GSM,0.4744958281517029
MIDD,0.4744877815246582
PFH,0.47448596358299255
SJT,0.4744832217693329
HEI-A,0.47445279359817505
PPSI,0.4744473099708557
SRRK,0.4744455814361572
NGL,0.47443336248397827
S,0.4744277894496918
UAA,0.4744162857532501
ELSE,0.47441038489341736
GSL,0.4744052290916443
GPRK,0.47440481185913086
UFCS,0.47440314292907715
MFC,0.47440218925476074
SUIG,0.4743806719779968
MODD,0.4743780791759491
EPRT,0.47437700629234314
OPLN,0.4743700325489044
CATY,0.4743616580963135
GLQ,0.4743371605873108
BEAG,0.4743316173553467
AMRC,0.47432979941368103
DIT,0.4743288457393646
SNOW,0.4743288457393646
KE,0.4743265211582184
IXHL,0.4743242859840393
ESI,0.47432073950767517
AFCG,0.47431719303131104
GLBE,0.47428593039512634
HCM,0.4742625951766968
MPLX,0.4742579460144043
IOSP,0.4742550849914551
NATH,0.47424763441085815
AMZN,0.47423890233039856
PBFS,0.4742259383201599
YSXT,0.47422006726264954
AMTM,0.4742184281349182
IART,0.47421541810035706
MNSB,0.4742152988910675
HDB,0.4741988480091095
MBINN,0.4741891920566559
NEXA,0.47418662905693054
IFN,0.4741807281970978
BIPI,0.4741607904434204
CSTM,0.4741534888744354
TEO,0.47415339946746826
AMLX,0.4741532802581787
HTFC,0.47415247559547424
NTWOU,0.4741392433643341
MU,0.47411587834358215
ANIP,0.47411566972732544
ZIONP,0.47410428524017334
WHLRL,0.4740947186946869
HRB,0.47408854961395264
NCLH,0.4740619659423828
ACTU,0.47405874729156494
KINS,0.47405242919921875
SUPV,0.47404545545578003
SERV,0.47403377294540405
CNC,0.4740314185619354
PEW,0.4740169644355774
SBXD,0.47401171922683716
HIO,0.47401100397109985
DINO,0.47399693727493286
AHCO,0.47399479150772095
PHVS,0.4739849269390106
TISI,0.47398269176483154
PSIX,0.4739663004875183
LDOS,0.4739621579647064
PPC,0.47395846247673035
TRU,0.47395047545433044
RBCAA,0.47393324971199036
GSK,0.4739316403865814
NAVI,0.47392788529396057
TEN,0.4738967716693878
TCBIO,0.4738962948322296
XYL,0.4738849997520447
ULH,0.4738800823688507
CLW,0.4738750457763672
VPG,0.47387465834617615
ACRE,0.47386839985847473
PPL,0.47386670112609863
ASO,0.4738510549068451
BCML,0.47384190559387207
ABCL,0.4738380014896393
CALC,0.4738283157348633
TRIN,0.4738239049911499
LESL,0.47381865978240967
NEWTI,0.4738144278526306
SPXC,0.4738132655620575
BAND,0.47380977869033813
AMGN,0.47380587458610535
RKLB,0.47380444407463074
VTRS,0.4738026559352875
XYZ,0.4737772047519684
SCI,0.4737743139266968
LBRDK,0.4737718999385834
LNT,0.47376659512519836
CLPT,0.47375696897506714
CTO,0.4737548232078552
GUT,0.473744660615921
REPL,0.47373947501182556
DRI,0.47373631596565247
RYN,0.47373533248901367
RMBI,0.4737245440483093
TNL,0.47370806336402893
PFX,0.473702073097229
DDT,0.47370004653930664
HDL,0.4736979901790619
OPP,0.4736880362033844
UGP,0.4736803472042084
CLAR,0.47366997599601746
VC,0.47366029024124146
EXR,0.4736592769622803
ELF,0.4736306965351105
ALHC,0.47362685203552246
PRAX,0.473617821931839
FUSB,0.4736146628856659
UMAC,0.4736080467700958
XOM,0.4736023545265198
FHTX,0.4736006557941437
INEO,0.47359973192214966
EEA,0.47358226776123047
PRHIZ,0.4735795855522156
RBC,0.4735721945762634
PWP,0.473563015460968
ALX,0.4735620319843292
SGA,0.47355708479881287
CGO,0.4735566973686218
CLBT,0.47355493903160095
FRBA,0.4735237658023834
KRO,0.47352322936058044
MUSA,0.4735114276409149
H,0.47349148988723755
DSGR,0.4734821319580078
HDRN,0.4734765589237213
ANAB,0.47347384691238403
SYRE,0.47347256541252136
ESPR,0.47346827387809753
IOVA,0.4734644889831543
DEC,0.47346261143684387
WEAV,0.47345396876335144
TDAY,0.4734516143798828
RICK,0.47344082593917847
RFIL,0.4734373986721039
SHOO,0.4734219014644623
APD,0.4734182059764862
SNTI,0.47340595722198486
UIS,0.4733889698982239
FSEA,0.4733763635158539
SMHB,0.47336718440055847
GNT,0.4733617305755615
FMBH,0.47335174679756165
EPAM,0.47334879636764526
MRCY,0.4733458161354065
NTES,0.47334378957748413
VERA,0.4733242988586426
OFIX,0.4733242392539978
PH,0.4733060598373413
BKE,0.4733051657676697
BTSGU,0.47329336404800415
BHC,0.47328951954841614
PHI,0.4732862710952759
LYTS,0.4732854962348938
DDL,0.4732840061187744
YUMC,0.4732794761657715
FC,0.4732676148414612
HOPE,0.47325748205184937
STKS,0.47325676679611206
PFSI,0.4732528328895569
SLRC,0.4732334315776825
AVB,0.4732331335544586
ICMB,0.47323086857795715
CVS,0.47322726249694824
ARCC,0.473222553730011
CMSA,0.4731917977333069
BLW,0.4731903076171875
GRND,0.4731880724430084
BORR,0.4731861352920532
GAM,0.47317707538604736
LRN,0.47317397594451904
RSVR,0.4731593430042267
OOMA,0.4731508195400238
FEIM,0.4731456935405731
AGMH,0.4731456935405731
KELYA,0.4731399714946747
MGRD,0.4731239676475525
PTGX,0.4731217622756958
MSGS,0.4731155335903168
MSBI,0.4731147885322571
J,0.4731143116950989
CBLL,0.4730835556983948
BMEA,0.4730828106403351
MESO,0.4730773866176605
FOR,0.4730752408504486
WRBY,0.47306787967681885
LCID,0.47305870056152344
KMPB,0.4730581045150757
VRNS,0.47304633259773254
SNY,0.47304484248161316
PECO,0.4730431139469147
ESEA,0.4730309545993805
BKNG,0.47302258014678955
GGZ,0.47300952672958374
GSIW,0.47299692034721375
STN,0.47299596667289734
EFX,0.47299307584762573
VERI,0.47297239303588867
STRS,0.47296640276908875
KEP,0.4729638993740082
WVE,0.47295328974723816
VZ,0.47295138239860535
ENO,0.47294795513153076
CLST,0.47294530272483826
EIIA,0.47293829917907715
SON,0.472931444644928
CHSCL,0.47293126583099365
PERI,0.47291138768196106
ECX,0.47289592027664185
APPN,0.4728928208351135
XMTR,0.4728700518608093
RIOT,0.4728677570819855
WVVIP,0.4728592336177826
CLMB,0.47285565733909607
LANDO,0.47285082936286926
TGT,0.47284483909606934
DX,0.4728434681892395
EIC,0.472842276096344
CDZI,0.47283971309661865
KF,0.47283220291137695
DOGZ,0.4728109538555145
RAND,0.4728063642978668
ROST,0.47280433773994446
GIL,0.47280243039131165
MFAO,0.47279036045074463
NCDL,0.47278302907943726
AMN,0.4727773666381836
FTDR,0.47277677059173584
CIVB,0.47277629375457764
BILL,0.472774863243103
CWST,0.4727565348148346
DLTH,0.4727473258972168
INCY,0.4727473258972168
APP,0.47274306416511536
YOU,0.472741037607193
NKSH,0.47274038195610046
AOUT,0.4727334678173065
CAE,0.4727332592010498
NAMI,0.4727332592010498
AMPX,0.4727318584918976
MGPI,0.4727309048175812
CWK,0.4727218449115753
LFMD,0.4727146029472351
FWRD,0.4727066159248352
LNC,0.4726980924606323
CLF,0.47269681096076965
IQV,0.4726872146129608
VRCA,0.47267550230026245
ARQQ,0.47266995906829834
IRON,0.4726628065109253
ATNI,0.4726533889770508
TROW,0.47265028953552246
EBC,0.4726499319076538
MYFW,0.4726465344429016
NGS,0.4726218581199646
ATLCP,0.47261711955070496
HASI,0.472616046667099
SLM,0.47261589765548706
TDS,0.472586452960968
OABI,0.47256025671958923
PODD,0.47255897521972656
UONE,0.4725461006164551
AVD,0.4725411832332611
CPK,0.4725247919559479
TXN,0.47252342104911804
PLBY,0.4725204408168793
ADUS,0.472516804933548
ERC,0.4725083112716675
PBF,0.47250014543533325
DOLE,0.4724993407726288
ANGO,0.47249114513397217
PTA,0.4724789261817932
KOPN,0.47247177362442017
HCA,0.47247108817100525
AXTA,0.4724580645561218
MVO,0.4724561274051666
GRAB,0.47244516015052795
MLKN,0.4724411368370056
AURA,0.47242555022239685
LUCK,0.47241297364234924
BTOC,0.4724053144454956
CYH,0.47240355610847473
AXIL,0.4723970293998718
AGL,0.47239309549331665
OR,0.47238674759864807
DIN,0.47238120436668396
ATLC,0.47237685322761536
HCAT,0.47237393260002136
IDCC,0.4723687767982483
TECK,0.4723387658596039
PAI,0.4723387658596039
CAAS,0.47233566641807556
MAR,0.47233542799949646
RXO,0.47233375906944275
XENE,0.47233322262763977
FUL,0.4723331332206726
LADR,0.47232526540756226
APH,0.47231918573379517
BLZE,0.47230616211891174
BIO,0.472303569316864
MTD,0.47227877378463745
VIV,0.4722650945186615
ACAD,0.47224122285842896
BOH,0.4722411334514618
NHPAP,0.47223931550979614
FAF,0.4722355306148529
SKM,0.47223421931266785
IBEX,0.47222867608070374
QFIN,0.4722225069999695
ESLT,0.4722216725349426
SCCD,0.47221118211746216
TRMB,0.4722083806991577
FLEX,0.472208172082901
ACV,0.4722072184085846
TENB,0.47220349311828613
CHT,0.47220125794410706
BSVN,0.4721996486186981
PZZA,0.47219812870025635
ACCS,0.472192645072937
CPHC,0.4721914827823639
LFUS,0.4721905589103699
IRT,0.47218966484069824
MCN,0.4721868932247162
CXW,0.47214481234550476
SWKS,0.47214433550834656
ETG,0.47214341163635254
VIAV,0.4721345901489258
BHST,0.4721275269985199
SHEN,0.4721214771270752
CNXN,0.4721197187900543
STLA,0.472115159034729
DXC,0.47211143374443054
TNGX,0.47209039330482483
SIMO,0.47209039330482483
FUND,0.47208917140960693
TNET,0.47208356857299805
RANGU,0.4720803499221802
KROS,0.47207969427108765
JLS,0.472079336643219
KEN,0.4720781743526459
WEA,0.4720686078071594
SSP,0.47206583619117737
EA,0.4720487892627716
WEYS,0.4720460772514343
WDS,0.4720451235771179
DK,0.4720314145088196
CET,0.47202780842781067
RKT,0.4720189869403839
LNKS,0.4720168113708496
ECHO,0.472014456987381
JPM,0.47199779748916626
NAMS,0.47198721766471863
W,0.47198212146759033
ADAMZ,0.4719258248806
ANIK,0.47192370891571045
RILYP,0.47192296385765076
CENTA,0.4719112813472748
WALD,0.471903532743454
NNN,0.4718948304653168
CENX,0.47185617685317993
TD,0.4718536138534546
EHGO,0.4718296229839325
DAC,0.4718271791934967
EPR,0.4718239903450012
FLG,0.47181466221809387
O,0.4718116223812103
CRC,0.47180765867233276
MTUS,0.47179535031318665
SHOP,0.47178739309310913
EURK,0.4717811644077301
MAX,0.47176775336265564
IPAR,0.4717395305633545
GNL,0.47173595428466797
MFM,0.47173410654067993
NVR,0.47173187136650085
COTY,0.471727579832077
TXNM,0.4717191457748413
NMS,0.47171416878700256
RFAI,0.4717130959033966
ONON,0.4717099070549011
ADP,0.471668541431427
NVTS,0.4716675877571106
RAIL,0.471657931804657
FMY,0.4716254770755768
ACGLN,0.4716196358203888
GILD,0.4716194272041321
GUG,0.47161930799484253
TXRH,0.4716166853904724
NDLS,0.4716024696826935
ORLA,0.4715854823589325
IR,0.471576064825058
WYY,0.4715745151042938
PHAT,0.4715614318847656
RUN,0.4715593457221985
FIBK,0.47155171632766724
SITC,0.47155091166496277
SWZ,0.4715452492237091
CMPR,0.4715350270271301
JKS,0.47151878476142883
AFYA,0.4715132713317871
PRTH,0.4715108871459961
EW,0.4715050160884857
SGLY,0.4714922308921814
VLYPO,0.4714876413345337
WHD,0.4714859426021576
CCK,0.471484512090683
CCC,0.47148096561431885
DHT,0.4714798033237457
OPY,0.471478670835495
BSAC,0.4714670181274414
FRME,0.47146305441856384
SPB,0.471458375453949
FINW,0.4714518189430237
NXST,0.4714469313621521
AMTB,0.4714336693286896
CMCSA,0.4714318811893463
GXO,0.47143155336380005
AWI,0.4714192748069763
JLL,0.47141343355178833
COHN,0.4714103639125824
BWLP,0.4714062809944153
TBBK,0.4713994562625885
VRSN,0.4713912010192871
PNC,0.4713844060897827
HBANL,0.4713713824748993
EOD,0.4713617265224457
ACR,0.47135645151138306
SMHI,0.47135478258132935
PLMR,0.4713529348373413
AEO,0.47132477164268494
FSHPU,0.47132009267807007
NEN,0.4713168144226074
AMCR,0.471315860748291
WU,0.4713149070739746
BKTI,0.4713073968887329
OXLCL,0.47130241990089417
JFR,0.47128844261169434
EQIX,0.47127944231033325
YHC,0.4712783694267273
LGI,0.471271276473999
LFCR,0.47126713395118713
FRO,0.47125497460365295
RNP,0.47123703360557556
ECF,0.4712304472923279
ATCH,0.4712003469467163
TTAN,0.4711886942386627
ITGR,0.4711886942386627
APWC,0.47117477655410767
ESCA,0.4711732268333435
AMAL,0.471164345741272
QCRH,0.47115713357925415
PTON,0.4711480438709259
WES,0.4711477756500244
LSH,0.4711361229419708
KTB,0.4711195230484009
ASX,0.4711112976074219
NTST,0.4710971415042877
SMWB,0.4710769057273865
HWCPZ,0.4710673987865448
BHR,0.4710610508918762
LILA,0.4710577726364136
DCGO,0.47105005383491516
ANNX,0.47104522585868835
ABG,0.47104036808013916
GRVY,0.4710351228713989
IVA,0.47102802991867065
CCD,0.4710277318954468
PYPL,0.4710228443145752
VRSK,0.47101956605911255
KOS,0.47101929783821106
ARW,0.4710175693035126
CARE,0.4710083603858948
SNEX,0.4710049629211426
VABK,0.4709935486316681
EXE,0.47099068760871887
BRLS,0.4709863066673279
MCRB,0.4709853529930115
RDACU,0.4709817171096802
FULTP,0.4709787368774414
CDE,0.47097864747047424
WSBF,0.47097325325012207
NWN,0.47097039222717285
CPAY,0.4709320068359375
MAGN,0.47092872858047485
CMBT,0.47091802954673767
SSBI,0.4709112048149109
DAVE,0.4709031283855438
RRGB,0.470901757478714
SRZN,0.47087764739990234
GLNG,0.4708715081214905
MSEX,0.4708694517612457
DORM,0.47086673974990845
YSG,0.4708625376224518
MPTI,0.47084322571754456
MSI,0.47083863615989685
NXP,0.47082361578941345
ATHM,0.4708186686038971
BIPJ,0.4708152115345001
NJR,0.4708053469657898
UHS,0.47080302238464355
AIG,0.4707958400249481
MBWM,0.47078484296798706
VIRT,0.4707636833190918
ASR,0.4707636535167694
GIC,0.4707462191581726
NTCT,0.47074171900749207
PII,0.47073718905448914
CUBB,0.4707334339618683
UEIC,0.4707173705101013
SER,0.47071272134780884
MUFG,0.47069838643074036
LBTYK,0.47069692611694336
MANH,0.47069352865219116
CM,0.4706890881061554
PAAS,0.4706880450248718
SONY,0.47068023681640625
AXGN,0.47067853808403015
BCYC,0.4706689715385437
SRTA,0.4706678092479706
SLSR,0.4706651270389557
CTBI,0.47065064311027527
ARRY,0.4706418812274933
OXY,0.47064024209976196
SUNS,0.47063201665878296
BWB,0.4706225097179413
WILC,0.47059816122055054
BLK,0.4705978333950043
DYNCU,0.4705974757671356
MGRE,0.4705718755722046
SHW,0.47054874897003174
FLD,0.47053760290145874
HRTG,0.47053733468055725
LMNR,0.4705115258693695
CGNT,0.470503032207489
ST,0.4704994559288025
HSIC,0.4704902470111847
GCT,0.4704872965812683
SAH,0.4704848825931549
MCS,0.47046470642089844
OBDC,0.4704621732234955
SFWL,0.47046127915382385
FLL,0.4704594314098358
ONBPP,0.4704574942588806
OBIO,0.47045111656188965
KPRX,0.47044265270233154
IGD,0.47043153643608093
LGIH,0.4704265594482422
ANTX,0.4704129695892334
CWCO,0.47040677070617676
BGX,0.47040605545043945
DC,0.47040119767189026
BPYPO,0.4703964293003082
OCUL,0.470392644405365
VEEE,0.47037649154663086
INTA,0.4703759253025055
MFA,0.4703513979911804
PIPR,0.47034284472465515
GPK,0.47033852338790894
SNWV,0.47033441066741943
RMD,0.4703214466571808
LPBBU,0.47030454874038696
CSGP,0.470296710729599
PACK,0.4702923893928528
NSYS,0.4702872633934021
OPCH,0.47028473019599915
KYMR,0.4702838957309723
LEGH,0.4702828824520111
EVR,0.4702811539173126
ORA,0.4702683985233307
HUBG,0.4702306389808655
PDEX,0.4702172577381134
GGN,0.4702170491218567
CII,0.47021135687828064
DOO,0.47019562125205994
SNYR,0.47019141912460327
BOKF,0.47017866373062134
HPAI,0.4701761305332184
ENVX,0.47016632556915283
KTH,0.47016221284866333
KRP,0.47016021609306335
PBT,0.4701371490955353
TXT,0.4701339602470398
SNFCA,0.47012531757354736
CPT,0.470120906829834
FLGT,0.4701201617717743
AIZ,0.47011300921440125
CCIF,0.47011104226112366
WDI,0.4701095223426819
IRS,0.47010794281959534
MCO,0.47009792923927307
ESQ,0.4700963497161865
ZJK,0.47008585929870605
IPWR,0.4700855016708374
GBCI,0.4700726270675659
FR,0.47007128596305847
HIMS,0.4700593054294586
AMH,0.4700585901737213
AMPL,0.47005695104599
CHSCM,0.4700564742088318
RVLV,0.47004640102386475
UI,0.47003617882728577
WFC,0.47002649307250977
EXEL,0.47001969814300537
TSEM,0.47001537680625916
MCK,0.4700149595737457
BBY,0.4700014889240265
GPCR,0.4699934124946594
CVLG,0.46998974680900574
NTIC,0.46998804807662964
EWBC,0.4699856638908386
FE,0.4699765741825104
MRTN,0.4699757397174835
GRBK,0.469971626996994
GP,0.4699610471725464
TRVI,0.4699574112892151
QCOM,0.4699539244174957
BTDR,0.46993258595466614
EMD,0.46992817521095276
ELTK,0.4699113368988037
HEQ,0.4699050784111023
YEXT,0.46990352869033813
ALB,0.46989738941192627
GAUZ,0.469896525144577
TAYD,0.469869464635849
BHFAO,0.4698653817176819
KRG,0.46986475586891174
ELV,0.46985873579978943
SJM,0.4698309600353241
BCS,0.4698207378387451
CMTL,0.4698164761066437
ATRC,0.4698115885257721
TAP,0.46980810165405273
GBAB,0.46980538964271545
GAINI,0.46978306770324707
REAL,0.4697670042514801
DUOL,0.4697665572166443
ALDFU,0.46975448727607727
TRNR,0.4697544276714325
WEX,0.4697478115558624
ECOR,0.46974053978919983
NEWTG,0.46974053978919983
MOMO,0.46973034739494324
AMOD,0.46972498297691345
PLRZ,0.4697246253490448
ERAS,0.4697234630584717
LAD,0.46971625089645386
MBIN,0.469715416431427
DEFT,0.4697118401527405
VVR,0.4697086811065674
PGY,0.46970510482788086
CGNX,0.4696909487247467
MOV,0.469685435295105
BFS,0.4696842133998871
BWMX,0.469667911529541
PHUN,0.4696541726589203
EQX,0.4696505069732666
NBN,0.46965017914772034
LAZ,0.4696454703807831
SLG,0.4696410298347473
ARIS,0.4696390926837921
COGT,0.46963852643966675
ZGN,0.46963629126548767
PENN,0.46962693333625793
USNA,0.46961894631385803
LINC,0.4696125388145447
TORO,0.4695839285850525
SJ,0.4695701599121094
MGY,0.4695645868778229
LASR,0.4695575535297394
STRW,0.469552606344223
FULC,0.4695340096950531
WH,0.46950477361679077
LFST,0.4694923162460327
DTW,0.4694899618625641
PKX,0.46947869658470154
PGZ,0.4694768786430359
INFY,0.4694744944572449
HBCP,0.46946924924850464
STWD,0.46946242451667786
NODK,0.46946200728416443
AFG,0.46945643424987793
CBRE,0.4694533944129944
OLMA,0.46944838762283325
BURL,0.4694441258907318
MAAS,0.4694370925426483
SWX,0.4694116711616516
AWK,0.4694052040576935
GABC,0.46938008069992065
POLE,0.46937984228134155
VSAT,0.4693611264228821
MCBS,0.4693567156791687
GECC,0.46932467818260193
ATLCL,0.4693151116371155
BGT,0.46931397914886475
HPQ,0.4692833423614502
IRMD,0.4692783057689667
LICN,0.4692690670490265
REYN,0.4692632555961609
GEHC,0.46925437450408936
AIMD,0.4692520201206207
MIY,0.46924901008605957
CHI,0.4692416191101074
OCCI,0.4692399501800537
GKOS,0.4692373275756836
SFL,0.469230055809021
GEF,0.46922168135643005
WFG,0.4692203998565674
VOD,0.4692186713218689
GLE,0.46919259428977966
RWAYL,0.4691843092441559
CMSD,0.46918344497680664
GPJA,0.4691796898841858
SCD,0.46917882561683655
MPAA,0.46917811036109924
DASH,0.4691776931285858
TIMB,0.4691709578037262
MDCX,0.46914681792259216
GRFS,0.46914204955101013
SILC,0.4691391587257385
SCCF,0.46913644671440125
PLUR,0.4691213369369507
BTE,0.4691087305545807
CWBC,0.4691043198108673
NNE,0.4691016972064972
ERO,0.4690965712070465
CCAP,0.46908479928970337
GANX,0.46906745433807373
TBB,0.4690650403499603
EOI,0.46906256675720215
CHSCN,0.4690515995025635
XOMAO,0.4690263867378235
TGTX,0.46901819109916687
GF,0.46898362040519714
BNJ,0.46897751092910767
PAX,0.46897220611572266
SKIL,0.4689616560935974
ARKO,0.468959778547287
BYRN,0.46895632147789
MNSBP,0.46895286440849304
INOD,0.4689512848854065
WM,0.4689321517944336
PAG,0.4689146876335144
TARS,0.46891462802886963
GS,0.4688899517059326
DYNC,0.4688858687877655
RDNT,0.4688704311847687
SYY,0.46886301040649414
RMI,0.46886080503463745
PLGO,0.46885859966278076
UBER,0.46885591745376587
IPHA,0.46884885430336
PGC,0.46884769201278687
CCU,0.4688476324081421
PVL,0.4688374698162079
CUB,0.46883565187454224
NBIX,0.46882936358451843
LI,0.4688267409801483
DPG,0.46882301568984985
TACT,0.46882107853889465
CNNE,0.46880510449409485
BBN,0.46880340576171875
RILYG,0.4687632918357849
YUM,0.4687550663948059
RJF,0.46875274181365967
GO,0.46872687339782715
TFII,0.4687172472476959
SREA,0.46869176626205444
ARQT,0.4686730206012726
BATRK,0.46867260336875916
ACRV,0.46866005659103394
GLOB,0.4686588943004608
CHTR,0.4686438739299774
POCI,0.46863889694213867
VREX,0.4686097800731659
DLB,0.4685904085636139
MKTX,0.46858397126197815
HSHP,0.4685826599597931
BNKK,0.4685707092285156
IT,0.4685705006122589
ARTV,0.46856674551963806
ECCU,0.4685591459274292
RBB,0.4685438275337219
WAFD,0.46853429079055786
ZJYL,0.46853333711624146
FCFS,0.4685137867927551
FACTU,0.46850132942199707
POST,0.4684986472129822
VNO,0.4684872031211853
BMBL,0.46848636865615845
GHI,0.46848466992378235
EQS,0.4684544503688812
PINS,0.46845391392707825
AEHR,0.46845120191574097
META,0.4684469997882843
LEU,0.46842557191848755
DGXX,0.46841195225715637
INSW,0.4683832824230194
PVH,0.46836572885513306
MSB,0.4683569371700287
KRNT,0.4683559834957123
MQ,0.4683475196361542
ROKU,0.4683413505554199
OACCU,0.46834060549736023
BTT,0.4683150351047516
RANI,0.4683007299900055
SGHT,0.46830061078071594
FITB,0.46829646825790405
LSTA,0.46829459071159363
EICA,0.46829459071159363
WLDN,0.4682915210723877
FCNCA,0.46828100085258484
BRO,0.4682724177837372
JBDI,0.4682689309120178
BUD,0.468258798122406
PCTY,0.4682510495185852
NL,0.46824315190315247
OGE,0.4682428538799286
PSKY,0.4682232439517975
LXEO,0.4682143032550812
NWSA,0.4681992530822754
QRHC,0.468192458152771
ACNB,0.46818622946739197
LH,0.4681800305843353
RNGR,0.4681538939476013
UVE,0.4681301712989807
ELC,0.4681117832660675
BRT,0.4681040346622467
RWTO,0.46809276938438416
IREN,0.46809208393096924
CRI,0.4680827856063843
GEL,0.46807950735092163
ARMK,0.4680779278278351
DDOG,0.46806299686431885
ARQ,0.46804115176200867
EMBJ,0.4680372476577759
VELO,0.4680248498916626
PANL,0.46801596879959106
FTV,0.4680156707763672
SABR,0.46801555156707764
SLNG,0.4679926931858063
NTLA,0.4679919183254242
SG,0.46796751022338867
AGNCN,0.4679661691188812
OSPN,0.4679618775844574
GWRS,0.4679613709449768
TWFG,0.46796005964279175
NFE,0.46794965863227844
MED,0.46794506907463074
DIOD,0.46794393658638
NCA,0.46794015169143677
DRH,0.46793973445892334
BFST,0.4679363965988159
FBLA,0.46793562173843384
FCT,0.4679345190525055
XOMAP,0.4679248631000519
NNI,0.4679178297519684
ADMA,0.46791261434555054
TNC,0.46790602803230286
RADX,0.46790289878845215
SMTC,0.4678867757320404
DBI,0.4678833782672882
DTG,0.4678530991077423
R,0.4678519666194916
AFRM,0.46783947944641113
AVR,0.46783557534217834
DOCU,0.4678305685520172
TAK,0.4678187668323517
RECT,0.4678151607513428
SRCE,0.467804878950119
SCM,0.4677909016609192
FLYW,0.4677734375
UNF,0.46777018904685974
GDL,0.4677685797214508
JFIN,0.4677635729312897
CAPR,0.4677513539791107
INGM,0.4677446186542511
PSNY,0.4677392542362213
AIO,0.46772632002830505
ASB,0.4677216410636902
OIS,0.46770456433296204
LENZ,0.4676991105079651
NOC,0.46768513321876526
VSA,0.467684805393219
PBYI,0.46766138076782227
IBCP,0.4676574766635895
EDTK,0.46765273809432983
CCNE,0.4676395356655121
RCKY,0.4676304757595062
MAA,0.46762770414352417
ACHC,0.4676206111907959
IMMP,0.46761807799339294
AMCX,0.4676070809364319
HTLM,0.4675951302051544
AOS,0.46759262681007385
AUNA,0.4675711393356323
ACA,0.46755948662757874
KHC,0.4675350785255432
FMS,0.46753284335136414
OXBR,0.46752485632896423
CNMD,0.4675164222717285
NLOP,0.4675157964229584
GRMN,0.4674820899963379
CION,0.46748119592666626
SGRY,0.46746912598609924
PCT,0.46746692061424255
FDS,0.4674246907234192
DSGN,0.46742305159568787
BCBP,0.467416912317276
CCNEP,0.4674164354801178
SURG,0.467410147190094
INDB,0.46738505363464355
GEGGL,0.4673615097999573
SIRI,0.46735143661499023
OTIS,0.46734941005706787
AWF,0.46733972430229187
HOVR,0.4673396944999695
MDV,0.46732982993125916
CENT,0.4673248529434204
MDGL,0.46732422709465027
MRLN,0.4673236310482025
BF-A,0.4673211872577667
ORMP,0.46732011437416077
SDHY,0.46731141209602356
ELVN,0.4673100411891937
SDA,0.467308908700943
AEM,0.467303603887558
HSTM,0.4672990143299103
EXK,0.4672977030277252
PDO,0.46728938817977905
NBH,0.46728411316871643
CCB,0.467281311750412
POWI,0.4672444462776184
FET,0.46722957491874695
LASE,0.4672205150127411
DCTH,0.46721896529197693
RVTY,0.4672033488750458
EGP,0.4672004282474518
PFD,0.46718284487724304
SWK,0.4671681523323059
BALY,0.46715083718299866
WELL,0.46714240312576294
CVBF,0.4671306014060974
HLI,0.4671044945716858
WLK,0.4670620262622833
FSK,0.46705278754234314
KVAC,0.46704551577568054
JAZZ,0.4670437276363373
TAOX,0.46704238653182983
ACH,0.4670257270336151
MLCO,0.46702221035957336
ZIP,0.4670169949531555
ETW,0.46701690554618835
GNK,0.46701207756996155
GRABW,0.46700721979141235
GLAS,0.4670044183731079
STEX,0.4669729173183441
TRINI,0.46696895360946655
FHI,0.46694645285606384
ARL,0.46693047881126404
EPM,0.4669247269630432
IGA,0.466913640499115
SSTI,0.46690937876701355
PPLI,0.4669025242328644
UBS,0.46688657999038696
GJS,0.4668838083744049
LND,0.4668805003166199
XRAY,0.46686676144599915
KAPA,0.4668629765510559
KAI,0.4668539762496948
ELUT,0.4668392837047577
ASPN,0.46679890155792236
NSP,0.4667888283729553
MDT,0.4667806923389435
BANFP,0.46677064895629883
FSM,0.46676909923553467
MITT,0.4667447805404663
NEXN,0.46674469113349915
HMC,0.4667373597621918
ALTG,0.4667346179485321
CWT,0.46672895550727844
RLMD,0.466728150844574
SFBC,0.4667266011238098
RY,0.46672070026397705
NUS,0.46671560406684875
ACET,0.46671539545059204
PFFL,0.4667021930217743
ENR,0.4666867256164551
JRSH,0.46666833758354187
YALA,0.46666043996810913
PEPG,0.4666590988636017
AMRX,0.46665623784065247
MTX,0.4666522443294525
PLAY,0.46665120124816895
CIMO,0.46663588285446167
MCHB,0.4666300415992737
SPG,0.46662721037864685
TH,0.4666197597980499
WAVE,0.46661055088043213
APYX,0.46659716963768005
UUU,0.46658289432525635
EYE,0.46656814217567444
HRMY,0.46654650568962097
EVF,0.466542512178421
CMMB,0.46653783321380615
SAP,0.4665350317955017
BMRA,0.46651843190193176
TEM,0.4665173888206482
CNA,0.4665154814720154
BYD,0.4665012061595917
NIC,0.46649593114852905
CLDT,0.4664948880672455
HFFG,0.46649369597435
OPTX,0.4664883017539978
BH-A,0.4664851427078247
C,0.4664769172668457
DKL,0.46646904945373535
CNK,0.4664627015590668
LUNG,0.46643689274787903
PHG,0.4664337635040283
ETD,0.4664328396320343
OZKAP,0.4664267599582672
OCS,0.46639031171798706
CLVT,0.46639004349708557
SLGN,0.46637821197509766
CTS,0.46637779474258423
ETO,0.466343492269516
IVVD,0.46634265780448914
DOCN,0.4663345217704773
MORN,0.4663231074810028
DRD,0.46631699800491333
STC,0.46630558371543884
ARCT,0.46630287170410156
DMO,0.4662964642047882
VLYPN,0.466292142868042
NOMD,0.4662802219390869
SOJD,0.46626555919647217
OPFI,0.4662638008594513
OVLY,0.46622803807258606
HTZ,0.46622347831726074
FFC,0.46621695160865784
NTWK,0.4662056565284729
VFL,0.46620216965675354
IEP,0.46619486808776855
MAMO,0.4661923944950104
SGU,0.46619072556495667
UZE,0.4661634862422943
IEX,0.46615248918533325
TVE,0.46615180373191833
FF,0.46612727642059326
CATO,0.4661176800727844
BF-B,0.4661162793636322
ADAMM,0.46609818935394287
XXI,0.46609586477279663
BALL,0.46606504917144775
ESS,0.46606123447418213
GIB,0.4660496115684509
SCLX,0.4660402536392212
MDB,0.4660356044769287
EARN,0.4660092294216156
EQNR,0.4660031199455261
STRT,0.46599772572517395
UWMC,0.46599525213241577
BBWI,0.46599245071411133
DLTR,0.465991735458374
GDC,0.46598926186561584
EMBC,0.46598848700523376
DUKB,0.46597614884376526
WBUY,0.4659443795681
VSH,0.46593034267425537
THG,0.4659208655357361
ORCL,0.46591663360595703
TALK,0.46590447425842285
MMD,0.4658912718296051
HWC,0.46588820219039917
BBSI,0.4658672511577606
QNST,0.4658554196357727
NOEMU,0.46584847569465637
BHFAN,0.46583718061447144
AX,0.46582716703414917
ICFI,0.4658198654651642
HCSG,0.4658118486404419
EL,0.4657864570617676
GBX,0.46578308939933777
DFNS,0.46578267216682434
SHAK,0.46577903628349304
IMCR,0.4657701551914215
TASK,0.4657605290412903
ACIW,0.46575927734375
PAY,0.4657492935657501
WPP,0.46574532985687256
DNUT,0.46573778986930847
ZENA,0.4657178521156311
FNRN,0.4657038450241089
NGVT,0.46570277214050293
KVYO,0.46569982171058655
DIS,0.4656490385532379
DRDBU,0.46564438939094543
CANG,0.4656401574611664
TSSI,0.4656331241130829
RITM,0.4656268060207367
GGG,0.46562516689300537
FRT,0.4656192660331726
KRMD,0.4656183421611786
ETB,0.46560925245285034
RH,0.4656010866165161
AXG,0.4655827283859253
BRBS,0.4655044376850128
INDV,0.4654844105243683
GECCI,0.4654780924320221
HLMN,0.46547380089759827
APO,0.4654707610607147
NLY,0.4654671549797058
DRS,0.4654567241668701
JHI,0.465454638004303
PRU,0.465420663356781
CAMP,0.4654203951358795
CSTL,0.46540567278862
EFSC,0.46539783477783203
DKNG,0.46539071202278137
BAX,0.46538254618644714
ASTL,0.4653683602809906
VKTX,0.4653434753417969
PMT,0.46533727645874023
CAPN,0.46533361077308655
HTB,0.46531882882118225
NCNO,0.4653138816356659
DGICA,0.465310275554657
ADNT,0.4653002619743347
NGEN,0.4652975797653198
ANGI,0.4652962386608124
TMCWW,0.46528714895248413
NWS,0.4652846157550812
HZO,0.4652795195579529
ETR,0.46527600288391113
BAP,0.4652550518512726
JRS,0.4652496874332428
RFI,0.46523088216781616
DT,0.46521106362342834
MSDL,0.4652104079723358
KIDS,0.465200811624527
SCSC,0.4651823937892914
OKLO,0.4651813507080078
JEF,0.4651793837547302
DEO,0.465146541595459
SHOE,0.4651409089565277
PRPL,0.4651274085044861
ONT,0.46512705087661743
FNF,0.46510982513427734
EDU,0.46510469913482666
RXRX,0.4650941789150238
TKC,0.46506479382514954
ADBE,0.46505850553512573
EFC,0.4650494158267975
BOE,0.4650033414363861
LMND,0.4649978280067444
RBKB,0.4649888575077057
TIGO,0.4649882912635803
HQL,0.46497607231140137
PLSE,0.4649747312068939
UP,0.46496692299842834
PLNT,0.46496427059173584
CHCT,0.46496260166168213
JANX,0.4649551808834076
REZI,0.46492499113082886
REG,0.4649084806442261
NRIM,0.4649052917957306
RNR,0.46490293741226196
CFBK,0.4648950397968292
HTLD,0.46486279368400574
WERN,0.4648478031158447
GTLS,0.464846670627594
SEB,0.4647945463657379
ESLA,0.464771032333374
LMT,0.46476176381111145
CCL,0.4647514820098877
MP,0.464733362197876
WTS,0.46469318866729736
ICUI,0.46467578411102295
RNAC,0.46467477083206177
PFN,0.46466609835624695
FIVN,0.4646547734737396
NOAH,0.4646493196487427
SIBN,0.46464818716049194
LSPD,0.4646274149417877
JOE,0.4646255373954773
ARES,0.46461567282676697
THRM,0.4646144211292267
GHC,0.46459975838661194
LHX,0.46459633111953735
HYMC,0.4645914137363434
TTEK,0.46457985043525696
CALX,0.4645545184612274
CXM,0.4645298421382904
AMSF,0.4645216166973114
INDP,0.46451336145401
LUCYW,0.464506596326828
PSIG,0.4644894003868103
IAF,0.4644889831542969
BAR,0.46447935700416565
LTM,0.464471697807312
ASRV,0.46446794271469116
BUI,0.4644589424133301
JRI,0.4644532799720764
JRVR,0.46445176005363464
RCEL,0.4644246995449066
FBLG,0.46442461013793945
TREE,0.4644213020801544
DTB,0.46441543102264404
FNB,0.4643983244895935
YELP,0.4643753468990326
ITRG,0.4643664062023163
HOLO,0.4643440842628479
BGLC,0.46432948112487793
CAR,0.4643089175224304
TFC,0.4642963409423828
OIO,0.46429523825645447
LEXX,0.464293509721756
DPZ,0.4642735719680786
ALDX,0.4642660617828369
IBKR,0.46425625681877136
ARLO,0.4642399549484253
NCTY,0.46422383189201355
FMX,0.464223712682724
ACCO,0.46422329545021057
SE,0.4641985297203064
IDT,0.4641816020011902
NEON,0.4641776978969574
NSLRL,0.46417686343193054
GFL,0.46416690945625305
TMO,0.4641573429107666
BRTX,0.46412673592567444
BETR,0.4641055166721344
OSBC,0.4641018807888031
TNK,0.46409890055656433
RQI,0.4640914499759674
IMTX,0.46408823132514954
IMPPP,0.4640830159187317
PFG,0.4640805125236511
RAMP,0.4640599191188812
MHD,0.46405360102653503
ITUB,0.4640503227710724
BMEZ,0.46402302384376526
TSI,0.46402227878570557
MMYT,0.464009165763855
HVT,0.4639797806739807
CRWS,0.46395134925842285
ULS,0.4639291763305664
ALKS,0.46391308307647705
RTO,0.46389856934547424
RILYT,0.4638820290565491
VGAS,0.4638814628124237
EFXT,0.4638729989528656
SBAC,0.46387234330177307
SEVN,0.4638638198375702
PLTK,0.46385854482650757
XHR,0.46384376287460327
JACK,0.4638284146785736
ALLT,0.4638235569000244
KMT,0.46381059288978577
DTI,0.4637903869152069
SNDA,0.46378961205482483
AVPT,0.46378853917121887
CRM,0.4637864828109741
PDC,0.4637656509876251
TBRG,0.46375375986099243
LEDS,0.4637293517589569
EPSN,0.4637156128883362
ALEC,0.46370986104011536
NRO,0.46369776129722595
HII,0.463690847158432
PHAR,0.4636852741241455
SMR,0.463649183511734
LOAN,0.46364277601242065
PAGS,0.4636361598968506
SWBI,0.46363386511802673
ECCC,0.4636283814907074
FRHC,0.46362200379371643
FLZH,0.4636211395263672
RETO,0.46360039710998535
ASAN,0.46360018849372864
LOT,0.4635906517505646
CMP,0.46357476711273193
IIM,0.46356430649757385
ATRA,0.4635573625564575
KSPI,0.46353840827941895
TPG,0.4635164737701416
TDOC,0.4635087847709656
SOJE,0.46348491311073303
HIW,0.46348246932029724
GPC,0.4634724259376526
AGNCM,0.46346065402030945
CNS,0.4634452760219574
PTC,0.46343109011650085
BMY,0.463405966758728
FUNC,0.46338343620300293
JBGS,0.46338221430778503
SLP,0.4633646011352539
PAXS,0.46334534883499146
SGI,0.46333837509155273
SIMA,0.4633316397666931
HE,0.4633244574069977
NMR,0.46331289410591125
HCI,0.46330398321151733
LDP,0.4633011221885681
ALP,0.4632943570613861
EMF,0.4632888436317444
FVR,0.46328186988830566
BBIO,0.46327951550483704
ECPG,0.46327728033065796
ACM,0.463266521692276
MUJ,0.4632588028907776
BMO,0.4632531702518463
CHW,0.4632512331008911
MNRO,0.46322569251060486
RTX,0.4631986916065216
NTRB,0.463196337223053
LIEN,0.46319499611854553
DSGX,0.46318918466567993
ACP,0.4631732702255249
IMNM,0.4631701111793518
JELD,0.4631587862968445
USCB,0.46315786242485046
ACXP,0.4631384313106537
UONEK,0.46312177181243896
GDOT,0.46312132477760315
HGTY,0.46311789751052856
HLIT,0.4631141126155853
AUID,0.4631021320819855
USFD,0.4631001949310303
GAB,0.4630948305130005
PSFE,0.4630904793739319
BC,0.463076114654541
PACS,0.4630551040172577
DYN,0.4630407989025116
ACHV,0.46300914883613586
FTS,0.46298664808273315
PACB,0.462978333234787
FMC,0.46297556161880493
CGON,0.46296238899230957
GITS,0.4629552662372589
WYHG,0.46295496821403503
GLPI,0.4629538059234619
XYF,0.46294817328453064
QUIK,0.46293574571609497
ZOOZ,0.4629305899143219
APAM,0.46292415261268616
MWA,0.4629081189632416
RCI,0.4628966748714447
OXLCZ,0.4628933072090149
CMT,0.4628872871398926
UMBF,0.4628637135028839
RDWR,0.4628440737724304
RVT,0.4628413915634155
LAKE,0.4628266990184784
ALK,0.4628222584724426
WST,0.4628201127052307
PHGE,0.46281546354293823
GTY,0.46277889609336853
UNMA,0.4627758264541626
IRDM,0.4627738296985626
PKG,0.4627685248851776
NEOG,0.4627628028392792
USB,0.4627605676651001
VECO,0.46275246143341064
AEP,0.4627242088317871
CIK,0.46271854639053345
MREO,0.46271300315856934
TXO,0.4627126455307007
CX,0.4627116620540619
PB,0.4627027213573456
HOMB,0.4627020061016083
NEU,0.46268078684806824
RIVN,0.46267440915107727
FNWD,0.4626620411872864
BWAY,0.46264541149139404
JSM,0.46263423562049866
WPC,0.46262821555137634
TOI,0.4626275599002838
XFLT,0.46262475848197937
RELX,0.4626196026802063
RGP,0.4625925123691559
EIM,0.46258923411369324
GRC,0.46257832646369934
AXP,0.4625781178474426
BPYPP,0.46257302165031433
DHY,0.46256351470947266
EVTC,0.4625551700592041
IBG,0.46255218982696533
FOX,0.46253398060798645
ACDC,0.4625183343887329
NYT,0.46251821517944336
BN,0.46249914169311523
HLN,0.4624853730201721
AGPU,0.4624705910682678
CSX,0.46246907114982605
CBRL,0.4624580442905426
KGC,0.4624549448490143
CSR,0.46245163679122925
AAT,0.4624515771865845
UPBD,0.4624430239200592
GDTC,0.46243011951446533
EVV,0.4624142050743103
CRMD,0.46240195631980896
BST,0.46239370107650757
WHWK,0.462385356426239
SAR,0.4623699486255646
BMRN,0.46236011385917664
PRKS,0.46235910058021545
NESR,0.4623575210571289
GDO,0.4623517096042633
FER,0.4623351991176605
LBRDA,0.46232667565345764
XAIR,0.46232277154922485
BGI,0.46230053901672363
PYXS,0.4622992277145386
PFBC,0.46227383613586426
RFM,0.462260901927948
RVP,0.4622548818588257
GECCH,0.46224990487098694
BCPC,0.46223700046539307
FPI,0.46222755312919617
LUV,0.46222493052482605
HL,0.46222126483917236
ATHS,0.462202787399292
OBK,0.4621884822845459
KNX,0.46218082308769226
MFIC,0.46216699481010437
AVTR,0.4621666669845581
MBUU,0.462154358625412
PRM,0.46214669942855835
PGNY,0.46214422583580017
CRMT,0.46212297677993774
BUR,0.46212294697761536
EAF,0.4620687663555145
AVY,0.46203115582466125
AREC,0.46202370524406433
GETY,0.46201974153518677
LSBK,0.46201691031455994
MXF,0.46201029419898987
BKH,0.46200814843177795
ANSC,0.4620075821876526
GNLX,0.46200671792030334
TRTX,0.46199461817741394
ATLO,0.46198421716690063
ADSK,0.46197614073753357
GAIN,0.46197032928466797
BDTX,0.46196427941322327
MPA,0.4619469940662384
BPRN,0.4619389474391937
EHC,0.4619334638118744
FSBW,0.46191737055778503
RFL,0.46190720796585083
MATW,0.4619055688381195
RLTY,0.46190527081489563
CPZ,0.4619024097919464
SLS,0.46189525723457336
SNDX,0.4618934690952301
CDP,0.4618771970272064
WHFCL,0.4618608057498932
RAIN,0.46183112263679504
OMC,0.46181148290634155
DOV,0.4618048667907715
MOGU,0.4618043601512909
ZTR,0.4617924094200134
VPV,0.4617864191532135
ALRS,0.4617837369441986
PMO,0.4617837369441986
RCS,0.4617730379104614
FLC,0.4617559611797333
ICLR,0.46174782514572144
RRBI,0.4617292881011963
PEN,0.4617166221141815
MPU,0.4617164134979248
FCUV,0.4617154002189636
SBLK,0.46169131994247437
AVA,0.461688369512558
RAVE,0.461672306060791
CHCO,0.46165895462036133
VRA,0.4616581201553345
EML,0.4616546332836151
AGNC,0.4616418182849884
FINS,0.4616384208202362
CIFR,0.46161094307899475
AIRS,0.4616101086139679
MCB,0.4616085886955261
AOD,0.4616040289402008
ARBB,0.46160006523132324
SPRB,0.4615883231163025
B,0.46154388785362244
FMNB,0.461542546749115
RILY,0.4615336060523987
VIVK,0.46151044964790344
CRSP,0.46150076389312744
SUI,0.46148741245269775
SHG,0.46147897839546204
FGBIP,0.4614618122577667
BCDA,0.46145573258399963
BHVN,0.4614521861076355
BBDO,0.46142759919166565
FCNCP,0.4614242613315582
NFJ,0.4614068269729614
NMCO,0.46139171719551086
CDXS,0.46138060092926025
VRTS,0.46135908365249634
GWRE,0.46135157346725464
IHRT,0.46134892106056213
GRX,0.46133705973625183
JXG,0.46130499243736267
EXLS,0.46130266785621643
TSN,0.4612930715084076
OUST,0.4612833857536316
A,0.46127304434776306
INKT,0.4612410366535187
BRKR,0.46122315526008606
TRNO,0.4612051546573639
SVRN,0.4611961245536804
LCNB,0.461177259683609
BPYPN,0.4611702859401703
GDV,0.461166113615036
MOB,0.46113041043281555
PJT,0.46112871170043945
LOCO,0.46112245321273804
IX,0.46111753582954407
ATEN,0.4611087739467621
AMST,0.46110159158706665
LPTH,0.46108266711235046
VYX,0.4610637128353119
CAC,0.46104881167411804
FISI,0.4610455632209778
APT,0.46102896332740784
COIN,0.46102795004844666
KTOS,0.46100351214408875
TYL,0.4610006809234619
SIF,0.46098700165748596
MATV,0.4609777331352234
BRCC,0.460975706577301
TRI,0.4609742760658264
WASH,0.4609489440917969
JOF,0.46092844009399414
GRRR,0.4609116017818451
SPSC,0.4608974754810333
OPRA,0.460877388715744
LINK,0.46087539196014404
POR,0.46085965633392334
TPB,0.46085792779922485
DQ,0.4608548879623413
AIRG,0.4608517587184906
MAC,0.4608398973941803
BBT,0.4608364999294281
MOG-A,0.4608304798603058
FVNNU,0.4608275890350342
TEVA,0.46081387996673584
TLX,0.4608117640018463
HUBS,0.4608061909675598
FENG,0.4607927203178406
XPEL,0.46078744530677795
ACGLO,0.4607859253883362
SNX,0.46078139543533325
SDHC,0.46077293157577515
JBTM,0.4607722759246826
GOOS,0.4607253074645996
BMN,0.46072104573249817
THRY,0.4607194662094116
OWL,0.4606662094593048
CCI,0.4606013298034668
BW,0.46057844161987305
EFT,0.46056634187698364
EDF,0.46055886149406433
WBS,0.4605514705181122
LONA,0.46054893732070923
DSL,0.4605477750301361
MRNA,0.4605357050895691
NGVC,0.4605327546596527
BCAB,0.4605261981487274
NPV,0.4605254828929901
BX,0.46051838994026184
GHY,0.46051546931266785
BVS,0.46050211787223816
GHRS,0.4605007469654083
BCAT,0.46049535274505615
AIFU,0.46049144864082336
TPR,0.4604838192462921
SMMT,0.46047860383987427
UPLD,0.46044549345970154
UPST,0.46044033765792847
NMRK,0.4604274034500122
CUBE,0.46042636036872864
EVG,0.4604185223579407
WMG,0.46040093898773193
NHS,0.460394948720932
HAYW,0.4603694975376129
NUTX,0.46035948395729065
GRNT,0.4603581726551056
EBS,0.46034806966781616
KTF,0.46034201979637146
WYNN,0.460340291261673
EFR,0.46032625436782837
CPNG,0.46030178666114807
BEPJ,0.4602969288825989
BDJ,0.4602848291397095
BHV,0.4602590501308441
REGCP,0.4602246582508087
PAYO,0.4602155387401581
SRL,0.46020856499671936
BEP,0.46018028259277344
BGM,0.46017855405807495
SQM,0.46017560362815857
CRL,0.4601464569568634
ILMN,0.4600949287414551
DEI,0.46007832884788513
CLYM,0.46007004380226135
STRO,0.4600619673728943
BGB,0.4600318968296051
GIPR,0.4600190818309784
BANC,0.4600088894367218
REI,0.4600016176700592
ZUMZ,0.4599941670894623
EMN,0.4599933624267578
AZ,0.459980845451355
WKC,0.45997846126556396
RMAX,0.4599716067314148
GCMG,0.45993563532829285
AYA,0.4599321186542511
STNE,0.45993170142173767
TCBX,0.45992252230644226
PYT,0.45991870760917664
AWX,0.45990654826164246
MFAN,0.45990055799484253
ONEW,0.4598812162876129
ZNTL,0.4598749876022339
ASGI,0.4598659574985504
BCIC,0.4598323702812195
DMA,0.45983216166496277
EOT,0.4598308503627777
GCO,0.4598260223865509
TKR,0.4598141312599182
FBK,0.45973923802375793
STEW,0.4597298204898834
DTF,0.45972371101379395
ALLY,0.4597194790840149
GDYN,0.4596865773200989
FGI,0.4596830904483795
BSRR,0.45966753363609314
WPM,0.45966649055480957
VATE,0.45966336131095886
OPRT,0.4596570134162903
VBF,0.4596235752105713
STAG,0.4596156179904938
MARA,0.45959460735321045
DYAI,0.45955991744995117
BYSI,0.45955708622932434
RF,0.4595118761062622
HELE,0.45950692892074585
EVO,0.45948827266693115
SPAI,0.4594863951206207
BSL,0.459469735622406
SEDG,0.459450364112854
MIST,0.4594407081604004
ARTW,0.45943763852119446
NFBK,0.45943012833595276
INMB,0.4593823254108429
VINP,0.4593774378299713
BLMN,0.4593358337879181
NTRS,0.45932668447494507
VRDN,0.4593219757080078
BILI,0.45931681990623474
SFIX,0.45930686593055725
BEPI,0.4592876732349396
XBIT,0.45928704738616943
INFU,0.45928478240966797
XERS,0.4592747986316681
AFGE,0.45927077531814575
DSP,0.45925748348236084
LNSR,0.4592421352863312
CBUS,0.45922622084617615
BTBD,0.45922279357910156
EBMT,0.4592200815677643
SRPT,0.4592083990573883
DLX,0.459202378988266
REXR,0.4591823220252991
EVN,0.4591771364212036
CVNA,0.45916688442230225
STOK,0.4591465890407562
CAF,0.45913541316986084
ARBE,0.45913460850715637
VHI,0.45912206172943115
DOUG,0.4591212868690491
AVNT,0.45911839604377747
OKUR,0.4590817987918854
AXTI,0.4590817391872406
PCOR,0.4590814411640167
TGEN,0.4590758681297302
IP,0.4590698778629303
RC,0.4590551257133484
DMB,0.4590499997138977
NWL,0.4590436518192291
TU,0.4590395390987396
UGI,0.45902860164642334
MGLD,0.4590103030204773
IGR,0.4590073823928833
DAR,0.4590016305446625
IONS,0.4590011537075043
VEEV,0.45900097489356995
TVC,0.45898187160491943
SW,0.45897623896598816
GRNQ,0.4589717388153076
BSBR,0.45897161960601807
OPK,0.4589715898036957
CNXC,0.4589543640613556
IFF,0.45894864201545715
CRVS,0.4589277505874634
KKR,0.4589259922504425
CREG,0.45891088247299194
MGYR,0.45889878273010254
HIVE,0.4588848650455475
YORW,0.45888054370880127
NMI,0.4588572382926941
CEE,0.45885443687438965
RLGT,0.45885008573532104
STAA,0.45884671807289124
AVNW,0.4588462710380554
INTG,0.4588429927825928
GPN,0.458831250667572
FTHM,0.45878878235816956
HBANP,0.45878493785858154
INBX,0.4587821662425995
FUN,0.45877715945243835
VLRS,0.4587749242782593
FCF,0.4587608277797699
ZG,0.4587544798851013
UZF,0.4587385058403015
ENTA,0.45873358845710754
PPT,0.45870018005371094
CIB,0.4586809277534485
KYIV,0.4586743116378784
AON,0.458673894405365
DOCS,0.4586575925350189
THC,0.45862454175949097
TNDM,0.4585864245891571
CRUS,0.458579421043396
HON,0.4585787057876587
ATNM,0.4585675895214081
YYGH,0.458551287651062
RPRX,0.45855098962783813
ADSE,0.4585345983505249
NBXG,0.45850232243537903
PDD,0.4584822654724121
PFL,0.4584735035896301
SBSW,0.45847323536872864
WETH,0.45846742391586304
CBZ,0.45845910906791687
AP,0.45843586325645447
COMP,0.4584229290485382
AKAM,0.45841923356056213
MC,0.4584132134914398
PFO,0.45841091871261597
NEM,0.45840373635292053
NAD,0.4583899676799774
MACI,0.45837560296058655
CSIQ,0.45836779475212097
BCRX,0.4583386778831482
NCEW,0.4583291709423065
CIRC,0.4582917094230652
MLM,0.45828789472579956
EVT,0.4582799971103668
NRUC,0.45826372504234314
KFRC,0.4582478404045105
REKR,0.45823898911476135
ENIC,0.458220899105072
TRST,0.45821279287338257
GTE,0.45821115374565125
ADT,0.45820578932762146
AMG,0.45820489525794983
WOR,0.45820093154907227
KTN,0.4581983685493469
WWW,0.4581935703754425
MYGN,0.4581865668296814
CROX,0.45818421244621277
STRRP,0.4581708610057831
EEX,0.45813262462615967
TDACU,0.4581255614757538
PD,0.45805057883262634
CHSCO,0.4580480754375458
BNED,0.45804235339164734
RSKD,0.4580162465572357
KNOP,0.45800745487213135
BTX,0.45798954367637634
TII,0.45794758200645447
MDWD,0.45793625712394714
SOBO,0.45792484283447266
PMM,0.4579220414161682
MYE,0.45789626240730286
FELE,0.45789486169815063
NIO,0.4578891396522522
TGB,0.45788106322288513
WY,0.45785585045814514
LION,0.45783376693725586
TYGO,0.45782437920570374
AIZN,0.4578001797199249
SLAB,0.45778539776802063
BGY,0.4577566087245941
XP,0.4577522873878479
ETY,0.45775097608566284
CHY,0.45773670077323914
LAR,0.4577213525772095
VRXA,0.4577099084854126
NXRT,0.45769867300987244
NEWP,0.45769739151000977
JGH,0.45763716101646423
HBM,0.45760658383369446
AEFC,0.45760414004325867
LXU,0.4575912058353424
BBCP,0.45757389068603516
FORTY,0.45755189657211304
EEIQ,0.4575321674346924
SGHC,0.45751655101776123
XRX,0.45750388503074646
IONR,0.4575026333332062
DFLI,0.45746222138404846
ZBH,0.45743328332901
MSCI,0.4574296176433563
ASMB,0.4574078321456909
HDSN,0.45740488171577454
ACMR,0.4573945105075836
LPRO,0.4573926031589508
PFE,0.45737430453300476
MAT,0.4573739469051361
ARDC,0.4573681652545929
AAMI,0.45735031366348267
VTMX,0.4573419392108917
CNCK,0.45727458596229553
ATS,0.4572686553001404
NYAX,0.4572661519050598
GPRE,0.457259863615036
GOODO,0.45725712180137634
DBRG,0.457239031791687
EH,0.45723626017570496
AEVA,0.4572330713272095
ERH,0.4572027623653412
IVZ,0.45719337463378906
AAUC,0.4571874141693115
AUC,0.45717281103134155
HBANM,0.4571467339992523
BNT,0.4571417570114136
AG,0.4571416676044464
AMPG,0.4571284055709839
TELA,0.4571091830730438
CTRN,0.4571031928062439
PBHC,0.45709851384162903
THW,0.4570552706718445
EBAY,0.45705488324165344
UK,0.4570489525794983
SEED,0.45704472064971924
LYG,0.45703768730163574
PSBD,0.45700886845588684
ZTS,0.45698049664497375
KODK,0.4569609761238098
LX,0.4569602310657501
ZVRA,0.45694953203201294
TIL,0.4569481313228607
CLLS,0.4569477140903473
UTL,0.4569467306137085
VICI,0.4569401144981384
HBNC,0.4569050073623657
ASND,0.45688381791114807
LMFA,0.45685479044914246
MD,0.4568166434764862
WTBA,0.45681455731391907
ORC,0.4567883312702179
FSUN,0.45678284764289856
ACN,0.45675256848335266
BSTZ,0.4567472040653229
YXT,0.4566947817802429
HHH,0.4566759765148163
PERF,0.45666632056236267
BPOPM,0.4566608667373657
KURA,0.45662039518356323
IBOC,0.45660945773124695
PROP,0.4565974771976471
AIIO,0.4565953314304352
STHO,0.45656561851501465
ELME,0.4565649628639221
JBIO,0.45653167366981506
INSP,0.45651715993881226
RCUS,0.45649614930152893
GCV,0.45649147033691406
LITE,0.45648810267448425
OPBK,0.4564822018146515
MSFT,0.4564676284790039
EVLV,0.45645806193351746
IAE,0.45645806193351746
ALMU,0.45644497871398926
BTBT,0.456437349319458
CTNT,0.4564273953437805
JD,0.4563737213611603
PAYS,0.4563579857349396
DGX,0.4563535153865814
CBAN,0.45631954073905945
EWTX,0.4562590718269348
III,0.4562360644340515
IHS,0.45623138546943665
JYNT,0.4561918079853058
TMP,0.45617610216140747
INVE,0.45615050196647644
LAMR,0.456145316362381
LGCL,0.45613980293273926
CRDF,0.4561259150505066
MGEE,0.4560658037662506
NG,0.4560478925704956
HTHT,0.4560469686985016
IDN,0.45604386925697327
PATH,0.4560371935367584
FRST,0.45600879192352295
COOT,0.45600828528404236
UA,0.4560004472732544
EXPO,0.4559843838214874
BOF,0.45597711205482483
RNXT,0.4559710919857025
RGT,0.4559680223464966
NKE,0.45596078038215637
SFNC,0.45592743158340454
RA,0.45590895414352417
OXLC,0.455906480550766
TFIN,0.455904096364975
ADAM,0.4559013843536377
TMCI,0.4558839797973633
RIG,0.4558590054512024
RNW,0.45585525035858154
WF,0.45577380061149597
BYND,0.45577272772789
TFX,0.4557659924030304
FXNC,0.4557552933692932
CALY,0.45574459433555603
ROMA,0.4557294249534607
KEEL,0.4557291269302368
SKYT,0.4556901156902313
COLB,0.45566755533218384
VNT,0.4556616544723511
WULF,0.4556575417518616
TLS,0.45565491914749146
GOSS,0.45565006136894226
VAC,0.45564547181129456
CPOP,0.45564523339271545
M,0.45563754439353943
VOXR,0.4556247889995575
ANVS,0.4555990397930145
FND,0.45558351278305054
CNL,0.4555765390396118
PETZ,0.4555688500404358
MHK,0.45556479692459106
CLOV,0.45554855465888977
PSF,0.4555321931838989
DAVA,0.4555284380912781
MHLA,0.45552700757980347
SPMC,0.45550695061683655
LXP,0.45542648434638977
WHR,0.4554177224636078
IVR,0.45540642738342285
GSHD,0.4554043412208557
BIOA,0.4553871154785156
TECH,0.4553864300251007
MHH,0.4553462862968445
LFT,0.45532840490341187
OSCR,0.4553025960922241
CBU,0.4552919268608093
ZTO,0.4552904963493347
TBLA,0.4552890956401825
LZ,0.45521292090415955
TRC,0.45518678426742554
DFP,0.45518624782562256
ONB,0.455181747674942
RILYN,0.45517680048942566
NAUT,0.4551551043987274
MCHX,0.4551507830619812
TNON,0.4551491439342499
ETJ,0.45514583587646484
MITK,0.4551335871219635
OM,0.45510607957839966
UTZ,0.45508483052253723
KRC,0.4550783336162567
SPMA,0.45504602789878845
WHG,0.4550424814224243
MWG,0.4550284743309021
CARS,0.45502331852912903
ILPT,0.4550040364265442
SAN,0.454987496137619
UCL,0.4549711048603058
MTEX,0.45495352149009705
BEKE,0.4549313187599182
STTK,0.4549298584461212
CCZ,0.4549238383769989
T,0.4549226462841034
EYPT,0.4549201726913452
ETX,0.4549108147621155
WNEB,0.4549001455307007
ICE,0.454898864030838
IIIV,0.45489105582237244
BMRC,0.45486709475517273
BNL,0.4548649191856384
NWGL,0.4548514485359192
HURN,0.45484283566474915
IHD,0.45484015345573425
BLKB,0.4548354148864746
BIIB,0.4548071026802063
CBOE,0.4547935128211975
FORR,0.45478084683418274
SILO,0.454774409532547
ASTC,0.4547741711139679
IMUX,0.4547715187072754
GAU,0.4547531306743622
RWT,0.45475271344184875
CDRO,0.45474517345428467
ARMP,0.45473000407218933
PEB,0.4547249674797058
NAMSW,0.45465153455734253
AIRTP,0.45464158058166504
PDCC,0.45463448762893677
AES,0.45463141798973083
DOYU,0.45462965965270996
BOOM,0.4546281099319458
APPS,0.45456430315971375
SDOT,0.4545428454875946
ILLR,0.4544559121131897
AROW,0.4544481635093689
TROO,0.45444339513778687
BHFAP,0.4544321894645691
GPI,0.4544221758842468
NAT,0.45439764857292175
CLIK,0.4543763995170593
LTBR,0.4543757438659668
BSY,0.4543757140636444
MBX,0.4543554186820984
DTST,0.4543459713459015
DFSC,0.4543342590332031
WVVI,0.4543323516845703
OKYO,0.4543144702911377
BKSY,0.45427849888801575
CDW,0.4542747139930725
PRLB,0.4542703926563263
WRD,0.45422813296318054
ABOS,0.45421186089515686
TBI,0.454194039106369
EOSE,0.4541785418987274
FT,0.45414507389068604
SHLS,0.45413118600845337
MX,0.45410799980163574
HTT,0.45410650968551636
ACIC,0.45410391688346863
AERT,0.45409470796585083
PSTL,0.45408862829208374
BRUN,0.4540843069553375
PMVP,0.45405343174934387
DOMH,0.4540291428565979
ARR,0.45402806997299194
BIPH,0.4540102779865265
BEEP,0.45399051904678345
SMG,0.4539795219898224
KBDC,0.45397281646728516
BWG,0.4539695978164673
ASG,0.4539679288864136
AFGC,0.4539676308631897
CKX,0.45395612716674805
TUYA,0.4539506137371063
ALT,0.4539443254470825
SEIC,0.4539211392402649
NXDT,0.4539131820201874
SF,0.45386946201324463
MXC,0.4538480043411255
BHM,0.4538244903087616
DSY,0.4537995457649231
EVC,0.45375770330429077
AVO,0.45374584197998047
RUM,0.45373159646987915
ALGT,0.4536859095096588
NXGL,0.4536825120449066
VNCE,0.4536658525466919
KEY,0.4536304771900177
NDAQ,0.4536287486553192
ARI,0.4536087214946747
ROP,0.45360177755355835
UCAR,0.45359715819358826
CURV,0.45357751846313477
BUSE,0.453573614358902
RPM,0.4535655677318573
FIS,0.45354968309402466
SONO,0.4535388946533203
LGHL,0.45352789759635925
DBX,0.4535212218761444
RZLV,0.45351773500442505
LXFR,0.453515887260437
BDL,0.45348718762397766
ICCC,0.45346519351005554
BCX,0.45346498489379883
MRM,0.45343729853630066
TEAD,0.45343661308288574
GDRX,0.4534170925617218
SMP,0.4533814489841461
BIOX,0.4533674120903015
ONC,0.4533638656139374
OMER,0.4533613324165344
LAND,0.4533592760562897
VFC,0.45335912704467773
RWAY,0.453306645154953
HLNE,0.45329195261001587
TARA,0.4532586336135864
OTEX,0.4532449245452881
CBSH,0.45320868492126465
BGS,0.4531237781047821
CEV,0.4531145691871643
KN,0.45310577750205994
COF,0.45307326316833496
DD,0.4530693590641022
IDE,0.45306190848350525
PMCB,0.4530535936355591
PPG,0.45303529500961304
HFWA,0.4529537856578827
FGBI,0.45294830203056335
VOYA,0.4529454708099365
BOC,0.45294252038002014
SEER,0.4528829753398895
VIVS,0.45285749435424805
JQC,0.45282208919525146
NMTC,0.45280179381370544
LSTR,0.4527696371078491
BIT,0.45274582505226135
DCOY,0.4527009427547455
WAFDP,0.4526987671852112
CHWY,0.45266398787498474
JOUT,0.4526517689228058
THQ,0.4526400566101074
VXZ,0.4526156485080719
VSTS,0.452614963054657
ARDX,0.4526035785675049
OSUR,0.4526016116142273
ADX,0.4525969922542572
UE,0.4525758922100067
PCF,0.45257535576820374
NVCR,0.4525704085826874
MHF,0.4525654911994934
QDEL,0.4525410234928131
NWBI,0.4525347650051117
SHO,0.45252519845962524
VZLA,0.4525143504142761
DBL,0.452513724565506
CRDL,0.45250585675239563
UBCP,0.4525040090084076
CLNE,0.45247384905815125
BTZ,0.45243796706199646
FLWS,0.4524284899234772
CHAR,0.452390193939209
SBGI,0.4523846209049225
LUNR,0.4523845314979553
LWAY,0.4523800313472748
SIG,0.45237961411476135
TBN,0.45236942172050476
DARE,0.452350378036499
NMZ,0.4523364305496216
IE,0.45230716466903687
NVG,0.4522891044616699
AQN,0.4522706866264343
RMR,0.45225459337234497
DSX,0.4522342085838318
VEON,0.45221495628356934
IZEA,0.4522020220756531
SDGR,0.4521910548210144
KWY,0.4521891474723816
HOVNP,0.4521777927875519
EXPD,0.45217278599739075
CREX,0.4521646797657013
XGN,0.45214128494262695
ORGO,0.4521229565143585
VTVT,0.45208415389060974
NZF,0.45207861065864563
KSS,0.45206400752067566
CLDX,0.452051043510437
SIDU,0.4519866406917572
WKEY,0.45197445154190063
AMT,0.45196637511253357
CCEC,0.4519651532173157
AZTA,0.45195701718330383
DMC,0.45195046067237854
CPF,0.4519415497779846
RAPP,0.45193809270858765
PPBT,0.451931893825531
ZEPP,0.4519103765487671
GBLI,0.45183414220809937
CLDI,0.4518083333969116
SUGP,0.4518076479434967
WIX,0.45180630683898926
OFLX,0.45178723335266113
BSET,0.4517630338668823
MARPS,0.45175355672836304
RXT,0.4517400562763214
GENK,0.4517291188240051
FKWL,0.4516865611076355
NRIX,0.4516708552837372
LPAAU,0.4516339898109436
BDSX,0.45161890983581543
ORIC,0.4516110420227051
PNFP,0.4515804946422577
FCBC,0.4515552520751953
FBNC,0.4515517055988312
EPOW,0.4515514075756073
TCX,0.4515491724014282
AUDC,0.45154714584350586
DHR,0.4515250623226166
DMAC,0.4514898359775543
FMN,0.45145440101623535
AIFF,0.45145416259765625
CXDO,0.4514163136482239
NGNE,0.4513859152793884
HUMA,0.45138370990753174
DNN,0.4513779282569885
AMBP,0.45136648416519165
FVN,0.4513664245605469
QQQX,0.4513631761074066
FRSX,0.4513489007949829
LOGI,0.45134562253952026
NWTG,0.45131900906562805
QTWO,0.4513179063796997
ARAY,0.45128965377807617
GMM,0.45127779245376587
SANG,0.45125487446784973
IFS,0.4512287676334381
GRO,0.4511867165565491
RMT,0.4511755704879761
AKA,0.4511292576789856
SB,0.4511236548423767
VALE,0.45110172033309937
SA,0.45109909772872925
TTD,0.45109695196151733
USA,0.45109671354293823
MASS,0.45109617710113525
OPHC,0.4510914385318756
CRBU,0.4510723948478699
SOTK,0.45107191801071167
CART,0.45104339718818665
PPIH,0.45103543996810913
GTN,0.45103418827056885
NCZ,0.4510255455970764
NTAP,0.4509943127632141
BWBBP,0.45097488164901733
SVCO,0.45097219944000244
HIPO,0.45097193121910095
BFH,0.4509711265563965
CFFN,0.45093855261802673
SEG,0.4508555829524994
OLB,0.4508521854877472
FAX,0.45084458589553833
CGABL,0.4508289098739624
OFG,0.4508020877838135
Z,0.4507647752761841
BGSF,0.4507629871368408
AKAN,0.45076224207878113
NPWR,0.45073768496513367
MRBK,0.4507140517234802
SANA,0.4507133662700653
LUCD,0.4507121741771698
ANGH,0.4506925046443939
GOOD,0.4506607949733734
AGD,0.4506467878818512
INVH,0.45062461495399475
PEBK,0.45060616731643677
PLRX,0.45060497522354126
AI,0.4505953788757324
MYPS,0.4505919814109802
FDMT,0.4505673050880432
NVAX,0.4505636394023895
RSI,0.45052745938301086
BLND,0.45048508048057556
HAIN,0.4504718780517578
HEPS,0.4504411518573761
BNC,0.4504411220550537
GRDN,0.4504012167453766
DRVN,0.45040038228034973
NBB,0.4503903090953827
NVNO,0.4503841698169708
BHFAL,0.4503592848777771
ANIX,0.45035821199417114
BKD,0.45034393668174744
GNSS,0.4503273665904999
SBSI,0.4503214955329895
MAN,0.4503200948238373
CSAN,0.45031681656837463
JMIA,0.4502595365047455
ZSQR,0.4502028524875641
SMXT,0.4502010643482208
GWH,0.45016828179359436
CCOI,0.4501398801803589
WB,0.45013830065727234
ENSG,0.4501296877861023
GDS,0.45012080669403076
PRSU,0.4501110017299652
BRIA,0.4500799775123596
KD,0.45007720589637756
CIM,0.45001649856567383
AGNCP,0.4500138759613037
CME,0.4500090181827545
MFG,0.44999244809150696
AU,0.4499398171901703
BCTX,0.4499344229698181
MBI,0.4499036371707916
KLC,0.4498964846134186
SOR,0.44988328218460083
AWP,0.4498811364173889
CSBR,0.4498690962791443
TVRD,0.4497944414615631
SELF,0.44979146122932434
NFGC,0.4497770369052887
SHC,0.4497598707675934
BTOG,0.44975754618644714
RNG,0.44974395632743835
VLT,0.4497212767601013
MNPR,0.4497033357620239
DIBS,0.44970160722732544
VKI,0.44967225193977356
CASY,0.4496593773365021
APLE,0.44965860247612
TVGN,0.4496496319770813
DEA,0.44962674379348755
MPT,0.4496052861213684
SKYQ,0.4495806396007538
OLP,0.44956955313682556
BOXL,0.449565589427948
BWEN,0.44956174492836
SPKL,0.4495444893836975
HAPN,0.44953620433807373
MQY,0.449517160654068
HQH,0.44949448108673096
CTSH,0.449452668428421
PMAX,0.4494357109069824
ORKT,0.44940221309661865
ISOU,0.44938457012176514
SXTP,0.4493464529514313
BXMT,0.4493432343006134
IMMR,0.4493429958820343
TWLO,0.449341744184494
SMC,0.44932854175567627
ALZN,0.4493202567100525
GALT,0.4492962062358856
ECAT,0.44928935170173645
VSTD,0.44928860664367676
CABA,0.449271023273468
VLN,0.4492613673210144
GPMT,0.44922372698783875
SLF,0.4492056369781494
SFHG,0.44919562339782715
WK,0.4491373300552368
INN,0.44913703203201294
UVSP,0.4491337835788727
ALNY,0.44906434416770935
PDM,0.44904789328575134
NUW,0.44901591539382935
PSEC,0.4489997327327728
RHI,0.44898176193237305
IQI,0.4489719569683075
ZONE,0.4489022195339203
GLUE,0.4488967955112457
BYFC,0.4488883316516876
VGI,0.44887465238571167
RGEN,0.44886335730552673
SBCF,0.4488494396209717
VFS,0.4488413631916046
TNYA,0.4487706124782562
SOPH,0.4487632215023041
LPL,0.44872966408729553
INSM,0.44872918725013733
JOBY,0.4486941397190094
ENJ,0.4486801326274872
NNBR,0.44867560267448425
ESTC,0.44866928458213806
HYLN,0.44864383339881897
SQFT,0.4486299157142639
KPLT,0.4485909640789032
SNTG,0.4485898017883301
XBIO,0.44858673214912415
HLLY,0.44857820868492126
AUB,0.4485400319099426
HBAN,0.44850313663482666
WKHS,0.44849103689193726
SSTK,0.44848135113716125
INBS,0.4484470784664154
BFLY,0.4484300911426544
LYEL,0.44841063022613525
TEL,0.4484001100063324
PTHS,0.4483654797077179
BRFH,0.44836434721946716
GLO,0.44831785559654236
LEGN,0.4482988715171814
ITRI,0.44827526807785034
INDI,0.44820937514305115
NAII,0.44820594787597656
BTG,0.4481840133666992
STBA,0.44818049669265747
UNIT,0.44816794991493225
LBGJ,0.4481615424156189
IPW,0.44815728068351746
NAN,0.44815632700920105
CVGI,0.44813409447669983
HQI,0.4481112062931061
MYI,0.44810566306114197
KTCC,0.44810038805007935
JHS,0.44806861877441406
CEVA,0.4480615258216858
OGCP,0.4480275511741638
MUA,0.44797223806381226
LPAA,0.4479677975177765
RMM,0.44796109199523926
PCYO,0.44794729351997375
DFDV,0.44790220260620117
CMTV,0.44786328077316284
ALLO,0.44783973693847656
AEI,0.44781526923179626
IOR,0.4478033483028412
IMAX,0.4477947950363159
MEI,0.4477669298648834
AIRI,0.4477459490299225
SKIN,0.44773179292678833
CING,0.44767454266548157
SHBI,0.4476715326309204
WHLRP,0.4476371705532074
VYNE,0.44763246178627014
BANR,0.44762906432151794
ZURA,0.4476214647293091
SSNC,0.4476097524166107
ZDGE,0.44760215282440186
URGN,0.4475882649421692
GGB,0.447549432516098
WSBC,0.44754910469055176
BB,0.44753775000572205
RZLT,0.4475066661834717
DLO,0.44747450947761536
TME,0.4474440813064575
CANF,0.44732213020324707
PLCE,0.4473067820072174
TLF,0.4472986161708832
HROW,0.44728127121925354
LYB,0.4472806751728058
KWR,0.44725167751312256
AACG,0.447249174118042
BRW,0.44722914695739746
WOOF,0.4472132623195648
VHC,0.44720786809921265
ALTO,0.4471924602985382
TBLD,0.4471908509731293
AB,0.44715213775634766
GENI,0.447049081325531
FTCI,0.44703036546707153
BKT,0.44701555371284485
AREN,0.44695696234703064
RDIB,0.4469224214553833
NSLR,0.44691696763038635
NET,0.4469079077243805
PFXNZ,0.4468834400177002
VCV,0.4468795359134674
PENG,0.44685447216033936
LPSN,0.4468523859977722
GAME,0.4468478262424469
GPAT,0.44682449102401733
UPS,0.44679179787635803
QXL,0.44675344228744507
VCEL,0.4467252194881439
ILAG,0.44670942425727844
BMR,0.4466835558414459
JJSF,0.4466794431209564
GGT,0.44667813181877136
BABA,0.44667112827301025
ZEO,0.4466491639614105
CMCM,0.4466454088687897
GSIT,0.44662410020828247
MTEN,0.44662371277809143
NEA,0.4466147720813751
ADV,0.44660449028015137
ORKA,0.44655585289001465
AIOT,0.446522057056427
FVCB,0.4464893639087677
JG,0.4464862048625946
DHCNI,0.44645220041275024
NDMO,0.4464322626590729
IPDN,0.4464293420314789
INDO,0.44638577103614807
MGR,0.4462922513484955
VIR,0.44629010558128357
FTHY,0.44627994298934937
DLY,0.4462544023990631
AISP,0.4462229311466217
VTN,0.4462103247642517
GH,0.446203351020813
GSAT,0.4461713135242462
SRG,0.4461614489555359
OACC,0.4461459815502167
KRNY,0.4461342692375183
SLDP,0.44613051414489746
CMRC,0.4461281895637512
JMM,0.44611144065856934
BL,0.446104496717453
ENOV,0.44609737396240234
EGAN,0.44602102041244507
TSQ,0.44600555300712585
CRNC,0.4459811747074127
EOS,0.44595932960510254
DCBG,0.44593092799186707
NBBK,0.4459187686443329
CGTX,0.4459112286567688
ZVIA,0.44589734077453613
CNTX,0.44588616490364075
TFSL,0.4458194673061371
SPHL,0.4458009898662567
FLX,0.445789098739624
HTCR,0.44574636220932007
HIMX,0.44573330879211426
DTSS,0.44572317600250244
RMTI,0.44570544362068176
VALN,0.4456952214241028
AVNS,0.44565585255622864
NPCT,0.44564658403396606
LOCL,0.44564205408096313
BKU,0.44560709595680237
ULBI,0.44558659195899963
MIN,0.445584237575531
ISPR,0.4455830156803131
AUTL,0.44557613134384155
CICB,0.4455493092536926
SSB,0.4455392062664032
CRTO,0.4455069899559021
MMS,0.44543319940567017
SNAP,0.4453933537006378
ICON,0.4453636705875397
CAPS,0.44534653425216675
GV,0.44529151916503906
OGN,0.44527700543403625
OSRH,0.4452642798423767
LANV,0.44525736570358276
XNET,0.4451873302459717
GPRO,0.4451710879802704
BON,0.44514188170433044
HTCO,0.44511836767196655
EDRY,0.4451179802417755
FSHP,0.4451168477535248
SMBK,0.445115327835083
IBAC,0.44509124755859375
AIFA,0.44508737325668335
NTRSO,0.4450755715370178
TRMK,0.44506436586380005
HTH,0.4450596868991852
LEG,0.4449676275253296
SND,0.44495701789855957
RPT,0.44495317339897156
TSAT,0.44494733214378357
XPEV,0.4449460506439209
BBBY,0.4448932409286499
PRZO,0.4448661208152771
GTIM,0.4448030889034271
ECO,0.44476407766342163
NYC,0.4447452127933502
TDF,0.4447338581085205
WAL,0.4447213113307953
AMBR,0.44470587372779846
WIT,0.4447031319141388
MGTX,0.4447004199028015
SWVL,0.4446946978569031
ISSC,0.4446878731250763
FEAM,0.44468584656715393
GJT,0.44468042254447937
ODD,0.44461697340011597
CMPS,0.4446060359477997
OLN,0.4446045458316803
SBI,0.44457706809043884
ZD,0.4445539116859436
CGEM,0.44452786445617676
CYD,0.44452762603759766
RILYL,0.4445207118988037
CCO,0.44451263546943665
TEI,0.4444971978664398
DCH,0.4444960653781891
EDD,0.44440603256225586
MDBH,0.44440215826034546
AIV,0.4443869888782501
RARE,0.44437626004219055
SCL,0.44434821605682373
OPAD,0.4443296492099762
CLWT,0.4443153440952301
CHRN,0.4442961513996124
EGBN,0.44428062438964844
ALM,0.4442652761936188
MUC,0.444250226020813
CCCC,0.44423675537109375
PHK,0.4442199170589447
NICE,0.4442116916179657
XOS,0.44419562816619873
LVLU,0.4441945552825928
HCTI,0.4441874921321869
CULP,0.44418543577194214
UCB,0.444181352853775
SBH,0.4441676437854767
ARTL,0.4441421627998352
EHTH,0.4440966844558716
NERV,0.4440951347351074
NNY,0.44408896565437317
SAFE,0.44406697154045105
LNZA,0.4439794421195984
TDUP,0.44396403431892395
XMAX,0.44391921162605286
EUDA,0.4439143240451813
TCBK,0.4439116418361664
KORE,0.443875789642334
LCUT,0.44380778074264526
AMWL,0.44378662109375
MTCH,0.44377169013023376
ZLAB,0.44376975297927856
NMT,0.44372430443763733
XRN,0.44372081756591797
SABA,0.4436533749103546
ABVX,0.44351324439048767
BAC,0.44349056482315063
NRXP,0.44341984391212463
MYSE,0.44333887100219727
RCD,0.44333821535110474
FUBO,0.44333577156066895
GCTK,0.44329211115837097
NYXH,0.44326281547546387
SKE,0.4432452619075775
DFTX,0.44317951798439026
HGBL,0.44317886233329773
CVV,0.44316479563713074
ACHR,0.44315406680107117
GTBP,0.44314560294151306
EQH,0.4431419372558594
SKK,0.4431302547454834
JSPR,0.4431297779083252
TSHA,0.4431047737598419
ABCB,0.44307801127433777
SLGL,0.44307753443717957
FPH,0.443033903837204
IAUX,0.4429783225059509
DRIO,0.4429669678211212
LXRX,0.4429493248462677
MTN,0.44293221831321716
CRML,0.44292929768562317
LRE,0.4429197609424591
GCL,0.4429137706756592
OVID,0.44290876388549805
PTCT,0.4428681433200836
RGCO,0.44285476207733154
PGP,0.4428321421146393
PAMT,0.4428132474422455
OCCIN,0.44279566407203674
RVSB,0.44279277324676514
PDPA,0.4427739381790161
USGO,0.44277364015579224
DSM,0.4426954686641693
ALMS,0.4426921010017395
WGS,0.442691445350647
HR,0.4426517188549042
AVXL,0.4425874650478363
SYNA,0.442571759223938
AQST,0.44249963760375977
ACU,0.44246906042099
RIME,0.4424656629562378
EONR,0.4424497187137604
SQFTP,0.442447304725647
SCNX,0.4424344301223755
NAGE,0.44242942333221436
JPC,0.4424113631248474
NEO,0.442377507686615
CODI,0.4423593580722809
CNTB,0.4423421323299408
ESRT,0.44233766198158264
BPYPM,0.44232943654060364
FEED,0.44227030873298645
HLP,0.4422468841075897
KMDA,0.4422457814216614
RNST,0.4422059655189514
DXLG,0.442121684551239
MYO,0.4421157240867615
SRAD,0.4420957565307617
JBLU,0.44208911061286926
CHGG,0.4420372545719147
NAZ,0.44202932715415955
LUXE,0.4420240521430969
QETA,0.4420190453529358
CHSN,0.4420182406902313
SLI,0.4420064687728882
GDEV,0.44199803471565247
FBRX,0.4419887959957123
EFSCP,0.4419558346271515
PRLD,0.44195517897605896
LPCN,0.44192424416542053
STFS,0.441918283700943
FLNA,0.44187742471694946
G,0.441875696182251
VIPS,0.4417800009250641
VMO,0.4417352080345154
WDAY,0.4416917562484741
APRE,0.441667377948761
HUYA,0.44162797927856445
NKX,0.44160693883895874
IGIC,0.4415295124053955
MYN,0.4415261447429657
NTRP,0.44150421023368835
WT,0.44148895144462585
CTM,0.4414792060852051
PRE,0.44144973158836365
WTI,0.441445916891098
BEN,0.44139817357063293
SDST,0.44137346744537354
IONQ,0.44137105345726013
ISD,0.4413541257381439
ACTG,0.4413496255874634
FNWB,0.4413214325904846
ELAN,0.4413212537765503
MRNO,0.4413122534751892
BZAI,0.44130969047546387
FEBO,0.4412848651409149
OWLT,0.44127023220062256
PFS,0.4412509799003601
PETS,0.44124141335487366
IMMX,0.44119879603385925
REAX,0.4411837160587311
ELAB,0.44112706184387207
SYPR,0.4411109983921051
CODX,0.44109249114990234
BNTC,0.4410853981971741
WOK,0.4410822093486786
QNCX,0.4410632252693176
FOA,0.44100868701934814
RR,0.4410058259963989
ALRM,0.4409938454627991
HOOD,0.4409662187099457
OPEN,0.4409486949443817
ATYR,0.44090086221694946
BY,0.44088783860206604
WAI,0.4408856928348541
AGIO,0.44088342785835266
NSA,0.44087186455726624
SACH,0.4408276081085205
ICCM,0.4408215284347534
FACT,0.4408164322376251
LU,0.44072794914245605
UTMD,0.4407048523426056
FNGR,0.44067567586898804
FVNNR,0.44065460562705994
HOG,0.44065389037132263
IMDX,0.44061776995658875
PSN,0.44061025977134705
ULCC,0.4406033754348755
PTLE,0.44059768319129944
PIII,0.44059333205223083
LE,0.44056159257888794
QTEX,0.44052696228027344
TELO,0.44046464562416077
KOSS,0.4404340982437134
TPCS,0.4404255747795105
OMCL,0.4404211938381195
U,0.4404202997684479
SATL,0.44039440155029297
LEO,0.44033679366111755
AMTX,0.4403136372566223
ELPC,0.44031229615211487
STEM,0.4402768909931183
AFB,0.44026246666908264
SES,0.44025740027427673
BNS,0.4402378797531128
ONCO,0.4402373433113098
FCX,0.44022172689437866
FGNXP,0.4401572346687317
TRUP,0.4401531219482422
VMAR,0.4401172399520874
FFIN,0.44009101390838623
UPXI,0.44008195400238037
GILT,0.44004058837890625
GTM,0.4400239586830139
RAYA,0.4400020241737366
TAP-A,0.4399160146713257
BBGI,0.43990176916122437
OPTU,0.43988966941833496
OCG,0.43984657526016235
BTCS,0.43978995084762573
SNAL,0.4396829307079315
NAC,0.4396609961986542
ACB,0.43964797258377075
PTN,0.4396419823169708
OCC,0.43958497047424316
SOJC,0.4395120441913605
MGRX,0.4395052492618561
SGRP,0.43948930501937866
TOON,0.4394262731075287
AAME,0.43938764929771423
OFSSH,0.43938300013542175
PUBM,0.4393817186355591
ONDS,0.4393727481365204
VIVO,0.43933582305908203
BZ,0.43933507800102234
LOOP,0.4393230378627777
POLA,0.4392141103744507
MMT,0.4392029643058777
RGC,0.4391094446182251
XFOR,0.43910470604896545
BEAM,0.4390898644924164
QNTM,0.43908241391181946
OSS,0.4390609860420227
NUAI,0.4390447735786438
BHK,0.43904370069503784
IBO,0.4390335977077484
VKQ,0.43901729583740234
MLYS,0.4389767050743103
NNOX,0.4389655888080597
VERU,0.43896377086639404
WNW,0.4388107359409332
ETSY,0.43879434466362
EFOR,0.43879181146621704
IRD,0.4387889802455902
SUZ,0.4387688636779785
DLNG,0.4387630820274353
MXCT,0.4387565851211548
VFF,0.438730925321579
BRLT,0.43870416283607483
NIXX,0.43867406249046326
MBAV,0.4386043846607208
CMND,0.4386027753353119
GGRP,0.43859195709228516
SOUN,0.4385731518268585
POWW,0.43856751918792725
XIFR,0.43856388330459595
KSCP,0.43855544924736023
LYFT,0.438551127910614
MDXG,0.43853646516799927
HITI,0.43852266669273376
KULR,0.43851765990257263
UBSI,0.4384489953517914
CHMG,0.4384194016456604
ECC,0.43840041756629944
ARE,0.4383898079395294
TMC,0.43838822841644287
PGEN,0.4383794367313385
HBIO,0.43835002183914185
XTLB,0.4383280873298645
MLGO,0.43811917304992676
ALGN,0.4380829334259033
LUMN,0.43805381655693054
RGTI,0.4380384087562561
KYTX,0.43801677227020264
UNCY,0.4379420876502991
TULP,0.4378739893436432
ALXO,0.4378493130207062
AMC,0.4378355145454407
ACOG,0.4378082752227783
XPON,0.4377565383911133
CSTE,0.43772634863853455
RPD,0.437724769115448
JYD,0.4376624524593353
NCNA,0.4376348853111267
SID,0.4375949800014496
DRTS,0.43758854269981384
DWSN,0.43756091594696045
HIX,0.43755167722702026
KGEI,0.4375283122062683
JCTC,0.4375247657299042
NBIS,0.43749797344207764
BSBK,0.4374687671661377
YTRA,0.4374576210975647
OIA,0.43736472725868225
LSE,0.4373627007007599
CRON,0.4373413622379303
MDAI,0.4372888505458832
SVRA,0.43727871775627136
AENT,0.43720051646232605
DAIO,0.43710091710090637
BIAF,0.4370962679386139
GJO,0.4370800852775574
PRQR,0.4370575547218323
PRGS,0.437043160200119
KVUE,0.4369966983795166
CG,0.43697047233581543
CLGN,0.4369245171546936
IMTE,0.4368877410888672
DNA,0.4368705749511719
MMU,0.4367145895957947
GOTU,0.43671342730522156
DMRA,0.436678409576416
BURU,0.4366438090801239
LCFY,0.43660885095596313
TIGR,0.43659868836402893
BBD,0.43659496307373047
FIRY,0.4365626871585846
BEEM,0.43655768036842346
XCUR,0.4365558624267578
OZK,0.4365416467189789
NUVB,0.4365011751651764
GROW,0.4364960789680481
FSLY,0.4364880919456482
HAFN,0.4364786446094513
FUFU,0.4364755153656006
ISTR,0.43646442890167236
BDMD,0.4364432990550995
ZDAI,0.43635305762290955
UROY,0.4363234341144562
MVST,0.43629440665245056
TWG,0.43628236651420593
SLMT,0.43617671728134155
KG,0.43616563081741333
IMPP,0.43613678216934204
KOD,0.43612128496170044
PDSB,0.43606770038604736
FATE,0.43606388568878174
CENN,0.43598994612693787
GJH,0.4359753131866455
CMTG,0.4358733296394348
XELB,0.4358395040035248
AVK,0.43580907583236694
RNWWW,0.43580561876296997
NRXS,0.43574559688568115
WDH,0.43574100732803345
GUTS,0.4357384443283081
NTGR,0.4357275664806366
LIDR,0.435619056224823
MTLS,0.43559372425079346
WIW,0.4355751574039459
MLCI,0.4355289340019226
WRN,0.43552365899086
INCR,0.4355022609233856
GCTS,0.43542349338531494
RMCF,0.4353735148906708
SYNX,0.43530645966529846
AEF,0.4352688789367676
NAKA,0.43526703119277954
GROV,0.435248464345932
BZFD,0.43524810671806335
JZXN,0.4352462887763977
ZBIO,0.4352418780326843
VEEA,0.4351736009120941
FTF,0.43515247106552124
PCSC,0.43513476848602295
KC,0.4350956678390503
OMEX,0.43508249521255493
MGNI,0.43505215644836426
STI,0.4349914789199829
SCYX,0.4349743723869324
CMPX,0.4349314570426941
PLG,0.43488913774490356
ABUS,0.4347900450229645
HYT,0.4347434937953949
ARWR,0.43470218777656555
COO,0.4346659779548645
HERZ,0.43465614318847656
BRN,0.43459057807922363
ARCB,0.43456724286079407
OGC,0.4345416724681854
LEE,0.43452250957489014
ELLO,0.43449485301971436
WFCF,0.4344765841960907
SSII,0.434394508600235
BLNK,0.434393972158432
BCO,0.4343656599521637
AGNT,0.43434345722198486
EJH,0.43432533740997314
DOW,0.4343220889568329
MKTW,0.4342808127403259
HYI,0.4342358410358429
NRDY,0.43413498997688293
PRTS,0.43412378430366516
ATER,0.4341077208518982
TECX,0.4340459406375885
KRKR,0.43403929471969604
EVTL,0.434008926153183
STKH,0.43396425247192383
YAAS,0.4339629113674164
SENS,0.4339022636413574
CTXR,0.43387550115585327
FIGS,0.4338691234588623
PAL,0.4338590204715729
TRUG,0.4338541030883789
BLDP,0.43385058641433716
GOODN,0.43378907442092896
AZTR,0.4337773621082306
UPWK,0.43372753262519836
XCH,0.4336795508861542
AVIR,0.43364062905311584
TRON,0.43362709879875183
ACFN,0.4336119294166565
PCQ,0.43356040120124817
KPTI,0.4335483908653259
ADGM,0.4335273206233978
HOWL,0.43346983194351196
CPSH,0.43346819281578064
BAFN,0.43341630697250366
BIDU,0.43337488174438477
EVGO,0.43336158990859985
NXXT,0.4333501160144806
NRSN,0.43333375453948975
KRRO,0.43326058983802795
MSLE,0.4332449734210968
RPID,0.43321970105171204
GRWG,0.4332138001918793
SLNHP,0.43319401144981384
BBAI,0.43317943811416626
ABLV,0.43315571546554565
UMC,0.4331514239311218
FWDI,0.433135062456131
BNAI,0.433110773563385
ASPS,0.43307915329933167
EDUC,0.43306538462638855
GFR,0.4330410659313202
CRNT,0.4330325126647949
NMAD,0.43303221464157104
MDIA,0.43297722935676575
REBN,0.4329404830932617
DNLI,0.4329248368740082
EXFY,0.4329024851322174
GLV,0.43289679288864136
EBON,0.4328639805316925
PRME,0.4328524172306061
FGL,0.4327916204929352
HPP,0.43251171708106995
PPTA,0.4325103759765625
PRCH,0.4324694275856018
PEGA,0.4324609637260437
KLRS,0.43245571851730347
MTC,0.43240854144096375
LAC,0.43238356709480286
QS,0.4323412775993347
QTTB,0.43230682611465454
CCLD,0.4322786331176758
NXDR,0.4322044253349304
XRTX,0.43219369649887085
MNOV,0.43218794465065
CHPT,0.4320797026157379
PLX,0.4320521056652069
IBRX,0.43202728033065796
NXTC,0.4319710433483124
PRTA,0.4319257140159607
VLY,0.43189865350723267
MSC,0.4318905174732208
ZM,0.43187278509140015
GURE,0.43184828758239746
FTK,0.43182605504989624
HFRO,0.4317280948162079
HRTX,0.43169599771499634
CDTG,0.4316052198410034
ZKIN,0.4315865635871887
RKDA,0.43146267533302307
CYPH,0.43143171072006226
OXSQ,0.43141040205955505
ABAT,0.4313575327396393
RMNI,0.4313434660434723
WIA,0.4313317835330963
ONCY,0.4313245117664337
SXT,0.4312988817691803
PVLA,0.4312138259410858
CLPR,0.4311385154724121
INAB,0.4311320185661316
HIHO,0.4310578405857086
WBX,0.430966854095459
DTCX,0.43091559410095215
RYM,0.4308997094631195
SUPX,0.4308035373687744
OTLY,0.43079856038093567
RCKT,0.43073469400405884
SRXH,0.4306624233722687
ATLX,0.430637389421463
QCLS,0.43063172698020935
SVM,0.4306272268295288
AQB,0.4306185245513916
MBOT,0.43059226870536804
BAK,0.43057993054389954
LRMR,0.4305171072483063
MSS,0.43051496148109436
MIND,0.43034228682518005
PRFX,0.43027597665786743
MBRX,0.4302171468734741
IHT,0.4301241338253021
SEPN,0.43004775047302246
EHI,0.43003466725349426
FFAI,0.42989498376846313
ITOC,0.42988836765289307
YMM,0.42983120679855347
PC,0.429810494184494
DOMO,0.42965683341026306
EVTV,0.4295780062675476
INM,0.4295223653316498
NIU,0.4293366074562073
URG,0.4291272461414337
VNET,0.4290955662727356
AKBA,0.42909035086631775
TAC,0.42900994420051575
SABS,0.42899289727211
SNDL,0.42897969484329224
PRHI,0.4289684593677521
SEAT,0.42889901995658875
INSG,0.42876172065734863
LFWD,0.42873284220695496
GHG,0.42870351672172546
ANNA,0.42868536710739136
ABEV,0.42864179611206055
ZSTK,0.4285813271999359
AUST,0.42856237292289734
PULM,0.42848747968673706
VXX,0.4284358620643616
MMLP,0.4284253716468811
SLXN,0.42835333943367004
AMRN,0.4282326400279999
ATAI,0.4281526505947113
RENT,0.42812982201576233
FOSL,0.4280402660369873
NCMI,0.42801305651664734
VNDA,0.4279687702655792
ALIT,0.4279652237892151
MAIA,0.42796120047569275
FGNX,0.4279317855834961
PAVM,0.4278883934020996
NCV,0.4278538227081299
VOR,0.42784255743026733
NXPL,0.4278138279914856
PXS,0.427805632352829
IH,0.42774027585983276
LGO,0.4277190864086151
FUSE,0.4276089370250702
TCRX,0.42759737372398376
FRMEP,0.42749840021133423
ADUR,0.427390992641449
OCFC,0.4273214042186737
WAT,0.4273194372653961
EPRX,0.4272770583629608
CUE,0.42718857526779175
TRLV,0.4271378517150879
CNTN,0.42701712250709534
SCWO,0.4270095229148865
BDN,0.42700764536857605
NNVC,0.4269174337387085
INTJ,0.42687109112739563
PML,0.4268438220024109
LDI,0.426757276058197
UBXG,0.42667874693870544
SRFM,0.42667505145072937
QURE,0.4266241490840912
API,0.4266195297241211
CELU,0.4266170561313629
TOUR,0.42660021781921387
ACON,0.4265207052230835
AIOS,0.4264204502105713
RLX,0.42638760805130005
ORBS,0.42636972665786743
VNRX,0.4262738823890686
GTEC,0.4262559115886688
GLBS,0.42624834179878235
VUZI,0.42620575428009033
IQST,0.42613598704338074
NXTT,0.4261283576488495
BHP,0.42605501413345337
VCIG,0.4260242283344269
ENGN,0.42599424719810486
BCAL,0.4259655177593231
DRCT,0.4257933795452118
DCX,0.42576658725738525
DHF,0.4257502853870392
LKFT,0.4256865382194519
GMHS,0.4255985915660858
SINT,0.42552313208580017
CNTY,0.42548221349716187
FVRR,0.42547646164894104
HCWB,0.42547279596328735
GLXG,0.4254632592201233
DLPN,0.4254531264305115
NUV,0.4251503646373749
MITQ,0.4251329302787781
NB,0.4251119792461395
DNTH,0.42502424120903015
RSSS,0.42499855160713196
BLIN,0.424725204706192
COOK,0.4246102273464203
REVB,0.4245929718017578
ELDN,0.4244493544101715
RKTO,0.42442378401756287
GRML,0.4243927299976349
VENU,0.4243813157081604
CRBP,0.4243704080581665
BFRG,0.4243629276752472
HUN,0.4243141710758209
STIM,0.4242625832557678
GWAV,0.42416614294052124
AGEN,0.4240085184574127
DZZ,0.4240010976791382
NDRA,0.42396217584609985
OTLK,0.4239266514778137
CVM,0.42391619086265564
ICU,0.423801064491272
PZG,0.4237879514694214
QUBT,0.4237001836299896
ISPC,0.423689067363739
AEYE,0.42361220717430115
POET,0.42352887988090515
XTNT,0.42344772815704346
AQMS,0.42343324422836304
MDXH,0.4234183132648468
TAL,0.4233715534210205
IQ,0.42334309220314026
EDIT,0.4233414828777313
YYAI,0.4232870638370514
SNGX,0.42325684428215027
YHGJ,0.42318326234817505
KNDI,0.42305654287338257
IRWD,0.4229657053947449
SIFY,0.42294567823410034
ONEG,0.4228995442390442
MOVE,0.4228820502758026
JOYY,0.4228133261203766
MOLN,0.4228060841560364
VTSI,0.4228031039237976
HURA,0.42279645800590515
RLAY,0.4227849543094635
ONL,0.42266902327537537
DSS,0.4225879907608032
DAO,0.4225612282752991
VVOS,0.4225071370601654
ARVN,0.422490656375885
OGI,0.4224625825881958
TBCH,0.42244887351989746
BBLG,0.4224158227443695
AVAH,0.4222775995731354
ABEO,0.4222133755683899
RTB,0.4221731722354889
SOS,0.4221706688404083
HYPD,0.42210137844085693
FTFT,0.42201825976371765
EQ,0.42198237776756287
CHRS,0.42196935415267944
DJT,0.42192092537879944
BARK,0.4219137132167816
TXG,0.4218357801437378
NTIP,0.42182305455207825
RGS,0.4217967689037323
MATH,0.42179498076438904
RNTX,0.42176181077957153
MTEK,0.42175859212875366
AVTX,0.4215471148490906
HMY,0.42151564359664917
LOBO,0.4214250147342682
EVAX,0.42133602499961853
PSQH,0.4213295876979828
DHC,0.42132678627967834
NEPH,0.4210953414440155
HNST,0.42106449604034424
ZH,0.4210594892501831
YIBO,0.42101895809173584
FOCL,0.4209540784358978
CLPS,0.4209170341491699
MGX,0.42084646224975586
JBK,0.42079100012779236
MNY,0.4207281768321991
BFRI,0.42064398527145386
MNDO,0.42058852314949036
CELZ,0.4205703139305115
METCB,0.4205203056335449
ELVA,0.4204988181591034
ADCT,0.42027994990348816
MNTS,0.4202151596546173
CLNN,0.42021071910858154
NCI,0.42016229033470154
CERS,0.4201124608516693
BSIN,0.42006242275238037
CLIR,0.4200111925601959
LRHC,0.4199812412261963
DHX,0.4199596345424652
PCSA,0.4199580252170563
XPL,0.41990330815315247
BBUC,0.4197917580604553
ATEX,0.4197857975959778
BODI,0.41964659094810486
EMPD,0.41964417695999146
ACIU,0.41959571838378906
ARKR,0.4195282757282257
CTRM,0.419320672750473
GGR,0.41931861639022827
MBAI,0.4192221164703369
HKD,0.4190996587276459
CNVS,0.4190642237663269
NCSM,0.4190620481967926
QUCY,0.4190320372581482
FBIO,0.41901305317878723
EU,0.4189072251319885
TOYO,0.4187936782836914
FFBC,0.41877245903015137
PSHG,0.418753981590271
NBP,0.4187158942222595
SSYS,0.4187125563621521
CTEV,0.4186456501483917
RYDE,0.4186195433139801
APVO,0.4185633957386017
XHG,0.4185613691806793
SMTK,0.4184851348400116
TLYS,0.41836974024772644
SQNS,0.4183250963687897
PSTV,0.41824692487716675
GORO,0.4182264804840088
CMCT,0.41819772124290466
ORIO,0.41812729835510254
LUCY,0.41809743642807007
ELBM,0.4180895984172821
IVDA,0.4180338680744171
EGHT,0.41790837049484253
NUWE,0.4178997278213501
GNPX,0.41787081956863403
PRPO,0.4178480803966522
CTMX,0.4177325963973999
PLUG,0.41766300797462463
RDI,0.4176505506038666
RDHL,0.41763365268707275
GXAI,0.41760438680648804
WCT,0.417514830827713
JAGX,0.41750141978263855
SCKT,0.4174344837665558
BGDE,0.41731998324394226
CWD,0.41726550459861755
KVHI,0.4172405004501343
IPST,0.4172387421131134
VIOT,0.4171479344367981
GOVX,0.41713905334472656
UPB,0.41712868213653564
GOGO,0.41704365611076355
SLDB,0.41696470975875854
UPC,0.4169580042362213
WRAP,0.4168342351913452
CATX,0.4167081415653229
CCIX,0.41670456528663635
BCAX,0.41668644547462463
HYFT,0.41665270924568176
HSCS,0.41663792729377747
ICG,0.4165581464767456
MGIH,0.41653966903686523
MGF,0.4164748787879944
BNRG,0.4163071811199188
HWH,0.4162549674510956
SOWG,0.4162294566631317
PHIO,0.4161304831504822
SWAG,0.4160754084587097
IVF,0.4159398674964905
SPRU,0.41591212153434753
CISS,0.4158645570278168
ROOT,0.4157177805900574
SKYX,0.415688693523407
HERE,0.41562938690185547
PONY,0.4154256582260132
MRDN,0.4153115749359131
SKYA,0.41529062390327454
SHFS,0.4152739942073822
GRI,0.4149828553199768
ONMD,0.4149315357208252
AIRE,0.41481250524520874
CBIO,0.414699912071228
SY,0.41460755467414856
FISK,0.4145258963108063
PSNL,0.41451820731163025
CBAT,0.41442379355430603
BIVI,0.414410799741745
RERE,0.4143074154853821
PASG,0.41424503922462463
CCG,0.41424503922462463
RIGL,0.4141947031021118
MFI,0.41406142711639404
MTNB,0.41399243474006653
ERNA,0.4138672649860382
TKLF,0.4137343466281891
ENVB,0.4136916697025299
CNEY,0.4136464595794678
SPRO,0.41351187229156494
RAY,0.4134994149208069
LGVN,0.4134633243083954
PAPL,0.41342970728874207
NAAS,0.41342049837112427
ANY,0.4134013056755066
ALAR,0.41333046555519104
OLOX,0.4133250117301941
CISO,0.4132297933101654
ALOY,0.4131763279438019
AGM-A,0.41313788294792175
VRAX,0.413108766078949
TPET,0.41306912899017334
RNAZ,0.4129445254802704
SLE,0.4128868579864502
OPAL,0.41286328434944153
YI,0.412798136472702
PED,0.4127555787563324
VS,0.4126794636249542
HOUR,0.4126444160938263
ASPCU,0.412609726190567
ASST,0.4124724864959717
DDC,0.41246461868286133
FXHO,0.4124639630317688
STKE,0.4123724102973938
TPST,0.4122374653816223
XLO,0.41212591528892517
INVZ,0.41208651661872864
TMQ,0.4119565188884735
WIMI,0.4118480384349823
SNES,0.41181159019470215
CTNM,0.41176316142082214
APM,0.4117555320262909
CHAI,0.4117533266544342
GIFT,0.4117056429386139
IFBD,0.41164568066596985
FRMM,0.41154512763023376
SST,0.4112986922264099
IDAI,0.4111378788948059
NXL,0.411114364862442
HTOO,0.4110064208507538
MTVA,0.41092556715011597
NSPR,0.41089344024658203
IRIX,0.41086289286613464
MOBX,0.4106965661048889
FTH,0.41064658761024475
TWAV,0.4105510115623474
JVA,0.4105258584022522
KLTR,0.41044342517852783
SHMD,0.41037818789482117
TANH,0.41027092933654785
VBIO,0.4102272689342499
NNDM,0.41013243794441223
SHIP,0.41004812717437744
TOMZ,0.4100296199321747
ROLR,0.4100031554698944
SONM,0.4099780023097992
SXTC,0.409969687461853
NVNI,0.4099535048007965
EDSA,0.4098146855831146
COE,0.40974363684654236
SNT,0.40973275899887085
PNI,0.409686416387558
FNUC,0.4095507562160492
MIRA,0.409483939409256
GYRE,0.40932801365852356
XNCR,0.40921932458877563
NCL,0.4091719388961792
MLSS,0.40914031863212585
MMA,0.4090893864631653
RMCO,0.40898844599723816
BZUN,0.4089653789997101
JFU,0.4089248776435852
AMTD,0.40892016887664795
TGL,0.4089125096797943
CRVO,0.4088999629020691
AVX,0.4088245928287506
GDHG,0.408753365278244
WLDS,0.4087018072605133
GERN,0.40835437178611755
GEVO,0.40834444761276245
GROY,0.40832391381263733
FURY,0.40814080834388733
TRIB,0.408128023147583
TLRY,0.4081178605556488
JL,0.40810641646385193
MSAI,0.4080045521259308
ENSC,0.4079982042312622
VRME,0.4079555869102478
NVX,0.407896488904953
AGIG,0.40765616297721863
SPRC,0.4075954556465149
SARO,0.4074045419692993
NEXM,0.40739378333091736
AMCI,0.4072485864162445
PDYN,0.4071289896965027
HIND,0.40709516406059265
MYSZ,0.40699055790901184
VSME,0.4065599739551544
CCM,0.40639376640319824
ASM,0.4063710570335388
SPWH,0.4063185155391693
AIHS,0.406222939491272
FABC,0.4062036871910095
ZTEK,0.4061511158943176
FTEK,0.4060226380825043
MLEC,0.4059291183948517
JDZG,0.40590015053749084
PALI,0.40579676628112793
AIFC,0.40560540556907654
ATPC,0.4054989814758301
BJDX,0.40543651580810547
RJET,0.4053787589073181
TV,0.40526944398880005
BOLT,0.4052218198776245
CUBWU,0.4051685035228729
UFI,0.4050700068473816
FEMY,0.4049054980278015
CETY,0.4048801362514496
THM,0.4047660529613495
IFRX,0.40475472807884216
NKTR,0.4047508239746094
SOBR,0.40473973751068115
ALBT,0.40457794070243835
HYFM,0.4044491946697235
STXS,0.4044385254383087
TRVG,0.40440958738327026
INTZ,0.4043833613395691
IMA,0.40429508686065674
AKTX,0.40399232506752014
TLSA,0.4039752781391144
LIQT,0.4039739668369293
XBP,0.40387609601020813
SPPL,0.4038633704185486
SPCE,0.4038439691066742
CXAI,0.4037246108055115
ADXN,0.4036485552787781
SIM,0.4033997654914856
DDD,0.40311452746391296
WATT,0.4030287563800812
INTS,0.40298351645469666
DBVT,0.4029201865196228
TXMD,0.402891606092453
ANL,0.4028235077857971
BRAG,0.40272200107574463
AIXI,0.40269672870635986
CHR,0.40245839953422546
BGMS,0.40228724479675293
REFR,0.40227219462394714
SLSN,0.40209972858428955
AHT,0.4020519554615021
GSUN,0.4019053280353546
ABTS,0.401885062456131
BAOS,0.40133967995643616
JF,0.40128999948501587
CDT,0.40122053027153015
BKYI,0.40119218826293945
PLAG,0.4011436998844147
OESX,0.40102124214172363
DPRO,0.40098655223846436
DTIL,0.40091103315353394
MKDW,0.40089306235313416
CNDT,0.4008311927318573
SBEV,0.4008098244667053
STG,0.40072816610336304
CPIX,0.4006730914115906
EZRA,0.400223046541214
TTEC,0.4002090096473694
NEUP,0.4000405967235565
MNDR,0.3999698758125305
AWRE,0.39978307485580444
TOP,0.399606853723526
ESBA,0.3995998203754425
BLRX,0.39955905079841614
MBIO,0.39934229850769043
BLNE,0.3993231952190399
CYCN,0.39908409118652344
NCEL,0.3989609181880951
LBTYB,0.39887601137161255
BRNS,0.39877626299858093
CURI,0.3987712562084198
BQ,0.3987266719341278
SCNI,0.39869558811187744
USBC,0.3985840678215027
QBTS,0.39838916063308716
GVH,0.39834094047546387
YQ,0.3980719745159149
LIDRW,0.3980678617954254
BYAH,0.3980124592781067
IPSC,0.3978825807571411
XWEL,0.39779338240623474
CAN,0.3977465331554413
KTTA,0.3977223038673401
LPA,0.39738929271698
VANI,0.3972880244255066
ABVC,0.39723852276802063
SMSI,0.3971720039844513
CLRO,0.3970845341682434
ADAG,0.3970628082752228
AEHL,0.39682328701019287
ODV,0.39682117104530334
COCP,0.3968154788017273
CLRB,0.39673179388046265
HIT,0.3966889977455139
HAO,0.3964843451976776
KALA,0.39647361636161804
QMCO,0.39644625782966614
SOGP,0.3964369297027588
TRT,0.39612647891044617
LODE,0.39605462551116943
BVC,0.3957917392253876
CGC,0.395751416683197
PIM,0.39573243260383606
FLNT,0.3956862986087799
MAYS,0.39564308524131775
MRKR,0.3955109417438507
VSEE,0.395261287689209
LIVE,0.394936740398407
KITT,0.3941674828529358
SERA,0.3938685357570648
IMRX,0.39384257793426514
DGICB,0.39382103085517883
NCPL,0.3936552107334137
MEGL,0.3934912085533142
JCSE,0.3934002220630646
NEGG,0.39328277111053467
NKTX,0.3932393193244934
ASTI,0.3932042419910431
BKKT,0.3931664824485779
AVAL,0.39293035864830017
GJP,0.39279207587242126
LCTX,0.3927267789840698
SBC,0.3924467861652374
BDRX,0.3922598659992218
AURE,0.3920918107032776
VSTM,0.3920294940471649
FSP,0.3920098841190338
UZX,0.3918558657169342
RMSG,0.39181700348854065
MSGM,0.3914099931716919
JTAI,0.3913581967353821
QSI,0.39132028818130493
YCBD,0.3911679685115814
YJ,0.39099520444869995
ELTX,0.3909291625022888
PXLW,0.3908555507659912
NEXR,0.39064866304397583
CNSP,0.39056724309921265
REED,0.39054441452026367
PMN,0.39041295647621155
EFOI,0.39036303758621216
ATHE,0.3902876377105713
RVSN,0.3900710344314575
MVIS,0.3899931311607361
AYTU,0.3898566961288452
NXTS,0.3897278606891632
WPRT,0.38961061835289
OCGN,0.3893379271030426
EVGN,0.38867631554603577
TAOP,0.38865038752555847
CYN,0.3886004686355591
KUST,0.38849785923957825
THCH,0.3879077732563019
NTZ,0.3877122700214386
COSM,0.387285053730011
BCHT,0.3872206211090088
KZIA,0.3871956765651703
XXII,0.3871496617794037
TONX,0.38714662194252014
PRSO,0.38661670684814453
ENTX,0.3865280747413635
TRAW,0.38650426268577576
SSM,0.38617825508117676
WKSP,0.3859488070011139
EFSI,0.38565129041671753
SLNH,0.3856102228164673
GJR,0.38525956869125366
AIXC,0.3850126564502716
NMG,0.3849944770336151
GRDX,0.38465818762779236
ALF,0.3845203220844269
SAIH,0.3844902217388153
GREE,0.38386061787605286
WLYB,0.38348427414894104
UAMY,0.38343292474746704
LINE,0.3829706013202667
KXIN,0.3828936219215393
SBET,0.382868230342865
CRNX,0.3828347623348236
HUDI,0.382742315530777
DUO,0.38252779841423035
SENEB,0.38200533390045166
BNR,0.3815479874610901
VFSWW,0.3814118802547455
CTOR,0.3809358775615692
MYND,0.3807823956012726
CDIO,0.38062795996665955
HCWC,0.3805901110172272
AHG,0.38049983978271484
GRCE,0.38047292828559875
LITB,0.3803546726703644
ZCMD,0.37995103001594543
QTEXW,0.3798258304595947
MSN,0.37980422377586365
LITS,0.3794303238391876
INO,0.3791324198246002
PW,0.37911468744277954
GIBO,0.37904277443885803
CHNR,0.37864166498184204
GFAI,0.3785803020000458
SCOR,0.3781415820121765
KFFB,0.37812909483909607
MAKO,0.3780171275138855
SBFM,0.3777790069580078
DRMA,0.3774073123931885
CNET,0.3772924840450287
CGEN,0.3770522475242615
INUV,0.3770093023777008
GLMD,0.3769225776195526
SOAR,0.37680649757385254
BCG,0.37625637650489807
HUIZ,0.37560030817985535
ALGS,0.3755369782447815
UXIN,0.3750820457935333
QNRX,0.37488022446632385
AEMD,0.37404564023017883
GEG,0.373975545167923
USAS,0.37387633323669434
LAES,0.37360745668411255
TNMG,0.3732483685016632
FRGT,0.37305933237075806
TENX,0.3723757266998291
IMRN,0.371622771024704
GLDG,0.37098824977874756
YDKG,0.3709854483604431
BENF,0.3703550398349762
GIGM,0.3697487413883209
AMIX,0.3695549964904785
SHPH,0.3693501353263855
GNS,0.3692744970321655
AZI,0.3688064217567444
PBK,0.3679860234260559
ABTC,0.36784833669662476
BNGO,0.3677901029586792
APLM,0.36770716309547424
SPWR,0.36739081144332886
DRUG,0.3671571612358093
FMST,0.36702674627304077
EDBL,0.3666137456893921
SEATW,0.36611106991767883
RENX,0.365934282541275
HUBC,0.36576589941978455
AIM,0.3657579720020294
DBGI,0.36570557951927185
XTIA,0.36527591943740845
RDGT,0.36524009704589844
SEGG,0.365185409784317
SVRE,0.364516019821167
PBM,0.3644751310348511
HELP,0.3643325865268707
FIEE,0.3641112744808197
WALDW,0.3640795350074768
DUKR,0.36398449540138245
AMBO,0.3621691167354584
ATGL,0.36182665824890137
ATOS,0.3617672622203827
GTN-A,0.3613720238208771
TRX,0.3612973093986511
TC,0.361203134059906
NIVF,0.3605540096759796
ATXG,0.360284686088562
FEDU,0.3580494821071625
ALLR,0.3559432923793793
WWR,0.3555969297885895
TOPS,0.35506871342658997
TOVX,0.35454341769218445
SNOA,0.3533722758293152
NAK,0.35253313183784485
BULL,0.3518460690975189
SKYE,0.35100650787353516
RCON,0.3505222499370575
IMCC,0.3502357304096222
CURR,0.3494473993778229
OPTT,0.34727007150650024
GNLN,0.34720221161842346
RFAIU,0.34699857234954834
SVC,0.34618306159973145
GBR,0.344759076833725
BANL,0.34448227286338806
BKHA,0.3435380458831787
BTCT,0.3431716859340668
ADIL,0.3420218527317047
SUNE,0.34148842096328735
HFBL,0.3410643935203552
IMNN,0.3409423232078552
EZGO,0.3402271866798401
ITP,0.33945322036743164
SPCB,0.33911359310150146
ZNB,0.3383359909057617
PCTTU,0.3383065164089203
HVT-A,0.3382243514060974
IBIO,0.33635157346725464
VTGN,0.3361538052558899
TCRT,0.3358108401298523
CETX,0.3342438042163849
SIMAU,0.33226561546325684
GRAF-U,0.33158496022224426
AFJK,0.3294318914413452
WHLR,0.3293600380420685
TLPH,0.32916969060897827
GYRO,0.32896676659584045
AUUD,0.3279901444911957
BNBX,0.32756346464157104
KVACU,0.3269343972206116
UAVS,0.3267156481742859
POLEU,0.3266582787036896
CIIT,0.3261061906814575
JOB,0.322177916765213
BESS,0.3217737376689911
SMX,0.321319043636322
BNZI,0.31474393606185913
OGEN,0.31400513648986816
FAMI,0.3130757510662079
DVLT,0.3129720985889435
VTAK,0.3128047287464142
TRSG,0.31108805537223816
MNYWW,0.3108219504356384
TLSIW,0.30984488129615784
CCTG,0.30912455916404724
IGC,0.30807366967201233
VGZ,0.3068506717681885
ODYS,0.3020835220813751
CRIS,0.3019167482852936
TNXP,0.30187276005744934
GPUS,0.3017403483390808
MBAVU,0.3004201352596283
EXOD,0.29950177669525146
NVVE,0.29711416363716125
MYSEW,0.29608938097953796
SDEV,0.29467082023620605
ENLV,0.2887325584888458
BULLW,0.2882430851459503
MOG-B,0.28763988614082336
QH,0.2858055830001831
BBLGW,0.28274866938591003
ASBP,0.27859818935394287
NTRBW,0.27751603722572327
MBBC,0.26754799485206604
RSVRW,0.2622583508491516
CCIXU,0.2576768696308136
PPCB,0.2573065459728241
KELYB,0.25707733631134033
GPATU,0.22038978338241577
CPHI,0.21997740864753723
CGTL,0.21283289790153503
JZ,0.211435005068779
HKIT,0.207116961479187
AEC,0.19016490876674652
SPKLU,0.18532554805278778
BKHAU,0.1811443716287613
PAVS,0.15618228912353516
WSO-B,0.15095913410186768
ANSCU,0.14786507189273834
NAMMW,0.13992416858673096
CCGWW,0.1124269962310791
SLAI,0.10950250923633575
NTCL,0.10231644660234451
QETAU,0.09664624184370041
AFJKU,0.0961591824889183
INHD,0.07351887971162796
NCRA,0.042849261313676834
BIO-B,0.040702056139707565
MI,0.04044334590435028
NIPG,0.0007668369798921049
INLF,1.453258902106569e-10
