ticker,next_day_probability
GPRK,0.9230532050132751
QRVO,0.856408417224884
BC,0.8463701605796814
BCC,0.840528666973114
SSD,0.8229343295097351
TY,0.8223394155502319
MRTN,0.8201897740364075
NDSN,0.8173850774765015
MAS,0.8164297938346863
REXR,0.8098422884941101
TRN,0.8079997897148132
WWD,0.8055136799812317
INTU,0.8022374510765076
AX,0.7999836802482605
UMC,0.7987502217292786
ASGI,0.7975454926490784
ALLY,0.7975302338600159
AVGO,0.791721522808075
SWKS,0.7893645763397217
BLDR,0.7868612408638
AI,0.7838225960731506
HAL,0.783236563205719
SD,0.7831168174743652
TVTX,0.7812485694885254
LEN,0.7772203087806702
TER,0.7759914398193359
UFPI,0.7757701277732849
BYD,0.7746914029121399
GFS,0.7736459970474243
CPAY,0.7736247181892395
XYZ,0.773241400718689
SPFI,0.7716806530952454
FCPT,0.7711074948310852
AAL,0.7648804187774658
NIE,0.7639562487602234
BLK,0.7634742856025696
CACC,0.7634063363075256
FBNC,0.7614649534225464
SM,0.7605501413345337
ACN,0.7600159049034119
MCB,0.7594704627990723
SKYW,0.7586081027984619
RH,0.7582277059555054
BANR,0.7575632333755493
RACE,0.7575185894966125
BZH,0.7492833137512207
WMS,0.7488396167755127
ATI,0.7480277419090271
EBS,0.7477582097053528
EPM,0.7471486330032349
ESNT,0.7413797378540039
SLB,0.7410560250282288
GRBK,0.7408428192138672
KMI,0.7398713231086731
FRBA,0.7397732138633728
TREX,0.737047016620636
VCTR,0.7359132766723633
CNX,0.7341712713241577
ENVA,0.7332866191864014
URBN,0.732352077960968
NWBI,0.7297062277793884
MRSH,0.729611337184906
COST,0.7292249202728271
HWM,0.7279562950134277
VMAR,0.727361261844635
MLI,0.7262888550758362
HLI,0.7250180244445801
AIN,0.7246530652046204
AVNS,0.7231186032295227
HMC,0.7209276556968689
MCBS,0.7198680639266968
SNA,0.7180328965187073
F,0.7167291641235352
HLF,0.7130019664764404
PHM,0.7109913229942322
DIOD,0.7092655897140503
JBI,0.7091790437698364
FULT,0.7090946435928345
TWST,0.7090850472450256
ADT,0.7085106372833252
KOP,0.7081215977668762
GABC,0.7075425386428833
GOF,0.7067979574203491
VERX,0.7062706351280212
BKV,0.7044708728790283
PGC,0.703670859336853
ROCK,0.7019402980804443
AGM,0.7017782926559448
RYZ,0.6993757486343384
UPST,0.6982822418212891
GPOR,0.6973148584365845
UVSP,0.696489691734314
GXO,0.695876955986023
PIPR,0.6957178115844727
IFF,0.6939033269882202
AMKR,0.6932550072669983
PHG,0.6932174563407898
GLW,0.6926906108856201
PNFP,0.6926627159118652
MLM,0.6912518739700317
TMHC,0.6903833746910095
JHX,0.689068615436554
TEX,0.688735842704773
RITM,0.6882415413856506
AIR,0.6866671442985535
IRM,0.6863966584205627
WRLD,0.6861367225646973
GBCI,0.685695469379425
RGT,0.6855360865592957
EVT,0.6853323578834534
FMBH,0.6830863952636719
LADR,0.6821630597114563
GD,0.6800369620323181
IBP,0.679901123046875
THW,0.6795056462287903
HAYW,0.6793867945671082
POWI,0.6792110204696655
JRS,0.678324818611145
CSQ,0.6779090762138367
MHO,0.6776279211044312
ZWS,0.6775021553039551
CAKE,0.675923228263855
HRB,0.6745995283126831
SMBC,0.6745374798774719
EPD,0.6735728979110718
AROC,0.6734732985496521
CCBG,0.6733113527297974
UBER,0.6729848384857178
PG,0.6709480881690979
MATW,0.6708554625511169
BLX,0.6701940894126892
AME,0.668978750705719
LGI,0.6689144372940063
TBBK,0.6680852174758911
SAN,0.6677756309509277
RKT,0.6667302846908569
SF,0.6660264134407043
VTS,0.6659020781517029
NOG,0.6658009886741638
APA,0.6657441258430481
V,0.6655944585800171
H,0.6646412014961243
TSLX,0.6643153429031372
CPA,0.663669228553772
CBAN,0.663454532623291
MTDR,0.663403332233429
BANF,0.6629342436790466
ALV,0.6627969741821289
BHB,0.6620270013809204
BOOT,0.6616806983947754
SAIC,0.6603147387504578
HRI,0.6600996255874634
WPP,0.6595873236656189
HD,0.6592189073562622
FCBC,0.6588561534881592
PTGX,0.6587916612625122
SWIM,0.6583487391471863
CWT,0.6583275198936462
RBLX,0.6579738259315491
GNRC,0.6579685211181641
FSK,0.6572107672691345
FIX,0.6567316651344299
LOVE,0.6564812660217285
ACLS,0.6561692357063293
J,0.6559581756591797
AAON,0.6558630466461182
TTE,0.6553189158439636
NCNO,0.654415488243103
HGV,0.6531343460083008
SKM,0.6524236798286438
IGA,0.6519788503646851
HBNC,0.6515699028968811
QCRH,0.6511852741241455
WFRD,0.6508883237838745
SN,0.6490966081619263
ATO,0.6488013863563538
CZNC,0.6487427949905396
WSM,0.6487422585487366
MT,0.6486641764640808
BBVA,0.6475828289985657
ACA,0.6470274925231934
OLED,0.6469948887825012
OVV,0.6467755436897278
NNN,0.6466805338859558
GETY,0.6461564898490906
M,0.6460100412368774
ZS,0.6459140181541443
AWR,0.645836591720581
WMB,0.645104169845581
GFF,0.6447353363037109
BRO,0.6444127559661865
BDJ,0.6434072256088257
WGO,0.6430166363716125
LMND,0.6430103778839111
TU,0.6424381136894226
MYI,0.6422981023788452
ENTG,0.6422200798988342
LBRT,0.6419517397880554
CURB,0.641857922077179
SFST,0.6418161988258362
ALAB,0.6418135166168213
JMIA,0.6417824029922485
CII,0.6407883167266846
NX,0.6401014924049377
NCLH,0.6399561166763306
SCCO,0.6397143602371216
ADAM,0.6396881937980652
JOUT,0.6394333839416504
HRZN,0.6392971873283386
ABM,0.6391938924789429
PEPG,0.638991117477417
LNC,0.6389458179473877
OIS,0.6389107704162598
WDC,0.6388543248176575
CMI,0.6388257741928101
GT,0.6387913227081299
LRCX,0.6386009454727173
TOL,0.6381399631500244
AGO,0.6378856897354126
NWPX,0.6378048062324524
OMF,0.6375024318695068
FRST,0.6373509764671326
MAIN,0.6373046040534973
TULP,0.6369993686676025
CXT,0.6369621157646179
BRSL,0.6367961764335632
WK,0.6367154717445374
SHW,0.6367084980010986
ASAN,0.6366812586784363
REPX,0.6364710927009583
MIDD,0.6357058882713318
LII,0.6352494955062866
RGEN,0.6349576711654663
SIMO,0.6348894834518433
QCOM,0.6348740458488464
CAC,0.6344432830810547
TXG,0.6343191862106323
PNNT,0.6342535018920898
CVBF,0.6341022849082947
PRKS,0.634097695350647
CDP,0.6338529586791992
MRVL,0.6337314248085022
FBRT,0.6331470012664795
FANG,0.6328351497650146
CNH,0.6323914527893066
ETD,0.6321645975112915
SKY,0.6316263675689697
DEO,0.6312744617462158
NWG,0.631263256072998
AGRO,0.6310456395149231
LEN-B,0.6307178139686584
VRSK,0.630678117275238
KSPI,0.6302174925804138
AGI,0.6298602223396301
HBCP,0.6293333172798157
GDV,0.628403902053833
BGR,0.627934455871582
TRNO,0.6272916793823242
GTY,0.6272176504135132
LLY,0.6272150874137878
AVNT,0.6271875500679016
FTI,0.6270079016685486
ABT,0.6269765496253967
PRM,0.6265169978141785
CARR,0.6263450384140015
CAE,0.6259390711784363
SPOK,0.6254463195800781
LEVI,0.6254160404205322
PMT,0.6252363324165344
DORM,0.6248999238014221
PDI,0.6242343187332153
HESM,0.6238909363746643
BLMN,0.6237906217575073
KRG,0.6235446333885193
QTWO,0.6231350302696228
ELAN,0.6230314373970032
APLE,0.6228529810905457
TILE,0.6225399971008301
ET,0.6223354935646057
AOD,0.6220307946205139
EFSC,0.6219999194145203
EPAC,0.6219426393508911
FIS,0.621685802936554
JBL,0.6214971542358398
MTUS,0.6209715604782104
AHRT,0.6202580332756042
BN,0.6202174425125122
KBH,0.620115339756012
NU,0.6199802160263062
XPRO,0.6199776530265808
NRG,0.6197726726531982
KNTK,0.6195803880691528
WTTR,0.6192729473114014
ARES,0.619076132774353
VIK,0.6189833879470825
ENLT,0.6188519597053528
WH,0.6183056235313416
MPWR,0.6179309487342834
GLNG,0.6174951195716858
KRUS,0.6162655353546143
CVX,0.616062343120575
HAE,0.6142325401306152
UNTY,0.6141530275344849
AFRM,0.6137333512306213
CPT,0.6136589050292969
LB,0.6136412620544434
EAT,0.6134135723114014
AMPY,0.6134098768234253
TG,0.6127779483795166
NVAX,0.6121042370796204
WRBY,0.6117004752159119
LEGH,0.6115913391113281
RS,0.6114479899406433
BHF,0.6113672256469727
YUM,0.611274242401123
WAFD,0.6112453937530518
COF,0.6112155914306641
ETON,0.6108789443969727
FWRG,0.6108201146125793
ULS,0.6105570197105408
RGA,0.6103788018226624
URI,0.6099203824996948
ITW,0.609621524810791
AM,0.6094286441802979
LOMA,0.6092597246170044
MGY,0.6090360283851624
OR,0.6089179515838623
MOD,0.6086778044700623
SLG,0.607246458530426
WHD,0.6071859002113342
UGI,0.6070481538772583
EGY,0.6069848537445068
ALGT,0.6067371964454651
CECO,0.6065185070037842
RL,0.6062690019607544
PMTU,0.6062184572219849
LDOS,0.60588538646698
GLV,0.6058165431022644
DIS,0.6057484745979309
CRK,0.6057456731796265
SCHL,0.6057125926017761
GSBC,0.6055555939674377
NMAI,0.6055172085762024
CRVL,0.6054838299751282
NGVT,0.6053212881088257
SBRA,0.6050699949264526
APAM,0.604958176612854
IDE,0.6047151684761047
WMK,0.6042792201042175
EXPO,0.6041433811187744
KALU,0.6040807962417603
BKNG,0.60371994972229
VREX,0.6030536890029907
LYG,0.6028197407722473
CMC,0.6027891635894775
NBR,0.6025354862213135
FR,0.6013368964195251
BKE,0.6013348698616028
FDS,0.6003807187080383
GLPI,0.5999528765678406
TRGP,0.5998932719230652
DOX,0.5998512506484985
PR,0.5994386672973633
NIC,0.5994234681129456
WES,0.5989038944244385
TSCO,0.5988481640815735
TGLS,0.5988432168960571
ALRS,0.5987189412117004
CR,0.5984658002853394
OII,0.5983768701553345
WMT,0.5982686877250671
DMLP,0.597996711730957
KIM,0.5972974896430969
PANW,0.5968537926673889
IT,0.5967656970024109
JBGS,0.5963519811630249
NOV,0.5963500738143921
PHIN,0.5961371660232544
BME,0.5959678292274475
ITIC,0.595960259437561
PKE,0.5957545638084412
CDNA,0.5956944227218628
HLT,0.5956577658653259
TPG,0.5954329967498779
MSBI,0.5954116582870483
FROG,0.5952079892158508
AMBA,0.5948694944381714
LYFT,0.5945190787315369
YALA,0.5944086313247681
MMYT,0.5943591594696045
PH,0.5942118763923645
BX,0.5941234827041626
ESS,0.5938271880149841
SBR,0.5936193466186523
FNF,0.5935958623886108
DLX,0.5935552716255188
BATRK,0.5929364562034607
THQ,0.5926559567451477
UNM,0.5920314788818359
SKT,0.5918707847595215
PBA,0.5916844606399536
STM,0.5914214253425598
IMMR,0.5909478664398193
NVR,0.5907034277915955
LPSN,0.5905711054801941
HAFN,0.5904573798179626
DCBO,0.590375542640686
BCBP,0.5900244116783142
ONC,0.5899108052253723
MTSI,0.5897716879844666
E,0.5895704627037048
CHKP,0.5894393920898438
HDB,0.5892119407653809
KGS,0.5891476273536682
BELFB,0.5889551639556885
EVR,0.5887075662612915
KKR,0.5886415243148804
HQH,0.5880911350250244
ADP,0.5880501866340637
OKE,0.5878034830093384
BBSI,0.5876078009605408
VLY,0.5873798131942749
TDAY,0.587316632270813
APYX,0.5869965553283691
UPS,0.5869297385215759
HOV,0.5867718458175659
SRCE,0.5866655707359314
DAL,0.5866461992263794
ICUI,0.5866084694862366
ALG,0.5858760476112366
IDYA,0.5857900381088257
PLD,0.585574746131897
VNOM,0.5853363275527954
ENOV,0.5853211283683777
BTU,0.5851718187332153
TURB,0.5849286317825317
GGZ,0.5847509503364563
TCBK,0.584632933139801
SPT,0.5846322178840637
AZTA,0.584623396396637
CAVA,0.5844899415969849
ACDC,0.5844207406044006
GLQ,0.5844178795814514
TPR,0.5842912197113037
NEOG,0.584205150604248
FBIN,0.5842023491859436
SON,0.5841606855392456
INSE,0.5840598344802856
BELFA,0.5839807987213135
ACAD,0.5839520692825317
OWL,0.5839473009109497
GM,0.5839442610740662
ASTH,0.5838963985443115
TRST,0.5836344361305237
LHX,0.583294689655304
LIF,0.5832335352897644
RES,0.583134114742279
STT,0.5830253958702087
ARCB,0.5829893946647644
RYAN,0.5829776525497437
ORC,0.5829216837882996
LCII,0.5825469493865967
NLY,0.5825389623641968
RNAC,0.5824300646781921
FWONA,0.5823376774787903
PGZ,0.5818378925323486
PCAR,0.5817900896072388
BVN,0.581712007522583
PCB,0.5816999077796936
UAL,0.581599235534668
LYTS,0.5815760493278503
MBIN,0.581175684928894
MNSO,0.580941915512085
CTAS,0.5809231400489807
KRYS,0.5801156759262085
FLG,0.5801047086715698
OPY,0.5800013542175293
FORM,0.5799010992050171
TEVA,0.5798949599266052
CET,0.5795177221298218
NVDA,0.579216718673706
AMT,0.5790389776229858
ADC,0.5789970755577087
CDRE,0.5789157152175903
KMB,0.5789090991020203
WOR,0.5786097049713135
EIM,0.5784265398979187
VTOL,0.5780152678489685
MSA,0.5778786540031433
EONR,0.5778137445449829
DGP,0.5777111053466797
SYF,0.5773690938949585
R,0.5773533582687378
BSRR,0.5772097706794739
ATRO,0.5766852498054504
RARE,0.5765522718429565
CPRX,0.5762641429901123
CVE,0.5760595798492432
HXL,0.5759115815162659
AER,0.5757580399513245
UNF,0.5757484436035156
CFR,0.5756970047950745
FLNC,0.5756325721740723
CUZ,0.5755316615104675
STRW,0.5752966403961182
CAH,0.5750552415847778
LTM,0.5750309824943542
RY,0.5749235153198242
MVBF,0.5748926401138306
LKFN,0.5746487975120544
CLBK,0.5743033289909363
ORRF,0.5741994380950928
CNM,0.5741572380065918
CRC,0.573857843875885
ALK,0.5737310647964478
MKSI,0.5736161470413208
KC,0.5736043453216553
FMNB,0.5733067393302917
GDDY,0.5732221603393555
RHI,0.5729165077209473
PAGS,0.5726473331451416
SHEN,0.5725961327552795
EQBK,0.572489321231842
HUBB,0.5723195672035217
DCI,0.5722520351409912
UCIB,0.5721002817153931
VET,0.5720571279525757
PSEC,0.5720291137695312
RCL,0.5719970464706421
RZC,0.5719863176345825
MMI,0.5718094110488892
TRI,0.5711832046508789
BOC,0.5710312128067017
COLB,0.5710256695747375
BAR,0.5709452033042908
NPFD,0.5709303021430969
KLAC,0.5709121823310852
SU,0.5709016919136047
ATR,0.5708624720573425
BJRI,0.5707861185073853
STX,0.5706223249435425
VRNS,0.5702094435691833
GRN,0.5701301693916321
NSSC,0.5699906349182129
CTO,0.569654643535614
IBTA,0.5696513056755066
NWFL,0.5695907473564148
GATX,0.5695103406906128
KGC,0.5692879557609558
BFC,0.5691713094711304
HOOD,0.5690418481826782
NXRT,0.5689952969551086
MLKN,0.5689759254455566
JHI,0.5689496397972107
CCL,0.5689087510108948
LULU,0.5688938498497009
VLGEA,0.5687184929847717
AIZ,0.568546712398529
SHEL,0.5682995319366455
RRC,0.5681438446044922
FTAIM,0.5681031942367554
ARMK,0.568073570728302
KEX,0.5680567622184753
CARS,0.5679985880851746
FAF,0.5677698850631714
EXPE,0.5676681399345398
DLR,0.5674647092819214
CAPR,0.567158043384552
PAYX,0.5668922662734985
PBR,0.5667223334312439
FSBC,0.5662689208984375
WLY,0.5662180185317993
IGR,0.5660523176193237
EGP,0.5657305121421814
CORT,0.5657076835632324
ORLY,0.5656514763832092
SGHT,0.5656383037567139
CMPR,0.5655903220176697
AJG,0.5655725598335266
ENB,0.565482497215271
SR,0.565422534942627
KF,0.565226137638092
GIL,0.5651604533195496
BRKR,0.5649678111076355
ATHS,0.5648475885391235
RGS,0.5648159980773926
DDOG,0.5647358894348145
LAZ,0.5647357106208801
AMR,0.5646799802780151
ATRA,0.5646625757217407
FISI,0.5645971298217773
ARWR,0.5643414258956909
OPCH,0.5643391013145447
MCHB,0.5642861723899841
SBSI,0.5642749071121216
RTO,0.5641404986381531
PUMP,0.5639457106590271
TFX,0.563929557800293
MU,0.5639201402664185
WSO,0.5638329982757568
GEF-B,0.5636520981788635
MORN,0.563547670841217
WHFCL,0.5633981227874756
LBTYA,0.5632979869842529
FSM,0.5630905032157898
RHP,0.5630261898040771
QXO,0.5629833340644836
AXON,0.5628891587257385
HEI,0.5627984404563904
EFC,0.5627841353416443
BFH,0.5627353191375732
REI,0.5627347230911255
BWFG,0.562515914440155
FUN,0.5623875260353088
PRU,0.5623380541801453
EXP,0.5621593594551086
AU,0.5621345043182373
APG,0.5618380308151245
CORZ,0.5615753531455994
NXG,0.5615258812904358
CMSC,0.5613487958908081
GAB,0.5611874461174011
UAN,0.5610294938087463
DAVA,0.5610228776931763
NUE,0.5609225630760193
SRV,0.5607901811599731
EH,0.5607526302337646
JXN,0.5607485771179199
ONT,0.5603792071342468
VST,0.5603758692741394
FE,0.5602679252624512
DB,0.5600761771202087
BF-B,0.560046374797821
WBD,0.5598757266998291
HTH,0.5596718788146973
CLAR,0.5596612691879272
LIVN,0.5596537590026855
GLAD,0.5596499443054199
SBAC,0.559636652469635
BXC,0.5595987439155579
MYFW,0.5593962073326111
STWD,0.5593262910842896
CL,0.5592406392097473
CARG,0.5592244863510132
ALLE,0.5592007637023926
ACT,0.5589472651481628
CNR,0.5587776899337769
SYK,0.5585458278656006
PDX,0.5585131645202637
PCN,0.5583954453468323
ESQ,0.5578763484954834
RYAAY,0.5577143430709839
MNSB,0.557468056678772
FNV,0.5573819279670715
PRMB,0.5572065711021423
HVT,0.5569117069244385
AEHR,0.5568844676017761
CVRX,0.5567320585250854
GL,0.5565081238746643
INTA,0.5564298033714294
EDD,0.5564177632331848
IBM,0.5563595294952393
JAKK,0.5563507080078125
CRDO,0.556184709072113
STRL,0.5561795830726624
TMDX,0.556118369102478
GCBC,0.556074321269989
PFGC,0.5560736060142517
ATMP,0.5558732748031616
MLR,0.555869460105896
PATK,0.5558531880378723
EMO,0.5557668209075928
DTB,0.5555112957954407
BTE,0.5553681254386902
KLXE,0.5553101301193237
NAD,0.5552329421043396
SAY,0.5552111268043518
CCAP,0.5551121830940247
FCN,0.5548125505447388
MNR,0.5546354055404663
RXST,0.5545293092727661
STVN,0.5544615387916565
CCO,0.5542277097702026
FBIZ,0.5541340112686157
ROL,0.5540180802345276
TYRA,0.5539827346801758
IP,0.5538776516914368
LOGI,0.5537561178207397
EE,0.5535510182380676
ETB,0.5535321235656738
MQ,0.5535138249397278
MBWM,0.5533657670021057
MNKD,0.5533656477928162
LNN,0.5528115630149841
MCRI,0.5527486205101013
ANNA,0.5526949763298035
CELH,0.5526618957519531
PRDO,0.5526600480079651
PLTK,0.5523903965950012
SLM,0.5523600578308105
MERC,0.5520117878913879
COP,0.5519757866859436
AFB,0.5518110394477844
CVLG,0.551782488822937
CHCI,0.5517750978469849
HUM,0.5517727136611938
SSB,0.5516713857650757
NMRK,0.5516375303268433
WST,0.5515899658203125
STLD,0.5514681339263916
CASY,0.5514639616012573
KRT,0.551363468170166
CRH,0.5512073040008545
FFIV,0.5509958863258362
CG,0.5508760213851929
ERC,0.5508573055267334
OPTX,0.5507987141609192
WTBA,0.5506333708763123
MUX,0.550549328327179
HCA,0.5504932999610901
WNC,0.5503954291343689
ECF,0.5503795742988586
AN,0.550360381603241
UTMD,0.5500872135162354
CARE,0.5499832630157471
HQY,0.5497711896896362
ADBE,0.5496503710746765
PEO,0.5496007204055786
NWN,0.5496006011962891
TKNO,0.5496003031730652
NWE,0.549264669418335
EMR,0.5490067005157471
OSBC,0.5490043759346008
FMAO,0.5487927794456482
NI,0.5487293004989624
RGR,0.5486640334129333
HAFC,0.5486183166503906
RWTN,0.5484933257102966
ITUB,0.5484023690223694
NEWT,0.5483617186546326
DGXX,0.5482411980628967
RWTO,0.5481985807418823
DHI,0.5480362176895142
PINE,0.5479863286018372
TCBI,0.5479642152786255
FHB,0.5478661060333252
GNE,0.5476179122924805
AEM,0.5475029349327087
MITP,0.5474933385848999
HTLD,0.547374427318573
BEKE,0.5473043918609619
DASH,0.547173023223877
PSKY,0.5471596717834473
ALX,0.5471581220626831
AGNT,0.54670649766922
VRTX,0.5464718341827393
RNP,0.5464631915092468
LUV,0.5462446808815002
BNT,0.5462439060211182
PBR-A,0.5461123585700989
TT,0.5460813045501709
QUAD,0.5459990501403809
JBSS,0.5458812713623047
ACNB,0.5458682775497437
BKR,0.5457444190979004
ETO,0.5455424785614014
UE,0.5455279350280762
PFLT,0.5454954504966736
RDWR,0.545415997505188
ONON,0.5453853607177734
BWIN,0.5453584790229797
MLP,0.5453036427497864
CSV,0.5452893972396851
BILI,0.5451250672340393
EA,0.5449715256690979
MITK,0.544873058795929
NRO,0.5447995662689209
LMB,0.5447350144386292
AEG,0.5447269082069397
SAZ,0.544545590877533
OLLI,0.5445379614830017
SGI,0.5444095730781555
RMBS,0.5444086790084839
CBNK,0.5443834662437439
GWRE,0.5440155267715454
AMUB,0.5437108278274536
JD,0.5436605215072632
TK,0.5435827970504761
AIP,0.5434555411338806
LFMD,0.5433969497680664
PPTA,0.5433847904205322
CHD,0.5432947874069214
ACCO,0.5432849526405334
PTLO,0.543249249458313
MTG,0.5431743264198303
TRINI,0.5430676341056824
LSCC,0.5430666208267212
CP,0.5430017113685608
PPC,0.5429383516311646
EEA,0.5428053736686707
PFIS,0.542762279510498
BMEZ,0.5426883697509766
UNB,0.5426539778709412
RVMD,0.5425905585289001
UFPT,0.5423625111579895
RSG,0.5421252250671387
TMUS,0.542011022567749
SCM,0.5418967008590698
BSTZ,0.5418839454650879
PRCT,0.5417603254318237
UHT,0.5416634678840637
RVLV,0.5416556000709534
GRNT,0.541545569896698
GTLS,0.5413719415664673
BOE,0.5413417816162109
FWONK,0.5413004159927368
UTL,0.5412223935127258
ASR,0.5411784648895264
NEWTH,0.5410791635513306
GMED,0.5406098961830139
IQI,0.5403986573219299
RPM,0.5403180718421936
DRI,0.5400848984718323
SWBI,0.5399067401885986
JOYY,0.5398693680763245
NFG,0.5398442149162292
RRR,0.5398331880569458
LAMR,0.5396369099617004
FDBC,0.5394260883331299
NEE,0.5392356514930725
XPOF,0.5389770865440369
CMTG,0.538897693157196
FTCI,0.5388495922088623
ABXL,0.5388216376304626
PSMT,0.5387470722198486
AMRX,0.5382273197174072
NMIH,0.5381363034248352
MTH,0.5380339622497559
FTAI,0.5380286574363708
VLO,0.5380235910415649
BSAC,0.5380032062530518
RUSHB,0.5379976630210876
HPF,0.5379376411437988
MRCY,0.537880003452301
CRGY,0.5378685593605042
INN,0.5378554463386536
ZION,0.5377325415611267
RLGT,0.5377314686775208
SAT,0.5376586318016052
TM,0.5375576019287109
KNX,0.5374656915664673
SAJ,0.5373736619949341
BEAG,0.537303626537323
TX,0.5372932553291321
S,0.537286102771759
YORW,0.5370481610298157
EMBJ,0.5370157957077026
ASB,0.5370103716850281
GKOS,0.5367798209190369
OGS,0.5367507934570312
BHFAM,0.5366402268409729
WING,0.536583423614502
AVT,0.5363996028900146
ACRE,0.5363551378250122
MDV,0.5362976789474487
BIPC,0.5362182259559631
BLFS,0.536162793636322
BBWI,0.536161482334137
AOMR,0.5360919833183289
NTRA,0.5359689593315125
CW,0.5358872413635254
CHT,0.5357840061187744
FOR,0.5356402397155762
KTB,0.5355490446090698
CVLT,0.53551185131073
CWST,0.5354687571525574
ZENA,0.5354441404342651
GPC,0.5353677868843079
MEOH,0.535304069519043
XMTR,0.5352435111999512
ARCC,0.5352205634117126
WTW,0.5351772904396057
AGNCL,0.5351614952087402
JRI,0.5350316762924194
TLK,0.5350155830383301
EFX,0.5349273085594177
AOS,0.5349268317222595
PBT,0.5349105000495911
VFL,0.5348548293113708
CNQ,0.534789502620697
WPM,0.5346346497535706
BCH,0.5344352722167969
ALCO,0.534234881401062
RELL,0.5341898202896118
CACI,0.5341300368309021
SCCF,0.534114420413971
SRBK,0.5338957905769348
FTDR,0.5338717103004456
NPK,0.5337761640548706
MOV,0.5337645411491394
ABSI,0.5337557792663574
ZETA,0.5336166024208069
PTA,0.5335327982902527
ABOS,0.5334612727165222
ACHC,0.5333981513977051
ROAD,0.5332733392715454
FLGT,0.5331997871398926
RNST,0.5331002473831177
UFCS,0.5328736901283264
VSEC,0.5328174829483032
SLGN,0.5327712893486023
ATEN,0.5326821208000183
NBN,0.5326632261276245
PTON,0.5324260592460632
DMRC,0.5323468446731567
HNI,0.5323346853256226
CVCO,0.5323280692100525
BDCZ,0.5323212146759033
VECO,0.5322489142417908
EQT,0.5321493148803711
AQNB,0.5320494174957275
NVCT,0.5319338440895081
FOF,0.5319252014160156
PSF,0.5318909883499146
BIPJ,0.5318789482116699
ISRG,0.5317609310150146
AXIL,0.5317243933677673
CLPR,0.5316767692565918
ASPN,0.5316530466079712
DJP,0.5315887331962585
RBCAA,0.5315636992454529
SUPN,0.5313857793807983
CUBI,0.5313601493835449
ASUR,0.5312561392784119
BUD,0.5311848521232605
UNFI,0.5311334729194641
BATRA,0.5308976769447327
GUG,0.530847430229187
CLX,0.5308247208595276
CHRW,0.5308124423027039
AMCR,0.5307649970054626
CGAU,0.5307551622390747
GEF,0.5307081341743469
CIMN,0.5305705666542053
TARA,0.5304145812988281
ELC,0.5304003953933716
BWB,0.5303748250007629
NSA,0.5302510261535645
IART,0.5302388668060303
INVX,0.5301023721694946
IDR,0.5300129055976868
YETI,0.5299968123435974
SXC,0.529981791973114
CALM,0.5299493074417114
TRMK,0.529740035533905
CSW,0.5297049880027771
FULTP,0.5294166207313538
EBAY,0.5293871760368347
DBRG,0.5292807817459106
RSF,0.5291941165924072
SOFI,0.5291733145713806
EGO,0.529172956943512
SBH,0.5291510224342346
TNGX,0.5291203856468201
LLYVA,0.5291048884391785
MD,0.5290352702140808
MCK,0.529006838798523
INGR,0.5287042260169983
AZO,0.5285524129867554
CPZ,0.528507649898529
LYV,0.5284906029701233
MKC,0.5284854173660278
VIV,0.5282986164093018
BWAY,0.5282571911811829
VSTS,0.5282195806503296
TXRH,0.52818763256073
FINV,0.528142511844635
PDPA,0.528114914894104
RUSHA,0.528080940246582
CRESY,0.5280355215072632
EXK,0.5279325842857361
SNOW,0.5277882218360901
TSBK,0.5277755260467529
AVNW,0.5277346968650818
SAMG,0.5275005102157593
CFFI,0.5274561643600464
DVA,0.5273438096046448
OSG,0.5272546410560608
AR,0.5271211862564087
ABCB,0.527104914188385
KO,0.52702397108078
FRME,0.5269489884376526
NFBK,0.5269303917884827
AWK,0.5269155502319336
SOJC,0.5268455743789673
SMRT,0.5268252491950989
MCO,0.5267795920372009
SHG,0.5267739295959473
LCNB,0.5266513228416443
PJT,0.52663254737854
NOC,0.5265429615974426
GLU,0.5264529585838318
XP,0.5264336466789246
AMCX,0.5264293551445007
ESTA,0.5262312889099121
TIPT,0.5261747241020203
BBT,0.5261528491973877
CGNX,0.5261523127555847
UZF,0.5261224508285522
TPL,0.5261157155036926
PACK,0.526108980178833
DSGX,0.5260361433029175
LW,0.525959312915802
BA,0.5259425044059753
CDLR,0.5258492231369019
CNMD,0.5257968902587891
MSDL,0.5257786512374878
AVBP,0.5257163643836975
COHN,0.5255782008171082
OBT,0.5254254937171936
ATLCP,0.5253881216049194
MOG-A,0.5253092646598816
ACMR,0.525301456451416
HSBC,0.5252077579498291
HMY,0.5251286029815674
PAAS,0.5249946713447571
AESI,0.524968147277832
PAM,0.5248748660087585
FCEL,0.5248598456382751
SONY,0.5248585343360901
VLYPO,0.5248504877090454
PSA,0.524803102016449
SMID,0.5246842503547668
OPLN,0.5246062278747559
PDLB,0.5245746374130249
INFY,0.5245394706726074
PDFS,0.5244951844215393
NATH,0.524283766746521
OXLCN,0.5242221355438232
CPS,0.5241686105728149
OPRT,0.5241061449050903
XPER,0.524084746837616
AD,0.524013876914978
VITL,0.523933470249176
DNP,0.5238732099533081
NATR,0.5238531231880188
EPR,0.5238195657730103
ACR,0.5237179398536682
ECPG,0.5237123370170593
OSTX,0.523662805557251
BPRN,0.5236485600471497
TYG,0.523624062538147
SCCD,0.523435652256012
GE,0.5234247446060181
FIVE,0.5232671499252319
GIS,0.5232519507408142
CPBI,0.5232172608375549
KVAC,0.5231651067733765
KAI,0.5231003165245056
LNTH,0.5230509638786316
BMI,0.5228529572486877
NXPI,0.5227154493331909
HCC,0.5226633548736572
SCCE,0.522564172744751
CXM,0.5225628018379211
TJX,0.5225136876106262
TNL,0.5225133895874023
ROST,0.5224091410636902
CCRN,0.5222523212432861
UTF,0.5221552848815918
GGN,0.5221096873283386
GME,0.5220893621444702
ASTL,0.5220797061920166
ANF,0.5220462083816528
GRVY,0.5219489336013794
RGLD,0.5218198895454407
RBA,0.5217146277427673
EFXT,0.521571159362793
OCSL,0.5215352773666382
SE,0.5215223431587219
HHH,0.5213866829872131
CELC,0.5212569236755371
FLEX,0.5212532877922058
APOG,0.5212080478668213
TRINZ,0.5210756063461304
SHBI,0.5209853053092957
WDI,0.5209268927574158
VEL,0.5209242105484009
KHC,0.5208908915519714
JGH,0.5206913352012634
VNET,0.5206801891326904
COCO,0.5204483270645142
QXL,0.5204379558563232
GILD,0.5203661322593689
AMTB,0.5203431248664856
OVLY,0.5203071236610413
ALNT,0.5202845931053162
FDUS,0.5202229619026184
NAVI,0.5200861096382141
GRND,0.5200854539871216
PLPC,0.5200747847557068
ADAMM,0.5200442671775818
PWP,0.5200038552284241
DOUG,0.5199742913246155
NEXA,0.5198851227760315
AGCO,0.5197732448577881
ACEL,0.5197697877883911
CSL,0.5196179151535034
BLCO,0.5195168256759644
CWK,0.5194958448410034
KROS,0.5194866061210632
SPXX,0.519457221031189
WHF,0.5194531679153442
AGNCM,0.519439160823822
BGT,0.5193929672241211
P,0.5193566679954529
EXEL,0.5193340182304382
GBTG,0.5193146467208862
LIN,0.5193067193031311
BAM,0.5192605257034302
ZLAB,0.5191938281059265
BSL,0.5191839337348938
NPCE,0.5191746354103088
WSC,0.5191128253936768
XNCR,0.5190844535827637
ARQT,0.519059419631958
CRAI,0.5189540386199951
UMBF,0.5189127326011658
GRAB,0.5188779234886169
BKH,0.5188751220703125
DIN,0.518855094909668
CHCT,0.5187709927558899
PLUR,0.518756091594696
MNST,0.5185512900352478
AIRJ,0.5185508131980896
MGTX,0.51838618516922
KOD,0.5182688236236572
HSHP,0.5179039239883423
CTRI,0.5178672671318054
AB,0.5178353786468506
EIC,0.5177851915359497
FLYW,0.5176672339439392
ANRO,0.5176565051078796
QLYS,0.5176225304603577
STLA,0.5176213383674622
AAUC,0.5176182389259338
NVCR,0.5174980163574219
MITN,0.5174068808555603
MHD,0.517363965511322
LXEO,0.5173335075378418
OXLCO,0.517296552658081
VGM,0.5172767043113708
DGX,0.5171288251876831
VSAT,0.5170697569847107
OSIS,0.5167773962020874
CQP,0.5167469382286072
IMO,0.5167343616485596
VHI,0.5167136192321777
SII,0.5166921019554138
BROS,0.5166665315628052
PFO,0.5166402459144592
LAUR,0.5166202783584595
PODD,0.5166091322898865
CNO,0.5165066123008728
WDS,0.5164969563484192
ARLP,0.5162980556488037
OBDC,0.5162218809127808
ONIT,0.5161957740783691
VIST,0.516144335269928
CYTK,0.5160591006278992
CHW,0.5159419178962708
OPP,0.5158750414848328
JMSB,0.5158374309539795
TW,0.5158081650733948
INGN,0.5155370831489563
CION,0.5155208706855774
KRRO,0.5154128670692444
ESRT,0.5153495669364929
GRABW,0.5152992606163025
SRRK,0.5151841640472412
HPK,0.5151332020759583
IPX,0.5150630474090576
MFAN,0.515045166015625
ZSTK,0.515005350112915
TCPC,0.5149093866348267
JCE,0.5149003267288208
LLYVK,0.5148904919624329
FIZZ,0.5148705840110779
PMTS,0.514867901802063
AGNCP,0.5148267149925232
DECK,0.5148240327835083
KTN,0.5147831439971924
RDDT,0.5147338509559631
CLPT,0.5147160887718201
CE,0.5146753191947937
BUI,0.5146728754043579
IBCP,0.5146374106407166
USLM,0.5145761966705322
MAX,0.5144365429878235
HTGC,0.5142831206321716
NRIM,0.5141335129737854
WKC,0.5137612819671631
FMY,0.5137578845024109
BCX,0.5137454867362976
SABR,0.513731062412262
HP,0.5137288570404053
LPBBU,0.5137102603912354
BHRB,0.5136975049972534
STBA,0.5136163234710693
RIVN,0.5135020017623901
IIF,0.5133628845214844
EEX,0.5133498311042786
TDS,0.5133352279663086
RBBN,0.5132944583892822
BAP,0.5132472515106201
FMN,0.5131881237030029
MYN,0.5131805539131165
NZF,0.5131404399871826
FDSB,0.5130794048309326
PM,0.513073205947876
AGNC,0.5130534768104553
NWL,0.5130252242088318
IONS,0.5129548907279968
CFG,0.5129435062408447
HBANL,0.5129054188728333
PLGO,0.5128570199012756
BEPJ,0.5127597451210022
IIM,0.5127288103103638
STRS,0.5127209424972534
CRDF,0.5126832723617554
FSBW,0.5125910043716431
EC,0.5125343799591064
FRA,0.5124926567077637
FBLA,0.5124626755714417
MQY,0.5123984217643738
VVX,0.5123836994171143
SPSC,0.5123621821403503
CHSCP,0.5123385190963745
IBN,0.5122970342636108
ASBA,0.5122069120407104
TDW,0.5121741890907288
CRVS,0.5121496319770813
PFD,0.5121343731880188
BBW,0.5120522379875183
FOUR,0.5120223164558411
PFSI,0.5118725299835205
NVG,0.5117031931877136
WYY,0.5116891264915466
MA,0.5114345550537109
NXP,0.5114206671714783
NEWTI,0.5114143490791321
XENE,0.5113825798034668
MHNC,0.5112614035606384
BEP,0.5112374424934387
LE,0.5112349390983582
DOLE,0.5111462473869324
BF-A,0.5111185908317566
DPG,0.5110325217247009
W,0.5109891891479492
AOMN,0.510980486869812
COR,0.5109490752220154
CGBD,0.5109381079673767
MAC,0.5109034776687622
AGX,0.5108258724212646
LOAR,0.5107994675636292
HFWA,0.5107510089874268
EFT,0.5107353329658508
PAG,0.5106318593025208
APLD,0.5105961561203003
HUHU,0.5105456709861755
NEXM,0.5105260014533997
GAIA,0.5104790329933167
ECL,0.510449230670929
EQX,0.5103875398635864
EP,0.5103460550308228
ROG,0.5102689266204834
MG,0.5102469325065613
VRT,0.5102455615997314
HUBG,0.5102375149726868
ATEC,0.5101327300071716
PLBC,0.5101258158683777
SWX,0.5100506544113159
METC,0.5100134015083313
ONBPP,0.5099973082542419
FG,0.50997394323349
ROKU,0.5097569823265076
WASH,0.5097372531890869
CWCO,0.5096260905265808
ALGM,0.5096147060394287
GEOS,0.509588897228241
CHSCL,0.5095456838607788
FCNCA,0.5095414519309998
MDGL,0.5094239115715027
AMX,0.5093985199928284
FER,0.509353518486023
TFPM,0.5092390179634094
PCVX,0.5092089772224426
HRMY,0.5091797709465027
ELE,0.5091784000396729
CRL,0.5091755390167236
SIRI,0.5091005563735962
LRN,0.5090907216072083
NE,0.509040892124176
COMP,0.5089046955108643
RITR,0.5087615251541138
CEV,0.5086004137992859
CPHC,0.5085925459861755
ETW,0.5085006356239319
GSK,0.5084686875343323
OEC,0.5084671378135681
CMBT,0.5084614157676697
SKWD,0.5083503723144531
ACI,0.5083262324333191
DRD,0.5082759261131287
COLD,0.5082148909568787
AXTA,0.5082003474235535
FCNCO,0.5081983208656311
GFI,0.508122980594635
LMAT,0.5081074833869934
RWAYL,0.5079444050788879
REYN,0.5078384280204773
HTB,0.5078195333480835
AXS,0.5078185200691223
UG,0.5077212452888489
JACK,0.5076736211776733
PDO,0.5075506567955017
HELE,0.5075264573097229
TSLA,0.5074542164802551
MCI,0.5073848962783813
SNTI,0.507355809211731
ADAML,0.5072938203811646
DOO,0.5072530508041382
GAIN,0.5071678161621094
FSTR,0.5071379542350769
NMR,0.5071190595626831
GDOT,0.5070930123329163
RRBI,0.5070486664772034
IGI,0.5069229006767273
NSP,0.5068889260292053
AFGB,0.506833553314209
UNIT,0.5068126916885376
MKC-V,0.5068028569221497
APOS,0.5067023634910583
FC,0.5066822171211243
CICB,0.5064458847045898
REGCO,0.5063949227333069
TWN,0.5063947439193726
IMPP,0.5063466429710388
GOODN,0.5063314437866211
MHK,0.5063128471374512
LPLA,0.5062060952186584
OBE,0.5061610341072083
ECOR,0.5060121417045593
AGNCO,0.5059770941734314
DLY,0.5059638023376465
ANNX,0.5059623122215271
VOC,0.5059495568275452
AON,0.5059363842010498
TSQ,0.5059255361557007
AMGN,0.5059225559234619
MFIN,0.5059146285057068
FGN,0.5058922171592712
JHS,0.5057543516159058
CRWD,0.5057440996170044
AKAM,0.5057298541069031
ECG,0.5056984424591064
MAKO,0.5056754946708679
IRTC,0.5056412816047668
SCCG,0.5055351257324219
VMD,0.5055047869682312
CIMO,0.5054743885993958
AUDC,0.5054554343223572
JSM,0.5053698420524597
POST,0.5052847862243652
BEPH,0.505272626876831
EMN,0.5052545070648193
ROK,0.5052059888839722
RMBI,0.505129337310791
ADAMI,0.5050921440124512
LVWR,0.5050727128982544
VTN,0.5050052404403687
GLP,0.5049297213554382
BWA,0.5049273371696472
TRIN,0.5048642754554749
SUN,0.5048324465751648
SPOT,0.5048049092292786
TKO,0.5047317743301392
FRPH,0.5047222971916199
SACH,0.5046829581260681
DDS,0.5046718716621399
GIC,0.5045415163040161
FENC,0.5045085549354553
MOGU,0.5044912099838257
LNG,0.5044338703155518
BHK,0.5043745040893555
AXIA,0.504365086555481
MEI,0.5043343305587769
NVA,0.5042830109596252
WHLRP,0.5042682886123657
ACH,0.504183292388916
COHR,0.5041100382804871
ACTU,0.5040930509567261
NTRS,0.5040885210037231
ASC,0.5040870308876038
PAA,0.5040799379348755
XPO,0.5040717124938965
BGY,0.5040199160575867
FTNT,0.5039957165718079
PCF,0.5039615035057068
LPG,0.5039613246917725
SPH,0.5038909912109375
USPH,0.5038760900497437
PCM,0.5038155317306519
GCO,0.5037347674369812
OXLCI,0.5037184953689575
NVGS,0.5037131905555725
HOFT,0.5036871433258057
CHSCO,0.5036804676055908
DSU,0.5036706924438477
CHH,0.5035238265991211
NAC,0.5034574270248413
SBGI,0.503447949886322
IPI,0.503432035446167
WVE,0.5033519268035889
INCY,0.5033444166183472
LANDP,0.5033076405525208
TAYD,0.5032634735107422
SLVM,0.5032250881195068
AS,0.5031771063804626
OFG,0.5031730532646179
JANX,0.5031519532203674
FBIOP,0.5031446218490601
ALMU,0.5030425190925598
EDF,0.5030034780502319
GWW,0.5029627084732056
PRAA,0.5029212236404419
DKNG,0.5028032660484314
CRBD,0.5027838945388794
CVEO,0.5027360916137695
A,0.5026572346687317
RM,0.5026569962501526
IRMD,0.5026025176048279
SFNC,0.5025437474250793
IFS,0.502419650554657
PAGP,0.5023937225341797
ATAI,0.5023930668830872
MRX,0.5023897290229797
ESOA,0.5023228526115417
NSIT,0.5023065805435181
LMT,0.5023001432418823
VBF,0.502271831035614
XPEL,0.5022481083869934
SLMBP,0.5022467374801636
DBL,0.5021970868110657
MSGE,0.5021905899047852
DMB,0.5021777749061584
GEL,0.5020570158958435
GO,0.5020355582237244
SLAB,0.5020334720611572
NG,0.5019832253456116
CNF,0.5019035935401917
ALVO,0.5018113255500793
CHE,0.5017616152763367
HUYA,0.5017094016075134
TIMB,0.5016862750053406
AEON,0.5016608834266663
PAYC,0.5016289353370667
DBD,0.5015550255775452
CME,0.5014921426773071
GGB,0.5014184713363647
WSBF,0.5014041066169739
GNT,0.5013656616210938
MGRC,0.5012940168380737
PEN,0.5012657642364502
NHPBP,0.5012497901916504
AFGC,0.5011946558952332
MCS,0.5011926293373108
B,0.5011677742004395
BDSX,0.5011638402938843
MESO,0.5011459589004517
MDLZ,0.5010952949523926
MIST,0.5010718107223511
AORT,0.5009708404541016
JQC,0.5009377598762512
BAX,0.5009340643882751
NBH,0.5008621215820312
KMPB,0.5008541345596313
PFS,0.5008367896080017
NHTC,0.5007611513137817
RIG,0.500748872756958
VFS,0.5006707906723022
JLL,0.5005891919136047
SPRY,0.5005742907524109
META,0.500537633895874
SEVN,0.5005370378494263
LAKE,0.5005365610122681
NATL,0.5003567934036255
ASND,0.500318169593811
ELMD,0.5003046989440918
KNSA,0.5002129673957825
LECO,0.5001929998397827
AGNCN,0.5001780986785889
BWMN,0.5001772046089172
DEI,0.5001335144042969
TRV,0.5000851154327393
SG,0.5000198483467102
NMI,0.49981003999710083
CPB,0.4997282326221466
CTKB,0.4997260272502899
FLYX,0.49963894486427307
MBINL,0.4996282756328583
CZWI,0.4995288550853729
AKO-B,0.49947425723075867
BGH,0.4994537830352783
AP,0.4993896782398224
HPS,0.4993738532066345
AHR,0.4993446171283722
BHV,0.4993172585964203
OFS,0.4992748200893402
EVF,0.49926483631134033
KLIC,0.4992235004901886
FUTU,0.49918332695961
KYMR,0.49917322397232056
NMFCZ,0.4991697669029236
ATOM,0.4991690516471863
NVO,0.4991249740123749
DRS,0.4990912675857544
MANU,0.4990623891353607
ARHS,0.49903661012649536
VTMX,0.49901536107063293
XOMAO,0.49900034070014954
BAND,0.4989681839942932
LSF,0.49895957112312317
HNNA,0.49892720580101013
CTGO,0.4988352954387665
TARS,0.4987886846065521
BLTE,0.49876880645751953
TOST,0.49874770641326904
AAPL,0.49871739745140076
PODC,0.49870729446411133
IBEX,0.4986894130706787
ECCU,0.49866119027137756
JFIN,0.4984734356403351
VCYT,0.498444527387619
UPBD,0.49844369292259216
PGNY,0.4983978569507599
ARVN,0.49839311838150024
DTM,0.49836209416389465
WTFC,0.49824076890945435
THFF,0.49823078513145447
LGND,0.49822261929512024
MXE,0.4982052147388458
EGAN,0.4981386959552765
LBRDP,0.49813586473464966
ITRN,0.49813124537467957
PETZ,0.498106986284256
CCU,0.4980952739715576
ECCV,0.49803411960601807
FTV,0.4980248510837555
MPV,0.4980114698410034
LPX,0.49800676107406616
TXNM,0.4979887306690216
NML,0.4979741871356964
KKRS,0.49797323346138
CTRE,0.4979172945022583
LARK,0.4978460371494293
MED,0.49784302711486816
HTLM,0.49784278869628906
BRID,0.49781471490859985
APTV,0.4977640211582184
ORIC,0.4977177083492279
NVS,0.4976955056190491
VSH,0.4976314902305603
IAG,0.4976195693016052
HEI-A,0.4976128339767456
FLC,0.49759984016418457
ABNB,0.49759939312934875
FBK,0.49758780002593994
BLKB,0.49751344323158264
PRS,0.4975103735923767
OTEX,0.49744653701782227
NYAX,0.49742162227630615
IVZ,0.4973524510860443
HEQ,0.4972260296344757
HWCPZ,0.4971967935562134
CLMB,0.49713191390037537
VOR,0.4971155524253845
USAU,0.4970461428165436
HCKT,0.49683600664138794
DUKB,0.49680835008621216
CASS,0.4967997074127197
TAK,0.49678316712379456
BWLP,0.4967786967754364
MXF,0.49667832255363464
SBS,0.4966718554496765
SHOO,0.49660077691078186
INBKZ,0.4965001344680786
INNV,0.4964919686317444
GAINI,0.4964384138584137
ICL,0.4964008927345276
GBFH,0.4962751269340515
DV,0.4962107837200165
SMCI,0.4961773157119751
ULCC,0.49615055322647095
BTSGU,0.4960746169090271
PNTG,0.49604445695877075
SENEA,0.4959569573402405
INSP,0.49593618512153625
BHFAN,0.4959356188774109
AES,0.4958938658237457
KTF,0.495830774307251
SUNS,0.49579566717147827
ORLA,0.49577587842941284
PNRG,0.4957452118396759
CPRI,0.49571511149406433
CDW,0.4957124590873718
SYM,0.49551746249198914
ENO,0.4954988360404968
APEI,0.4954947829246521
SYRE,0.4954284131526947
OVBC,0.49539244174957275
MOH,0.4953770041465759
VLRS,0.4953734278678894
ASO,0.4953537583351135
HRL,0.49532926082611084
SIGIP,0.49528637528419495
BIDU,0.49527961015701294
FCNCP,0.4952435791492462
PAC,0.49520206451416016
XOMAP,0.49518510699272156
TGS,0.4951622486114502
VYX,0.49514898657798767
THRM,0.49513745307922363
KR,0.4951285123825073
MRLN,0.49509555101394653
HGLB,0.49506229162216187
BIRK,0.49505436420440674
BGB,0.49505162239074707
PAXS,0.4949580729007721
CPRT,0.4948767423629761
CAPL,0.4948276877403259
CINF,0.4947659373283386
NRDY,0.49476101994514465
SJM,0.49475350975990295
PCYO,0.4947513937950134
ASML,0.4946831166744232
YHNA,0.4946708083152771
VLTO,0.49464234709739685
RILYL,0.49460676312446594
DKL,0.4945525825023651
APP,0.4945448935031891
ASLE,0.49449020624160767
CTSH,0.4944041073322296
PTY,0.4943842887878418
GECCH,0.4942884147167206
AVAH,0.4942881762981415
LBRDA,0.4942227005958557
ADEA,0.494212806224823
RMR,0.49418771266937256
HSY,0.49417415261268616
WPC,0.49413931369781494
IHG,0.4941084682941437
BKD,0.49410656094551086
PSFE,0.49406319856643677
HWKN,0.49404409527778625
FVCB,0.49400219321250916
JAZZ,0.4939941167831421
COOK,0.493976891040802
STEW,0.4939034879207611
FHI,0.4938845932483673
CREX,0.49387097358703613
NECB,0.49386852979660034
GOLD,0.49378421902656555
KE,0.4937796890735626
TCI,0.49374696612358093
HPQ,0.4936526417732239
OC,0.49360328912734985
INSM,0.4934704005718231
BJ,0.4933992326259613
DVN,0.4933415949344635
PPL,0.4933159053325653
BMN,0.4932856857776642
PFBC,0.493280291557312
BHFAO,0.49322307109832764
DEC,0.49310576915740967
NUS,0.4930245578289032
SPB,0.4930174946784973
PKBK,0.4929942786693573
GFL,0.4929881691932678
CALY,0.49296846985816956
ARGX,0.49296116828918457
BH,0.49293696880340576
INTT,0.49292752146720886
GRFS,0.4926925003528595
AZN,0.4926685392856598
TNC,0.4926311671733856
QSR,0.4926183223724365
DLHC,0.49261513352394104
ERH,0.49257978796958923
EAD,0.4925609230995178
ORN,0.49252158403396606
ATLO,0.4924316108226776
DT,0.4923914968967438
REX,0.4923858344554901
MIRM,0.492348313331604
NTIC,0.4923422634601593
PKG,0.4923150837421417
SREA,0.49229347705841064
ZGN,0.49225956201553345
ABBV,0.4921768009662628
NMCO,0.4921620488166809
ZUMZ,0.4921129047870636
BZ,0.49198541045188904
VKI,0.4919596016407013
STNG,0.4919111430644989
ALOY,0.4919031858444214
QQQX,0.4918726086616516
HOMB,0.4918631613254547
VINP,0.4918435513973236
GOLF,0.49182844161987305
UONEK,0.4917827546596527
BANX,0.4917457401752472
LTH,0.49168503284454346
CHSCM,0.4916623830795288
WEN,0.4915659427642822
ASM,0.4915037155151367
NBHC,0.4913144111633301
PBH,0.4912366271018982
CDZIP,0.4912149906158447
VPG,0.4911951422691345
SNDX,0.491066038608551
OGN,0.49096590280532837
BEN,0.49089062213897705
NTES,0.4908527731895447
BG,0.4908340871334076
HHS,0.4906812310218811
INSW,0.49067023396492004
RA,0.4906644821166992
HROW,0.49063634872436523
FEIM,0.4906238317489624
TTEK,0.49053409695625305
TSI,0.4905247986316681
OBK,0.49046939611434937
CART,0.49046263098716736
JFR,0.4904594123363495
MPA,0.4904506504535675
IMSR,0.4903036952018738
EPOW,0.4902891516685486
NEA,0.49027860164642334
MLTX,0.49027252197265625
TEO,0.4902172386646271
CNXN,0.4901873767375946
FENG,0.490170419216156
DGICA,0.49011096358299255
FNKO,0.4901062846183777
JMM,0.4900779724121094
HAPN,0.49006304144859314
GAU,0.4900037944316864
PI,0.4899037480354309
ESLT,0.4897761642932892
SBFG,0.48975008726119995
WLKP,0.48968514800071716
DTG,0.4895842373371124
ULTA,0.4895702600479126
FBRX,0.4895678460597992
SPKL,0.48952168226242065
CF,0.48951733112335205
RBB,0.4894952178001404
GTX,0.489494264125824
HBB,0.4894714057445526
JOF,0.4894096553325653
KEP,0.4894028604030609
IRS,0.4894009232521057
MUC,0.48936426639556885
NAZ,0.48928743600845337
BP,0.4892849922180176
CMSD,0.48927903175354004
KOSS,0.4891357719898224
SNN,0.4891239106655121
SCHW,0.48908478021621704
CCOI,0.4890039265155792
WYNN,0.4889746904373169
ACOG,0.4889627695083618
SOLV,0.48888906836509705
BGX,0.48886120319366455
CWBC,0.48885607719421387
OCCIM,0.4888218939304352
ADAMN,0.48879387974739075
KEQU,0.48874807357788086
ING,0.4887430667877197
HDSN,0.4887314438819885
XELB,0.48868849873542786
MDXG,0.4886644780635834
ARTNA,0.48863208293914795
PZZA,0.4886167645454407
LIEN,0.4885592460632324
NUW,0.4885329008102417
VSTM,0.48850342631340027
PDEX,0.4884423315525055
CLF,0.48843178153038025
ALMS,0.4884283244609833
SWZ,0.4884227514266968
TBPH,0.48838430643081665
HALO,0.48837584257125854
IIIV,0.48836782574653625
KELYA,0.48835423588752747
RAMP,0.4882920980453491
AFGE,0.48826366662979126
GPJA,0.48823752999305725
GCT,0.4882129728794098
CRT,0.4881976842880249
EZPW,0.4881850779056549
CERT,0.4881502389907837
UPB,0.48809003829956055
CLLS,0.488064706325531
MBI,0.4880616366863251
LOPE,0.4880344271659851
MAMO,0.4879765510559082
RUN,0.48797503113746643
DTW,0.48786717653274536
EVN,0.4878617525100708
SEG,0.48784470558166504
GUT,0.4877794682979584
NEU,0.48772066831588745
EMBC,0.4877166152000427
NVT,0.48771044611930847
SILC,0.48769718408584595
WM,0.48763883113861084
FHTX,0.4875625967979431
DIBS,0.4875616729259491
ECO,0.48755699396133423
CMSA,0.4875408411026001
BLDP,0.4875146448612213
ACRS,0.48744529485702515
BHFAP,0.48740077018737793
CSAN,0.48735740780830383
TEAD,0.4873335063457489
RFMZ,0.4873324930667877
BRBR,0.48729822039604187
TRMD,0.48729613423347473
ALHC,0.48728740215301514
BCAL,0.48723602294921875
PMO,0.4872235059738159
SOJD,0.487205445766449
WAFU,0.4871615469455719
GIB,0.487113893032074
MCY,0.48709625005722046
ED,0.48709216713905334
EW,0.4870765805244446
DOC,0.4870551824569702
WTM,0.48705506324768066
PGEN,0.48702967166900635
KOF,0.4869769215583801
FRPT,0.48693978786468506
CCEL,0.4868621230125427
SXTP,0.4868289530277252
VMO,0.48682668805122375
RILYN,0.48675641417503357
POWL,0.48674583435058594
CPSS,0.48670879006385803
EFR,0.4867000877857208
PGY,0.4866851270198822
TAP,0.48665565252304077
PKX,0.4865055978298187
YPF,0.4864923357963562
AMP,0.48644840717315674
VRSN,0.48644524812698364
ALLT,0.4864269495010376
STNE,0.48641523718833923
NBIX,0.4863356351852417
ASYS,0.4863130450248718
AEE,0.4862772822380066
SBI,0.48626306653022766
GLUE,0.4862518012523651
PL,0.48621007800102234
VZ,0.48616331815719604
SIG,0.4861562252044678
OXBR,0.4861375093460083
IRON,0.4861125946044922
ITRG,0.4860881567001343
BEPI,0.4860782325267792
MUSA,0.48596131801605225
GIPR,0.4859359860420227
VHC,0.4859079420566559
OMAB,0.4858323633670807
MOS,0.48580798506736755
GITS,0.4858039617538452
ACP,0.4857873022556305
BTAI,0.4857274293899536
BTT,0.48571011424064636
OTTR,0.4855911135673523
NEWTG,0.4855906069278717
HTFC,0.4855867326259613
MPB,0.4855707585811615
BRT,0.48556745052337646
LEO,0.48555290699005127
TATT,0.4855336844921112
ANIK,0.4854740500450134
TMO,0.48539769649505615
NDMO,0.4853780269622803
TRON,0.48536232113838196
BB,0.4853379428386688
UZD,0.48531249165534973
KEEL,0.48528918623924255
SGU,0.4852869510650635
XYF,0.48525914549827576
BLNK,0.48524394631385803
GSL,0.48523545265197754
SPMC,0.48523277044296265
TR,0.48522046208381653
LAND,0.4851928651332855
XTNT,0.4851497709751129
SOHU,0.4851442575454712
RFI,0.48507288098335266
POWWP,0.48501095175743103
KVYO,0.4849420487880707
SEZL,0.484941303730011
WCN,0.48493504524230957
SKE,0.4849300980567932
SLNG,0.48490509390830994
SMMT,0.4849041998386383
SKYH,0.4848886728286743
CRS,0.48482224345207214
PDT,0.4847811162471771
BSM,0.48476937413215637
SES,0.4847263991832733
ARCO,0.4846658408641815
BSVN,0.4846296012401581
ECCC,0.48460862040519714
VCV,0.484596848487854
EOLS,0.4845867156982422
BBBY,0.4845350980758667
OSPN,0.4845300018787384
LND,0.4845065474510193
CLVT,0.4844818711280823
TPGXL,0.4844817817211151
MYRG,0.48446542024612427
FBYD,0.48441529273986816
UP,0.48434871435165405
CHTR,0.4843403398990631
SIGI,0.48432600498199463
GSM,0.4842665195465088
WAFDP,0.4842567443847656
INMB,0.484244704246521
MTRX,0.48419785499572754
EOT,0.48419472575187683
DXCM,0.48419201374053955
BWMX,0.4841422140598297
SMG,0.48413851857185364
BBN,0.4840473234653473
PDCC,0.4840424060821533
BMA,0.48403695225715637
SPHR,0.48399481177330017
OKTA,0.4839479625225067
QURE,0.4839188754558563
FFA,0.48389944434165955
ADPT,0.4838825464248657
MBINM,0.4838217496871948
FICO,0.4837426245212555
LXU,0.483722984790802
MTA,0.4837036430835724
UTHR,0.4836657643318176
PESI,0.48366546630859375
DKS,0.4836394488811493
SOBO,0.48363563418388367
ICMB,0.4836001694202423
EMA,0.4835262596607208
IRDM,0.48351866006851196
KTOS,0.4834955930709839
BPYPP,0.48348599672317505
ZIM,0.48345810174942017
APGE,0.48341166973114014
IHS,0.4833259880542755
DWTX,0.4832881987094879
TENB,0.4832402467727661
MUJ,0.4832208752632141
EVI,0.48321419954299927
NGS,0.48314884305000305
SSL,0.483066588640213
BSBR,0.48306265473365784
USCB,0.4830480217933655
HLX,0.48292338848114014
IFN,0.48289740085601807
TCMD,0.4828689992427826
EML,0.4828528165817261
PAHC,0.4828471541404724
OXLCZ,0.48274919390678406
SFHG,0.4827181398868561
IVT,0.48267680406570435
KARO,0.4826503098011017
BPYPM,0.48261702060699463
CNTX,0.48259782791137695
CRGO,0.482591837644577
AROW,0.4825643002986908
CB,0.4825567305088043
CAPN,0.4825405180454254
CBUS,0.4825006127357483
FCAP,0.4824693500995636
MLPB,0.48244762420654297
ATLCZ,0.4824335277080536
BCO,0.48236748576164246
GREEL,0.4823184609413147
PAX,0.4823160171508789
BWG,0.4822886288166046
LINC,0.48226234316825867
NHS,0.4822210967540741
PCRX,0.48220255970954895
ROIV,0.48219558596611023
GTIM,0.48214828968048096
RLYB,0.4821472465991974
VKTX,0.4820467233657837
WNEB,0.48200729489326477
CNTY,0.4819835126399994
AXG,0.4819822609424591
WFC,0.481981098651886
GOODO,0.48194369673728943
TWIN,0.4818715453147888
MKZR,0.4818529486656189
NMFC,0.48183539509773254
OZKAP,0.4818280339241028
CATY,0.4818256199359894
KNF,0.48175838589668274
SSRM,0.481751412153244
VIVS,0.48173755407333374
RAPP,0.4817284345626831
HOPE,0.4817197620868683
BBLG,0.4816623330116272
SCZM,0.48163488507270813
ESCA,0.48160913586616516
BURL,0.48160675168037415
UGP,0.4815760552883148
XBIO,0.48148661851882935
PAYS,0.48147112131118774
ICE,0.48141762614250183
BCSF,0.48139068484306335
HBANM,0.48134714365005493
PBF,0.4812825322151184
HDRN,0.48124951124191284
MSC,0.4812047779560089
CIGI,0.4811641573905945
UNH,0.4811578094959259
BKTI,0.48113295435905457
XOMA,0.4810808598995209
NEM,0.48105388879776
FLXS,0.48102524876594543
LGHL,0.4809452295303345
ISBA,0.480925589799881
GTN,0.48091211915016174
ANL,0.4809069335460663
AFBI,0.48086273670196533
TCX,0.48083484172821045
NTWO,0.48082050681114197
NRC,0.48077529668807983
CMCM,0.48075923323631287
TCBX,0.48075348138809204
PLNT,0.4807528257369995
LANDO,0.48073485493659973
EWBC,0.48073381185531616
OM,0.4807264804840088
ELF,0.48072418570518494
VTRS,0.48070693016052246
GOOG,0.4806944727897644
HR,0.4806733727455139
BIPI,0.4806642234325409
GWRS,0.4806607663631439
IMTX,0.4806462824344635
COFS,0.4806070625782013
LVS,0.4805910289287567
DAN,0.48051390051841736
SDHY,0.4804951846599579
TUYA,0.480493426322937
VALE,0.4804514944553375
PSN,0.48044994473457336
GNTA,0.4804322123527527
PHAT,0.48037973046302795
CBRL,0.4802931547164917
TRVI,0.4802893102169037
PLRX,0.4802841246128082
GPCR,0.4802355170249939
LUCK,0.48020637035369873
AIRT,0.4801669120788574
CNL,0.4801265001296997
CDE,0.4801179766654968
VTEX,0.4800633490085602
FUNC,0.48006242513656616
DDL,0.48003071546554565
HURC,0.4800099730491638
CD,0.47996795177459717
RCMT,0.4799242317676544
AIZN,0.4798925817012787
FGBI,0.47983798384666443
EXOZ,0.47982797026634216
IMMP,0.47981393337249756
NYT,0.4797801077365875
OOMA,0.47973236441612244
OMH,0.4797309637069702
PLAB,0.4797101616859436
VGI,0.47970736026763916
LENZ,0.47968825697898865
DGZ,0.47968682646751404
MAA,0.4796706438064575
EOD,0.47966665029525757
SUPV,0.4796389937400818
VLYPP,0.47961464524269104
ELLO,0.4795849323272705
GMEX,0.4795733094215393
VERI,0.47955334186553955
CAG,0.4795491695404053
DSM,0.47951117157936096
ELPC,0.4794379472732544
NEXT,0.47942736744880676
VFC,0.47938114404678345
TPVG,0.4793713688850403
NLOP,0.47925513982772827
PML,0.4792383313179016
BLND,0.4792116582393646
MAR,0.4792090952396393
EVG,0.47919514775276184
DLO,0.47914832830429077
HLN,0.4790729582309723
LFT,0.4790690243244171
BHFAL,0.47906696796417236
BNH,0.4790160655975342
CHAR,0.47901082038879395
ABX,0.4790097177028656
MRNA,0.47897374629974365
PRH,0.4789409041404724
DMO,0.4789332151412964
OABI,0.4789131283760071
SRTS,0.4789121448993683
ALKT,0.4789080023765564
BTOC,0.478890061378479
BMRA,0.4788804352283478
TNK,0.4788687229156494
VIRC,0.47882911562919617
CIB,0.4788207411766052
SNDA,0.4787459671497345
METCZ,0.4786648452281952
LQDA,0.4786287248134613
AVPT,0.47859930992126465
TUSK,0.47858142852783203
SBSW,0.47858110070228577
TBB,0.4785545766353607
NWS,0.4785444140434265
MNRO,0.4785011112689972
ANAB,0.47848251461982727
TRNS,0.47840920090675354
PSNY,0.4784037470817566
UZE,0.4783763587474823
SAH,0.47827234864234924
BCIC,0.4782625734806061
LVO,0.4782547950744629
ARQQ,0.4782547950744629
DC,0.4782547950744629
NMRA,0.4782547950744629
SMTI,0.4782547950744629
TEN,0.4782547950744629
CVKD,0.4782547950744629
MBLY,0.4782547950744629
LSH,0.4782547950744629
RECT,0.4782547950744629
FBLG,0.4782547950744629
SHIM,0.4782547950744629
VIRT,0.4782547950744629
WHLRL,0.4782547950744629
IXHL,0.4782547950744629
ACET,0.4782547950744629
LOAN,0.4782547950744629
SVCO,0.4782547950744629
BMEA,0.4782547950744629
FCUV,0.4782547950744629
COYA,0.4782547950744629
LNAI,0.4782547950744629
ZOOZ,0.4782547950744629
MSB,0.4782547950744629
CEPU,0.4782547950744629
BSET,0.4782547950744629
CALC,0.4782547950744629
NFE,0.4782547950744629
PHI,0.4782547950744629
DEFT,0.4782547950744629
NBB,0.4782547950744629
FLNG,0.4782547950744629
FLUX,0.4782547950744629
FTRE,0.4782547950744629
FCT,0.478244811296463
KB,0.47819197177886963
NREF,0.47818729281425476
CSWC,0.4781869053840637
CBL,0.4781665503978729
JLS,0.4781370162963867
CLIK,0.4781338572502136
MPAA,0.47809046506881714
SIF,0.47804737091064453
BOLD,0.4780280292034149
RMD,0.47789785265922546
WAY,0.47789067029953003
AOUT,0.47784149646759033
TCBIO,0.4778202176094055
HFFG,0.47781631350517273
XFLT,0.47780880331993103
AURA,0.47777003049850464
TSN,0.4777681231498718
SFL,0.47774142026901245
HTHT,0.47771093249320984
KEN,0.47768712043762207
SWKHL,0.47754472494125366
NGEN,0.47751733660697937
SPMA,0.47747960686683655
CPAC,0.47746211290359497
SNEX,0.4774211347103119
USAC,0.47738438844680786
DCGO,0.4773465692996979
PCT,0.4773423373699188
COLL,0.4773414731025696
NCA,0.47732412815093994
ETX,0.4773167073726654
NN,0.4772833585739136
VZLA,0.4772831201553345
JKHY,0.4771314263343811
OCCI,0.47710853815078735
CMTL,0.47705426812171936
CSPI,0.4769458770751953
JBHT,0.476915568113327
SFM,0.47691312432289124
RFIL,0.4768299460411072
NEOV,0.4768284261226654
MVO,0.47681644558906555
EHC,0.4768097400665283
PMEC,0.4767921566963196
IZM,0.4767715632915497
CBZ,0.4766595661640167
KNOP,0.4766562879085541
CRD-B,0.4766317307949066
HIG,0.4765820801258087
NC,0.47656798362731934
GDO,0.476532518863678
INMD,0.4765012264251709
NSTS,0.4764949679374695
DOGZ,0.4764505624771118
ZBAO,0.47643348574638367
FORR,0.4764137864112854
NKX,0.47638773918151855
MMSI,0.47638261318206787
BHR,0.47636842727661133
BCS,0.4763667583465576
WB,0.4763411581516266
ATLC,0.4763130247592926
SBLK,0.47630512714385986
MPTI,0.47630438208580017
SLND,0.4763033092021942
RXO,0.4763002097606659
EVV,0.47627365589141846
AFGD,0.47623494267463684
YELP,0.4762320816516876
TCOM,0.47621315717697144
ATAT,0.4761608839035034
PRPL,0.4761508107185364
RMM,0.47612953186035156
TZOO,0.4761127233505249
ZKH,0.47610288858413696
MFAO,0.47606682777404785
LTRN,0.4760624170303345
AIRG,0.4760536551475525
DMA,0.4760085344314575
RYAM,0.47598859667778015
WIW,0.4759772717952728
LONA,0.47596877813339233
IVA,0.4759633243083954
PRHIZ,0.47595521807670593
WINA,0.4759354591369629
KVUE,0.4759339392185211
AGIO,0.4759056568145752
USFD,0.4758952856063843
GMAB,0.47582390904426575
UNMA,0.4757680892944336
LSAK,0.47576647996902466
ZSQR,0.4757572412490845
HLIT,0.47575515508651733
CSR,0.4757361114025116
RILYP,0.4757266640663147
TDOC,0.4756752848625183
WHG,0.47567108273506165
SNDR,0.47566309571266174
USEA,0.47565776109695435
MOVE,0.47563639283180237
BCRX,0.475492388010025
CTOS,0.475477010011673
GAINZ,0.4754498600959778
DSGN,0.47540220618247986
ARDC,0.4753973186016083
GLAS,0.47527432441711426
MRAM,0.4752618968486786
SABS,0.4752025604248047
CBOE,0.4751933813095093
CMG,0.47515279054641724
ARCT,0.47513696551322937
ZJK,0.475102961063385
HYPR,0.47506797313690186
MTD,0.4750041663646698
CRMD,0.474963515996933
LMNR,0.4749141335487366
GDL,0.4749074876308441
WBTN,0.47488468885421753
BLBD,0.47486478090286255
RAIL,0.4748289883136749
FNWD,0.47480639815330505
MHH,0.4747481942176819
RFM,0.4747336804866791
ACV,0.4747307300567627
SVV,0.4747120440006256
AUNA,0.47466927766799927
OPRX,0.4746185839176178
VOD,0.4745157063007355
FEBO,0.47448766231536865
MCRB,0.47447526454925537
BIVI,0.47446975111961365
SPGI,0.4744477868080139
UONE,0.4743879735469818
JILL,0.4743299186229706
PRT,0.4743281304836273
RMMZ,0.4743157625198364
DG,0.4742937684059143
GNK,0.474244624376297
VERA,0.4742172360420227
INDP,0.47418004274368286
NRP,0.47417429089546204
SNWV,0.4741460084915161
XPON,0.4741334617137909
SGMT,0.47412529587745667
ONFO,0.4741007685661316
FRO,0.47410038113594055
WLFC,0.4740692377090454
MUA,0.47406235337257385
WYHG,0.4740346372127533
LPBB,0.47397229075431824
PIII,0.47397080063819885
MPLX,0.47396960854530334
OZ,0.4739660620689392
LPTH,0.4739624261856079
PRAX,0.47392863035202026
ULH,0.4739246368408203
GP,0.4739112854003906
SMHI,0.47390779852867126
GANX,0.4738729000091553
UEIC,0.4737982749938965
VABK,0.4737622141838074
DLPN,0.47375738620758057
PRGO,0.47373247146606445
WF,0.4737086892127991
TTEC,0.4736940562725067
EXC,0.47365617752075195
BTMD,0.4736238718032837
TDY,0.47360536456108093
RILY,0.47355756163597107
LUNG,0.4735550880432129
VNO,0.4735506474971771
IMXI,0.47351959347724915
OIA,0.4734741747379303
NIO,0.47345972061157227
CAMP,0.47341644763946533
BRW,0.47339433431625366
HLP,0.47334614396095276
SONO,0.473341166973114
LCID,0.47326067090034485
STZ,0.4732467830181122
MFG,0.4731868803501129
LCFY,0.4731164276599884
HWBK,0.47309595346450806
OSUR,0.47309446334838867
VRCA,0.4730919897556305
MKTX,0.47306951880455017
KDP,0.473066121339798
PLCE,0.4730091392993927
ALTG,0.4729968309402466
IMKTA,0.4729110598564148
VBNK,0.4729038178920746
PTN,0.47289517521858215
GNSS,0.47284644842147827
CCEP,0.472832053899765
BCTX,0.47282272577285767
GEO,0.472764253616333
BXSL,0.4727492928504944
WRD,0.4727056622505188
AMZE,0.47266656160354614
EDN,0.4726085960865021
NKSH,0.47256770730018616
WAVE,0.4725627601146698
FULC,0.4725201725959778
PROK,0.4725026488304138
MDWD,0.4724980890750885
TWFG,0.4724927544593811
DYNC,0.4724716246128082
GNW,0.4724278151988983
LINE,0.4723617434501648
BOXL,0.47235238552093506
FET,0.472314715385437
BIPH,0.472308874130249
MPT,0.4722873866558075
JJSF,0.4722677767276764
PSX,0.47225719690322876
LGCY,0.4722347855567932
USIO,0.47223103046417236
GPK,0.47217053174972534
DNLI,0.47216925024986267
BRTX,0.47215357422828674
VC,0.47214043140411377
KBDC,0.47213825583457947
MZTI,0.47211754322052
EOSE,0.47209081053733826
BMRN,0.47202301025390625
MMD,0.47201812267303467
PBFS,0.4720143675804138
MTR,0.4719756245613098
HNRG,0.47197425365448
SUZ,0.47197023034095764
YYGH,0.47195854783058167
ANTX,0.4719182848930359
WEYS,0.4718835651874542
DMRA,0.4718809127807617
SLS,0.4718535244464874
NCDL,0.47177720069885254
HNVR,0.47173231840133667
BMO,0.47168657183647156
PYXS,0.4716721475124359
GLE,0.47162431478500366
WMG,0.4715246260166168
WRAP,0.47151973843574524
LNKS,0.471517950296402
LFVN,0.47151297330856323
KAPA,0.47150516510009766
INTR,0.4714261591434479
FTW,0.47137174010276794
ILMN,0.47132769227027893
LEDS,0.4713020324707031
BLZE,0.47130200266838074
NAN,0.4712648093700409
REKR,0.47126269340515137
HOVR,0.47124993801116943
CIX,0.47124508023262024
YSXT,0.4712333679199219
NTRSO,0.47122955322265625
JRSH,0.4712071120738983
CCB,0.471149206161499
HCI,0.47108951210975647
RWAY,0.4710371792316437
ESPR,0.4709814488887787
USB,0.47097137570381165
MDCX,0.47096002101898193
SKYQ,0.47095727920532227
OMEX,0.4709527790546417
SGA,0.47095006704330444
NPV,0.4709305167198181
RDY,0.47090524435043335
AMST,0.4708749055862427
ARMP,0.47076740860939026
DDI,0.4707506000995636
BNKK,0.4706879258155823
GASS,0.47066977620124817
CZFS,0.4706621766090393
OUT,0.47059741616249084
NGL,0.47059595584869385
SKIN,0.47058790922164917
FTHM,0.47057831287384033
BKT,0.47056469321250916
TACT,0.4705387055873871
ANGO,0.47053682804107666
GF,0.47052350640296936
SCI,0.47048303484916687
UL,0.4704509973526001
SDRL,0.470409631729126
PLMR,0.4703710675239563
TEL,0.47031933069229126
INVA,0.4703052043914795
CCD,0.47028759121894836
DAC,0.4702807366847992
SQM,0.4702725112438202
ZYME,0.4701746702194214
ATS,0.4701540470123291
OXSQ,0.4701080620288849
WHLRD,0.4700756371021271
NEXN,0.4700106382369995
ELA,0.47000205516815186
RIOT,0.46997755765914917
BEAT,0.4699697196483612
KNSL,0.46996140480041504
CEE,0.4699307680130005
POR,0.46986106038093567
ETG,0.4698536992073059
EARN,0.46984511613845825
MBINN,0.46981483697891235
AFCG,0.4697878062725067
ITGR,0.46975192427635193
NSLRL,0.4697280824184418
OXY,0.4697207808494568
CDZI,0.46970972418785095
TCRX,0.4697025716304779
ATHM,0.4696875214576721
RYTM,0.46967941522598267
FIP,0.4696139097213745
BRCC,0.4695948660373688
CAR,0.4695703685283661
INGM,0.4695616364479065
LESL,0.4695226550102234
CNP,0.4694769084453583
RCEL,0.4694649279117584
NFJ,0.4693877100944519
EDTK,0.4693869352340698
KMDA,0.4693710505962372
KLRS,0.4692540168762207
NMM,0.46920672059059143
IPM,0.46918827295303345
SIEB,0.46916520595550537
FMS,0.46912384033203125
UTG,0.46910160779953003
ATNM,0.4690440893173218
VICR,0.4690297842025757
HTD,0.4689686894416809
RCD,0.4689514935016632
ONBPO,0.4689384996891022
NIM,0.4688226580619812
CLMT,0.4688001573085785
ACXP,0.46879544854164124
LBTYK,0.468783974647522
MGPI,0.4687604010105133
NFGC,0.4686676859855652
MBX,0.46861034631729126
GPI,0.4685989022254944
IEP,0.4685450792312622
PTLE,0.46851953864097595
TRAK,0.4685077965259552
GSIW,0.46849435567855835
QTRX,0.46847933530807495
DAIO,0.46847525238990784
FTF,0.4684670865535736
DFP,0.4684596657752991
ACRV,0.4684413969516754
GENK,0.4684038460254669
IPW,0.46837863326072693
FLYE,0.4683590829372406
NRUC,0.4683392643928528
IKT,0.46830815076828003
OBIO,0.46830013394355774
ACNT,0.4682818353176117
SURG,0.4682622253894806
GBAB,0.4682590365409851
PLSE,0.468243271112442
CVI,0.4682368338108063
CAAP,0.46821632981300354
MLAB,0.46820828318595886
ZTO,0.46817609667778015
KWY,0.46814295649528503
PERI,0.4680534899234772
BBIO,0.4679945707321167
HGBL,0.46792271733283997
PMM,0.4679009020328522
YUMC,0.4678880274295807
EQNR,0.46785926818847656
BBAR,0.46785613894462585
BEEP,0.4678439795970917
FFC,0.46783921122550964
BOSC,0.4677985608577728
SB,0.46777644753456116
CVSA,0.4677431285381317
LXRX,0.4677026569843292
PTEN,0.4676953852176666
BPYPO,0.4676815867424011
JBDI,0.46764805912971497
SJ,0.46756958961486816
FOA,0.46749547123908997
RILYZ,0.46749407052993774
MMU,0.4674907922744751
WEX,0.46746665239334106
BDX,0.46744370460510254
FRD,0.4674247205257416
ABCL,0.46740755438804626
THC,0.4673992097377777
HITI,0.46734410524368286
BATL,0.467328280210495
FLUT,0.46732473373413086
RYN,0.46731308102607727
VRDN,0.46726205945014954
XPEV,0.4672526717185974
SNYR,0.46723663806915283
TLSI,0.46721798181533813
VKQ,0.46716243028640747
NPO,0.4671603739261627
GSAT,0.4671582877635956
BCYC,0.4671403765678406
QFIN,0.4670303165912628
SGHC,0.46702688932418823
DCX,0.4670216739177704
KYTX,0.46699923276901245
LAB,0.4669240415096283
RPD,0.4669162631034851
EIG,0.46688318252563477
AMAL,0.4668787121772766
BGC,0.4668189585208893
HCM,0.4667135775089264
FACT,0.46665868163108826
SSTK,0.4666256606578827
NBTX,0.4666149616241455
WS,0.466603547334671
ADNT,0.466602087020874
FCFS,0.46656617522239685
DPZ,0.4665141701698303
CANG,0.4664706587791443
GELS,0.46644020080566406
WDFC,0.46638616919517517
DTST,0.46638023853302
RMI,0.46636804938316345
SNY,0.46630579233169556
KURA,0.466261625289917
EEIQ,0.4662468135356903
TMP,0.4662216603755951
AMPH,0.4661870002746582
BIP,0.4661701023578644
NCNA,0.4660903215408325
GSBD,0.465984582901001
NOMD,0.46593883633613586
BDTX,0.4659382104873657
IMMX,0.465896338224411
OKUR,0.4658810794353485
PVL,0.46581339836120605
SBCF,0.4658042788505554
CFBK,0.4657483398914337
ICCC,0.4657323956489563
EIIA,0.46572351455688477
VALU,0.46569815278053284
FWRD,0.46569496393203735
AMC,0.4655998945236206
TTC,0.46558329463005066
PPIH,0.4655483067035675
JKS,0.4655371904373169
BPOP,0.46546462178230286
GTE,0.46539410948753357
ODD,0.4653795063495636
NKE,0.46536222100257874
CMCO,0.4653458893299103
ACVA,0.465345174074173
COUR,0.4652949869632721
MACIU,0.46527299284935
KINS,0.46526288986206055
AXR,0.4651998281478882
SNPS,0.46516546607017517
EHGO,0.46509718894958496
ELVN,0.46503353118896484
ATNI,0.464979350566864
ZBIO,0.46497437357902527
GALT,0.4649640917778015
MYPS,0.46491551399230957
CSCO,0.4649043679237366
DXYZ,0.46490272879600525
AVR,0.4649016857147217
AAP,0.4648396074771881
KBSX,0.4648111164569855
BPOPM,0.46479809284210205
MAIA,0.4647657871246338
RDN,0.46473634243011475
CMCL,0.46472758054733276
HBANP,0.46470868587493896
FLZH,0.46467310190200806
MCHX,0.4646493196487427
SNFCA,0.4646366536617279
PCG,0.46461284160614014
MRNO,0.46457964181900024
NL,0.46455803513526917
VRRM,0.4645307660102844
CLBT,0.46450620889663696
JL,0.46449044346809387
LNSR,0.46447232365608215
HYT,0.46442911028862
ADMA,0.4642757177352905
MODD,0.46423059701919556
NNY,0.4642274081707001
LION,0.46421632170677185
GPGI,0.4642147123813629
RSVR,0.46419787406921387
AGYS,0.46418383717536926
MRT,0.46411943435668945
CGABL,0.4641016125679016
IPST,0.4640491008758545
HZO,0.46403205394744873
ALM,0.4640161395072937
ELPW,0.46400514245033264
BCE,0.4639730155467987
IMOS,0.4639018476009369
MGRX,0.4638572633266449
VPV,0.4638160169124603
CPK,0.463806688785553
COGT,0.46377938985824585
FMC,0.46375641226768494
ASA,0.463754266500473
L,0.4636084735393524
INTG,0.4636039733886719
REGCP,0.46359485387802124
MNTK,0.46358224749565125
PAI,0.4635761082172394
THO,0.4635472595691681
BZAI,0.4635390043258667
NUV,0.463524729013443
DDT,0.4634741544723511
LSTA,0.463390588760376
IE,0.46337610483169556
TRIP,0.4633747339248657
BTSG,0.4633161127567291
ACU,0.46330881118774414
QRHC,0.46324822306632996
NWSA,0.463200181722641
BNS,0.4631832540035248
GERN,0.4631822109222412
NAT,0.4631427526473999
RILYG,0.4630794823169708
ARQ,0.4630756974220276
SIBN,0.4630272388458252
RKDA,0.46302586793899536
ASMB,0.46290066838264465
ASX,0.4628911018371582
RXT,0.46285244822502136
LFCR,0.46280035376548767
AFRI,0.4627975821495056
COE,0.4627799093723297
ABUS,0.46273529529571533
ARIS,0.46273279190063477
NTB,0.46272942423820496
CCIF,0.46271345019340515
RILYT,0.46268701553344727
CHSCN,0.4626719057559967
AGPU,0.46264567971229553
BCML,0.4626415967941284
NRT,0.46263933181762695
CNC,0.4626334309577942
DMAC,0.4626277685165405
EXE,0.4625207781791687
TKC,0.4624626338481903
HBM,0.462404727935791
VOXR,0.4623314142227173
PFFL,0.4622841477394104
WEST,0.4621797204017639
MASS,0.46217620372772217
ALTI,0.46217045187950134
DCOM,0.46208256483078003
IBKR,0.46202147006988525
SRL,0.4619605243206024
NKTX,0.46191492676734924
TRMB,0.4618718922138214
LBRDK,0.4618351459503174
CHSN,0.4618217647075653
BEAGU,0.461796373128891
EVER,0.46171754598617554
BETR,0.46166619658470154
PZG,0.46157923340797424
DERM,0.46153920888900757
SCD,0.4615095555782318
PHR,0.46147391200065613
WRN,0.4614674150943756
KMPR,0.46145978569984436
DSX,0.4613923728466034
DK,0.4613642692565918
DNUT,0.4613001346588135
IDN,0.4613000750541687
USNA,0.46126794815063477
BCDA,0.4612378180027008
VENU,0.46117523312568665
ASPS,0.4611187279224396
AIRS,0.4611107409000397
LKQ,0.4610775113105774
ZJYL,0.4609847068786621
STFS,0.4609838128089905
BYRN,0.46094444394111633
MC,0.46092864871025085
BLW,0.4609282314777374
ICG,0.4608709514141083
TBRG,0.46082842350006104
CBNA,0.4608210623264313
ALC,0.46081987023353577
DFLI,0.4608168303966522
PRME,0.4607664942741394
LZM,0.46076133847236633
KMT,0.4606732726097107
LICN,0.4606708586215973
XAIR,0.4606677293777466
SDHC,0.46065399050712585
NNE,0.4606040120124817
SMFG,0.4605981111526489
GCV,0.460566908121109
CPF,0.4605530798435211
NDLS,0.4605349004268646
PGP,0.4604692757129669
JBTM,0.4604148864746094
ERAS,0.4603828489780426
BW,0.46031785011291504
BNJ,0.46014150977134705
SJT,0.4601393938064575
ORKT,0.4601231515407562
KRP,0.4600861966609955
CNOBP,0.46008163690567017
BH-A,0.4600520133972168
MSEX,0.46003854274749756
ARBE,0.45999759435653687
TROO,0.459920197725296
NVST,0.45987552404403687
CRD-A,0.45972850918769836
ROLR,0.4597189724445343
IRD,0.45967918634414673
VGZ,0.45962274074554443
WFG,0.4595426321029663
RPC,0.45951923727989197
MUFG,0.459477961063385
LH,0.4594639539718628
VAL,0.4594322443008423
NMS,0.4593035578727722
KTH,0.45927658677101135
TLYS,0.45925843715667725
SLNHP,0.4591664969921112
IVVD,0.45913225412368774
VATE,0.45912814140319824
MSGS,0.45910748839378357
MOMO,0.4590035676956177
CSTM,0.4589879512786865
DHT,0.458918035030365
KRNY,0.4588165283203125
GRNQ,0.45878827571868896
WIX,0.4587878882884979
SLF,0.4587838351726532
BWNB,0.45877835154533386
MIRA,0.45876792073249817
MNOV,0.4586509168148041
TISI,0.4586503803730011
BGI,0.4586154818534851
WTI,0.45860278606414795
AIFU,0.4585709571838379
MGLD,0.4585065245628357
CI,0.45841550827026367
ARTW,0.45841261744499207
XCUR,0.45836588740348816
SYY,0.45835810899734497
NEON,0.4583304524421692
RFL,0.45829474925994873
FXNC,0.458278626203537
CTM,0.45825159549713135
CIVB,0.45823362469673157
PLOW,0.45822522044181824
NTST,0.4581776559352875
TEI,0.4581751525402069
KT,0.45804762840270996
ZVRA,0.45804211497306824
JWEL,0.45797199010849
ALOT,0.4579533338546753
CWH,0.4578828513622284
OI,0.4578741192817688
PNR,0.4578689634799957
LBGJ,0.4578632712364197
SA,0.4576656222343445
SFIX,0.4576288163661957
COCH,0.4576055109500885
AEVA,0.4575147032737732
GCMG,0.457488089799881
ORBS,0.4574558734893799
FRAF,0.45737844705581665
AFYA,0.45731836557388306
DRVN,0.45730558037757874
VSA,0.45727503299713135
CIA,0.4572269320487976
ALKS,0.45719337463378906
DFH,0.4571639895439148
NIXX,0.45712655782699585
BRLS,0.45708975195884705
CBLL,0.4570353627204895
ABVX,0.4569796025753021
HIPO,0.4569358825683594
FSV,0.4569101929664612
XGN,0.4568198323249817
BABA,0.4567822217941284
WIA,0.4567476511001587
XTLB,0.45672184228897095
HOWL,0.45668548345565796
HYI,0.456656277179718
LOW,0.45664072036743164
HGTY,0.45660895109176636
THM,0.4566061794757843
HEPS,0.4565947353839874
IMTE,0.45650798082351685
BRX,0.45648691058158875
SITE,0.4564310312271118
HTO,0.4564000964164734
CINT,0.4563969075679779
FSI,0.4563797116279602
PMAX,0.45631512999534607
EGHT,0.45628678798675537
NGG,0.45617184042930603
NNBR,0.45617154240608215
CAMT,0.45610395073890686
MTEN,0.45609456300735474
VXZ,0.4560556709766388
BTG,0.45605161786079407
REZI,0.45602545142173767
OPK,0.4560195803642273
CGON,0.4560161232948303
CROX,0.45596474409103394
RNW,0.45595791935920715
PLAY,0.4558691680431366
GRC,0.4558095633983612
AVD,0.45579323172569275
MAAS,0.45577874779701233
DAO,0.4557438790798187
MYGN,0.4557129442691803
XRAY,0.45563963055610657
PEB,0.45546668767929077
PAMT,0.4554344117641449
LKFT,0.4554178714752197
MAGN,0.45537567138671875
ONTO,0.45534995198249817
DUOL,0.4553481638431549
ASIX,0.45534613728523254
HWC,0.4552791714668274
CNK,0.4552673101425171
SVM,0.4552317261695862
BBCP,0.4551849067211151
BGM,0.45518070459365845
CHMG,0.45509421825408936
TAC,0.45507708191871643
KLC,0.4549354612827301
PPBT,0.4549238383769989
RVSB,0.4548649191856384
INBX,0.45484957098960876
RDCM,0.45484158396720886
VLYPN,0.4548209309577942
RANI,0.4547279179096222
FSUN,0.4547138214111328
NXT,0.4546554684638977
CAPS,0.4546273648738861
ODV,0.45458367466926575
SMHB,0.45455092191696167
STEP,0.45453909039497375
NAMS,0.45451050996780396
SLRC,0.4544839859008789
ECC,0.4543650150299072
ARTV,0.4543491303920746
CFFN,0.4543129503726959
TME,0.45431098341941833
UVV,0.4541832208633423
UMH,0.4541364014148712
CLM,0.4540998935699463
ERIE,0.4540785551071167
MSD,0.454057902097702
FINW,0.4540245234966278
CATO,0.4539625644683838
NEWP,0.4539613723754883
ECBK,0.45393407344818115
CMP,0.4538668692111969
ZBH,0.45384490489959717
RIGL,0.45384126901626587
WU,0.45380979776382446
PBYI,0.4537554681301117
OPXS,0.45372575521469116
BBD,0.453725129365921
LFWD,0.4536869525909424
ARDX,0.4536573886871338
APD,0.45365646481513977
GBDC,0.45363670587539673
MBAV,0.4534163177013397
HQL,0.4533901810646057
VRXA,0.45338886976242065
CRTO,0.4533179998397827
LINK,0.4532441198825836
TIGO,0.4532128870487213
XBIT,0.45317116379737854
CABO,0.4531385004520416
KTCC,0.45310869812965393
AMLX,0.45309773087501526
TMCWW,0.45308560132980347
PFL,0.4530513286590576
XXI,0.45301371812820435
HPAI,0.4529882073402405
VNCE,0.4529339075088501
ENPH,0.4529038965702057
WALD,0.4528837502002716
TNET,0.45275816321372986
AVTR,0.4527292847633362
RCS,0.452642023563385
MPC,0.4526181221008301
WEA,0.4525996148586273
ARBB,0.45257169008255005
HLMN,0.4525602161884308
NRDS,0.45245715975761414
RETO,0.4524202048778534
ENIC,0.4523634910583496
MFM,0.45233154296875
LPCN,0.45232224464416504
FGBIP,0.45231306552886963
OTLY,0.45220744609832764
KIO,0.4521583318710327
BIOA,0.45215746760368347
ALDFU,0.45213091373443604
MYO,0.4520806670188904
TFII,0.45207589864730835
ONCY,0.4520740211009979
SEPN,0.45200660824775696
ENVX,0.45199838280677795
NUVL,0.4519866406917572
OPBK,0.4519355893135071
PLRZ,0.45191866159439087
STGW,0.45189499855041504
BTZ,0.4518761932849884
MBC,0.45183297991752625
EMD,0.45178723335266113
NSC,0.45178449153900146
DQ,0.4517643451690674
FUSE,0.45176225900650024
CTVA,0.45165225863456726
UWMC,0.45153921842575073
INAB,0.4515344202518463
CIG,0.4515065550804138
MTW,0.45149222016334534
OSW,0.4514439105987549
PRVA,0.45143958926200867
SEB,0.451366662979126
VFF,0.4513545334339142
KIDS,0.4512525498867035
NERV,0.4512316882610321
PECO,0.4512293338775635
YYAI,0.45113852620124817
MLCO,0.4510856866836548
EQIX,0.45107799768447876
FINS,0.4510694146156311
ALSN,0.45098376274108887
DFTX,0.45096126198768616
NMT,0.45093032717704773
TAL,0.4508606493473053
BOF,0.4508418142795563
AVA,0.4508022665977478
KGEI,0.45079395174980164
CLNE,0.45078927278518677
NRK,0.4507761001586914
ZBRA,0.4507443308830261
LRMR,0.4507410228252411
TPB,0.4506955146789551
DHCNI,0.4506506621837616
DEA,0.4506129026412964
EVEX,0.4505613446235657
WBX,0.45053690671920776
GRX,0.4504607617855072
ROMA,0.45039525628089905
CODA,0.45034587383270264
CTSO,0.45029520988464355
IPHA,0.4502936005592346
GEHC,0.45019009709358215
RIV,0.4501582980155945
GCTS,0.45009732246398926
TWI,0.4500972330570221
NTWK,0.4500696659088135
LFMDP,0.4500635266304016
KPLT,0.4500097930431366
DY,0.4498777687549591
FNLC,0.44982287287712097
MACI,0.4498123526573181
COCP,0.44975340366363525
AVAL,0.4497249126434326
C,0.44964978098869324
RZLV,0.44962024688720703
LUMN,0.4496191442012787
IBOC,0.44958004355430603
BTDR,0.4495718479156494
GLSI,0.4494682252407074
MGRE,0.44940894842147827
CCLD,0.44931459426879883
FND,0.4493095874786377
MIR,0.44923728704452515
PFN,0.4492317736148834
RTX,0.44913503527641296
PANL,0.4491095244884491
SND,0.4491001069545746
PMVP,0.4490935802459717
FSCO,0.4490101933479309
TREE,0.44895732402801514
WBUY,0.4489557147026062
GECC,0.44892483949661255
OVID,0.44889938831329346
WT,0.4488876760005951
TYGO,0.448816180229187
COTY,0.4488134980201721
CMRE,0.448788046836853
LASE,0.4487816095352173
HTCR,0.44877398014068604
ACGLN,0.4487612545490265
CRI,0.4487510919570923
GOOGL,0.44868767261505127
IMVT,0.44867047667503357
FKWL,0.4486575722694397
SMXT,0.44862550497055054
FGI,0.44859230518341064
STKS,0.4485807418823242
QTI,0.44848504662513733
LXEH,0.4484717845916748
AVK,0.44827866554260254
CRWS,0.448277086019516
GHC,0.44824814796447754
EYPT,0.4482218325138092
GSIT,0.44821035861968994
SLQT,0.4481373727321625
YHC,0.44813287258148193
PNI,0.44806063175201416
ITP,0.4479879140853882
PHK,0.4479200541973114
CMCSA,0.44785934686660767
TAVIU,0.44784486293792725
JUNS,0.4478176534175873
PYPL,0.4478113353252411
MEC,0.4477989077568054
STE,0.4477989077568054
AQST,0.44777974486351013
BGDE,0.44777587056159973
TALO,0.4477725327014923
PTC,0.4477235674858093
MXCT,0.4476411044597626
HL,0.4476383328437805
NOK,0.4476345479488373
RLAY,0.44751685857772827
RGNX,0.447512149810791
CPIX,0.44749370217323303
TDTH,0.44745519757270813
ELS,0.44742634892463684
NHC,0.4473980963230133
FLO,0.44735777378082275
SCLX,0.4473540484905243
BIT,0.4473450481891632
OXLCL,0.44731950759887695
FCCO,0.4473073184490204
IVR,0.44718244671821594
ASTS,0.4471660554409027
PDD,0.4471453130245209
FTHY,0.44714483618736267
PRQR,0.44713401794433594
PLG,0.4471072256565094
TXO,0.4470635652542114
NAKA,0.4470388889312744
OGC,0.4470384120941162
WSBC,0.4469844102859497
ORIO,0.4469381868839264
CHI,0.4468991458415985
BORR,0.446887731552124
ACIC,0.4468807280063629
EURK,0.4468509554862976
ASST,0.4468318223953247
VEEE,0.4468182921409607
EGBN,0.44676586985588074
CM,0.4467325508594513
RCAT,0.4467320144176483
UI,0.44671502709388733
MHF,0.4467068016529083
BMBL,0.4466870129108429
ACM,0.44668298959732056
VVV,0.4466421604156494
CIK,0.4466310441493988
CHGG,0.44656673073768616
CPNG,0.4465642273426056
SER,0.4465468227863312
ALNY,0.4465242326259613
OKYO,0.44651758670806885
SXI,0.44649672508239746
CRF,0.44637537002563477
CAF,0.44631490111351013
JSPR,0.4462853968143463
VALN,0.4462611973285675
NBP,0.4462084472179413
SLGL,0.4461959898471832
HYMC,0.44614508748054504
RDVT,0.44613155722618103
RAIN,0.4460480511188507
DINO,0.4460178315639496
CLOV,0.4459753930568695
SSII,0.44596296548843384
TBN,0.4459516406059265
DELL,0.44592124223709106
NSPR,0.4458881616592407
HTCO,0.44582539796829224
RERE,0.4457642734050751
LNZA,0.4456494152545929
NJR,0.44558507204055786
DRIO,0.44558244943618774
NCEW,0.4455590546131134
CCEC,0.44554129242897034
TYL,0.4455055594444275
LAR,0.4454942047595978
MWG,0.4454927146434784
AREN,0.4454478621482849
BAH,0.4454384744167328
MPU,0.4454209804534912
HBIO,0.44540026783943176
CABA,0.4453348219394684
TBBB,0.4453190267086029
VLN,0.44526204466819763
PEW,0.4452383816242218
SRFM,0.4452327489852905
GGT,0.44521570205688477
CVV,0.4452046751976013
CMPS,0.4451422095298767
AEYE,0.4450765550136566
PFG,0.4450605511665344
ORMP,0.44505903124809265
IAF,0.4450571835041046
LFST,0.4450429677963257
BRFH,0.4450354278087616
CYD,0.44502297043800354
LI,0.4449920654296875
RKTO,0.44489315152168274
FTLF,0.44486531615257263
DHY,0.44484463334083557
BAER,0.4448378384113312
CVS,0.44481030106544495
NWTG,0.44478148221969604
BBGI,0.44477030634880066
VGAS,0.4447510540485382
CNVS,0.44470351934432983
LAD,0.44466260075569153
KALA,0.44466251134872437
BFST,0.44464048743247986
OLMA,0.444630891084671
DUOT,0.4443991482257843
HSTM,0.44437649846076965
EICA,0.44428884983062744
AMBR,0.4442838132381439
RMT,0.4442771375179291
HRTG,0.4442722499370575
FEAM,0.44414258003234863
ECHO,0.4441416561603546
QDEL,0.44411465525627136
BLIN,0.4441136121749878
LDP,0.44410768151283264
WERN,0.44409310817718506
PULM,0.4440869092941284
RNGR,0.4440854489803314
AIIO,0.4440747797489166
PRG,0.44404345750808716
NTAP,0.44398805499076843
IMNM,0.4439610242843628
CNS,0.44393986463546753
TRP,0.4439062774181366
TLS,0.44390586018562317
SKIL,0.443887859582901
JBIO,0.44387128949165344
WVVIP,0.4438369870185852
PDS,0.4438018798828125
CX,0.4437721073627472
AGMH,0.4437524676322937
BHVN,0.443634569644928
KRMD,0.4436332583427429
INFU,0.443589985370636
JEF,0.4435575008392334
PCQ,0.44353964924812317
DFNS,0.4434860646724701
TDUP,0.443472683429718
ELDN,0.44327887892723083
AIOT,0.4432712197303772
GRAF,0.44326409697532654
DAKT,0.44326287508010864
INVZ,0.44322511553764343
ZVIA,0.4432089626789093
PONY,0.44319796562194824
PARR,0.44315364956855774
MLYS,0.44313839077949524
PROF,0.44306039810180664
ARW,0.44291236996650696
WETH,0.442885160446167
ABVC,0.44287607073783875
ODFL,0.44286635518074036
ESI,0.44282880425453186
IONR,0.4427972435951233
ZIONP,0.44277387857437134
CCS,0.4427548050880432
SHAK,0.4427250027656555
CULP,0.4427119195461273
CVNA,0.44268864393234253
LSTR,0.44265785813331604
MSI,0.442524790763855
SEAT,0.4424979090690613
UHS,0.4423663914203644
HIVE,0.44236472249031067
UCB,0.4423052668571472
AXTI,0.4422740340232849
IFRX,0.44227364659309387
TVC,0.4422578811645508
HYFT,0.44216370582580566
ISPC,0.4421447813510895
GHRS,0.4421270489692688
NVMI,0.44208911061286926
AYA,0.4420725703239441
CNOB,0.4420650005340576
NTNX,0.4420139491558075
CVR,0.44197314977645874
TPST,0.4419724941253662
KOS,0.44197025895118713
CXDO,0.44194939732551575
BYND,0.44192612171173096
NRSN,0.44173985719680786
EPAM,0.44162365794181824
FA,0.44160041213035583
RELY,0.44158339500427246
LWAY,0.44158029556274414
PRCH,0.4415142834186554
VANI,0.44148147106170654
GLRE,0.44139501452445984
WIT,0.4413853585720062
ACGLO,0.44137072563171387
SANG,0.4413466155529022
TPCS,0.4413413107395172
SPRB,0.4412859380245209
MGYR,0.4411318898200989
ISD,0.4410693943500519
PSBD,0.441020131111145
CVU,0.4410071074962616
UPLD,0.4409918189048767
RAVE,0.44098958373069763
BRIA,0.44097355008125305
KZIA,0.4408414661884308
LEXX,0.4407893717288971
LASR,0.4407854378223419
HMN,0.4406988024711609
XRX,0.4406845271587372
GLBE,0.4406779408454895
QNCX,0.4406243562698364
BNC,0.440612256526947
NVRI,0.4405759871006012
NUTX,0.4405112564563751
MVST,0.4405018091201782
ELTK,0.4404803514480591
PRLD,0.4404773712158203
CEVA,0.44043344259262085
EUDA,0.4404067397117615
FATE,0.4403824210166931
DNA,0.4403640627861023
ALP,0.4403439164161682
TORO,0.4403391182422638
DGII,0.44032707810401917
ENJ,0.4402908384799957
GRRR,0.4402800500392914
NEXR,0.44026774168014526
BWEN,0.4402126669883728
DBI,0.4402081370353699
AWI,0.4401262402534485
SNX,0.44006651639938354
SMC,0.44004714488983154
GILT,0.4400177299976349
CMMB,0.4399808943271637
GDYN,0.43996939063072205
BOOM,0.43995583057403564
CTEV,0.43992188572883606
ELUT,0.43984124064445496
NXPL,0.4398041367530823
LFUS,0.43978920578956604
PROV,0.43977370858192444
CBU,0.43975117802619934
ETJ,0.4397423565387726
CISS,0.43973374366760254
MELI,0.43967321515083313
STIM,0.43964722752571106
LCUT,0.43963509798049927
DYAI,0.4396214783191681
BL,0.43954649567604065
PHGE,0.439533531665802
AIRE,0.4395064413547516
MBOT,0.43950340151786804
SCYX,0.4394844174385071
PRSU,0.43940261006355286
MXL,0.43939852714538574
WFCF,0.43938562273979187
GNLX,0.4393547773361206
FTEK,0.4393315017223358
AWF,0.439267098903656
AURE,0.43925443291664124
PPSI,0.4392535984516144
BAFN,0.43922558426856995
SLN,0.4392045736312866
EJH,0.43918025493621826
SOPH,0.4390946328639984
TRT,0.43902382254600525
GECCI,0.43902018666267395
OPRA,0.43893003463745117
ROOT,0.4389035999774933
SEATW,0.43883535265922546
SVRN,0.43878984451293945
CRBG,0.43869563937187195
CNTN,0.43861228227615356
CLDX,0.43853482604026794
TTGT,0.4385346472263336
ALIT,0.4385295510292053
SSBI,0.43850257992744446
AIO,0.43845587968826294
GHI,0.4384545087814331
LPL,0.43842068314552307
QNST,0.4383670687675476
LUNR,0.4383332133293152
ZNTL,0.43831667304039
CENN,0.4382559061050415
GOSS,0.4382517337799072
DSP,0.4381411373615265
APWC,0.438137024641037
SFWL,0.4380834698677063
CHWY,0.4380122423171997
JTAI,0.43791574239730835
FOCL,0.4379013478755951
LOCO,0.43788743019104004
MCHP,0.4378601014614105
AIRI,0.437844842672348
HAIN,0.4377708435058594
RLI,0.4377564489841461
WRB,0.4377116858959198
TITN,0.43762674927711487
CMPX,0.4376067519187927
WVVI,0.43753668665885925
TNDM,0.437521755695343
ACB,0.43751609325408936
CVM,0.4374637007713318
GTLB,0.4374615550041199
POLE,0.43740877509117126
AUID,0.43737393617630005
SOR,0.43737345933914185
GAM,0.43735021352767944
FT,0.4373447299003601
STRRP,0.4372888505458832
HIFS,0.43726295232772827
IPAR,0.437198668718338
MIY,0.43719467520713806
SID,0.43710747361183167
LDI,0.4370010793209076
VIPS,0.4369677007198334
MDT,0.4368272125720978
APO,0.43679672479629517
TVE,0.4367879033088684
DJT,0.4367702305316925
NPCT,0.4367468059062958
YOU,0.4367430806159973
BNL,0.4366645812988281
TBLD,0.43663322925567627
PC,0.43662595748901367
OXM,0.4365878701210022
IHD,0.43651679158210754
ANSC,0.4364812672138214
DAR,0.43646737933158875
SAM,0.43645402789115906
CRNT,0.4364224076271057
MSFT,0.43636438250541687
ZDGE,0.4363396167755127
GOOS,0.4363365173339844
SUI,0.43633198738098145
GAP,0.4363090693950653
NKTR,0.4362625479698181
TLN,0.436258465051651
LOT,0.43620312213897705
AHCO,0.4361379146575928
KBR,0.43612655997276306
SNTG,0.43611493706703186
VMI,0.4360523819923401
SPAI,0.436010479927063
DWSN,0.43599194288253784
SQFT,0.43597322702407837
SUGP,0.4359339475631714
MGA,0.4358523488044739
HBT,0.4358464777469635
RUM,0.43583178520202637
VNDA,0.4357909560203552
TELA,0.4357128441333771
JOE,0.43570148944854736
IMRX,0.4356836676597595
FFIN,0.4356786012649536
AG,0.43559569120407104
CRDL,0.4355865716934204
MAT,0.4355086386203766
EDU,0.43548545241355896
FABC,0.43545466661453247
AMZN,0.43544068932533264
BEPC,0.43542012572288513
LOOP,0.4354132115840912
JAGX,0.435380220413208
TTWO,0.435352087020874
NBIS,0.4353047311306
FF,0.4352788031101227
CANF,0.4352767765522003
SAP,0.43527132272720337
TRTX,0.43524304032325745
ABEV,0.43522578477859497
RSI,0.43520665168762207
SRZN,0.43517816066741943
DSGR,0.4351652264595032
NXST,0.4351273477077484
THRY,0.43511152267456055
BRNS,0.43510863184928894
TLX,0.4350939989089966
CBRE,0.4350028932094574
CCC,0.4349541664123535
TRAW,0.4349370002746582
KYNB,0.4348870813846588
CUBB,0.43487513065338135
QTTB,0.43486347794532776
FIVN,0.43482276797294617
SDOT,0.43482017517089844
CING,0.4348044693470001
FIBK,0.43479466438293457
FSEA,0.43471625447273254
IAUX,0.4346318244934082
ASPI,0.4346071481704712
SILO,0.43456462025642395
ESAB,0.43454355001449585
NOA,0.4344882071018219
STRA,0.43445637822151184
PVLA,0.4343501627445221
WDAY,0.43433862924575806
UCL,0.43432480096817017
SKYA,0.4342951476573944
ECX,0.43424105644226074
PHUN,0.434238463640213
WAT,0.43423157930374146
AVTX,0.4341360628604889
TEM,0.43411800265312195
CLYM,0.43410906195640564
PPG,0.43410444259643555
IPDN,0.4340720772743225
MX,0.4340673089027405
NOAH,0.4339907765388489
MLCI,0.43398258090019226
MGNX,0.433941125869751
SPHL,0.43372640013694763
COKE,0.43372195959091187
FGNX,0.43369776010513306
AIV,0.4336366057395935
WAL,0.43362143635749817
AYTU,0.433584988117218
TALK,0.43355312943458557
AMS,0.4335472583770752
PSIX,0.43343302607536316
MREO,0.43340080976486206
CURV,0.4332871735095978
EQR,0.43323615193367004
BSBK,0.4332349896430969
OSS,0.43314945697784424
GDS,0.43314453959465027
TOI,0.43309053778648376
OFIX,0.43305447697639465
ALTO,0.43303874135017395
KFRC,0.43297383189201355
JCSE,0.43295684456825256
CSBR,0.43291473388671875
BNED,0.4329080283641815
FRSX,0.43289995193481445
AEI,0.4328998327255249
EYE,0.43286362290382385
EQ,0.4327995777130127
SEER,0.4327984154224396
RRGB,0.4327261745929718
SQFTP,0.43269795179367065
STRR,0.43267321586608887
NXTT,0.43265777826309204
STRT,0.4326128363609314
HCTI,0.43261075019836426
OMC,0.4325964152812958
AMWL,0.4325776994228363
BPYPN,0.4325636327266693
HIX,0.43256130814552307
BIOX,0.4325125217437744
DOCN,0.4324605166912079
REGN,0.4324457049369812
ABG,0.4323170781135559
LANV,0.4323021173477173
AZTR,0.43227618932724
GREE,0.43226388096809387
NCMI,0.4322340786457062
EDRY,0.43217507004737854
IMA,0.4321233332157135
PAVM,0.43209734559059143
ATEX,0.4320703446865082
MDXH,0.43195921182632446
IMDX,0.4319138824939728
PFE,0.4318917691707611
ACTG,0.4318885803222656
REG,0.4318675696849823
WKSP,0.43182235956192017
DFDV,0.4317878782749176
STN,0.43177488446235657
BDN,0.43166273832321167
FLL,0.4315274953842163
YTRA,0.4315257668495178
POCI,0.431501567363739
MRM,0.4314495921134949
HCSG,0.4314132332801819
UMAC,0.43137672543525696
SRI,0.4313754439353943
IVF,0.4313531816005707
IZEA,0.4312061071395874
NRXP,0.43113839626312256
EHTH,0.43112438917160034
PRZO,0.4310685694217682
DNTH,0.43105608224868774
KPTI,0.4310474693775177
COSM,0.43087995052337646
DTSS,0.43081873655319214
SAFT,0.4307743310928345
MMS,0.43072348833084106
PTCT,0.43066710233688354
OCUL,0.43065115809440613
STC,0.43058133125305176
ARKO,0.4305804669857025
NXXT,0.4305475652217865
LX,0.43054652214050293
RDW,0.43052971363067627
BKU,0.4305184781551361
RDACU,0.43040743470191956
AXGN,0.4303981363773346
OMER,0.4303261637687683
IX,0.4303101897239685
BBDC,0.43028882145881653
HYLN,0.4302389919757843
SAFE,0.43020355701446533
ARTL,0.4301631450653076
PAL,0.4301026165485382
ANGI,0.43008506298065186
VICI,0.43007025122642517
TAOX,0.4299885928630829
FISV,0.42993298172950745
CHRN,0.4299323260784149
RCKY,0.42989489436149597
FVNNR,0.4298861026763916
QNTM,0.42988336086273193
PWR,0.429831326007843
STRO,0.42981308698654175
DFSC,0.429709255695343
SLDB,0.42968878149986267
SARO,0.4296407997608185
CISO,0.42961668968200684
DLNG,0.42958077788352966
TECX,0.42950311303138733
JXG,0.4294913709163666
SNES,0.4292837381362915
WATT,0.42914557456970215
ISTR,0.4291374385356903
FNGR,0.42910557985305786
SPRU,0.4291014075279236
FSLY,0.4290907680988312
BNTX,0.4290475845336914
ERNA,0.42903459072113037
CNXC,0.4289521872997284
QUIK,0.4289339482784271
ICON,0.42891639471054077
DARE,0.428835928440094
ECVT,0.4288088381290436
CTRN,0.4287863075733185
ONMD,0.42871758341789246
EWTX,0.42870044708251953
ANY,0.4286057651042938
NXGL,0.4285568296909332
RDHL,0.42855405807495117
KSCP,0.4285165071487427
KITT,0.4282470643520355
TNON,0.4282279908657074
VTVT,0.4281977117061615
PRPO,0.42815035581588745
ALLO,0.4281482696533203
POWW,0.4281297028064728
RDNT,0.42807263135910034
PYPD,0.4280659854412079
TVRD,0.42805564403533936
PRK,0.4280550181865692
AEO,0.4280441999435425
GAUZ,0.42799216508865356
ARE,0.42798012495040894
BGS,0.42792975902557373
OPFI,0.4278621971607208
SHC,0.4278400242328644
HCXY,0.42782849073410034
DCH,0.42773309350013733
FRSH,0.42766833305358887
BOKF,0.4275681674480438
IVDA,0.4275134801864624
PFH,0.42746955156326294
HIT,0.4274386465549469
LRE,0.4274247884750366
GDTC,0.42734840512275696
HTZ,0.42731496691703796
EQH,0.4273023009300232
STAG,0.4272712469100952
IMRN,0.42720431089401245
ANIX,0.4271998703479767
FRT,0.4271383583545685
VIOT,0.42713603377342224
EXPD,0.42701050639152527
EVH,0.4270004332065582
PROP,0.4269999861717224
NESR,0.42699286341667175
USAR,0.4269914925098419
PEP,0.4269860088825226
SAR,0.42696821689605713
BCAX,0.4269408881664276
FFBC,0.4268859922885895
MMT,0.4268803894519806
VNRX,0.4268227219581604
MKTW,0.4267846643924713
TBLA,0.4267841875553131
IQST,0.4266704022884369
ARDT,0.4266461730003357
CNTB,0.4266361892223358
CTBI,0.42654839158058167
IESC,0.4265005886554718
CADL,0.4264695346355438
STKE,0.4264337718486786
NODK,0.42637091875076294
UK,0.426345556974411
PPT,0.4263453781604767
PENG,0.4263162612915039
CGNT,0.4262564778327942
CIM,0.42619332671165466
KEYS,0.42617011070251465
MDIA,0.4261043965816498
EVTC,0.42603063583374023
INOD,0.42590779066085815
ADAMZ,0.42586928606033325
INDO,0.42583543062210083
WSR,0.42582035064697266
AGL,0.4257943332195282
ALB,0.4257495105266571
DHR,0.4256899058818817
BIRD,0.42567673325538635
INEO,0.42560282349586487
KNDI,0.425497829914093
RLX,0.425356388092041
BIIB,0.4253515899181366
ALDX,0.4252478778362274
NNI,0.4252210557460785
SVRA,0.4252101480960846
HTT,0.42513027787208557
ALZN,0.4249482750892639
KRO,0.4249368906021118
SOTK,0.42492786049842834
VERU,0.42484617233276367
BFS,0.42483291029930115
RZLT,0.42482423782348633
TDG,0.4247463047504425
ALGS,0.4247330129146576
KEY,0.4247119426727295
WDH,0.42469602823257446
OCS,0.42461177706718445
REBN,0.42456933856010437
NEUP,0.4245147407054901
FPH,0.42438578605651855
SST,0.42433619499206543
LWLG,0.42432326078414917
ISSC,0.42423975467681885
BVFL,0.42422929406166077
DHX,0.4241926968097687
MSS,0.42410212755203247
OPAD,0.4240841269493103
FOXX,0.4239963889122009
PHAR,0.42394357919692993
DCOY,0.423871785402298
PERF,0.42387086153030396
IMPPP,0.42374172806739807
CLRB,0.4237237274646759
MTC,0.42366844415664673
CRBU,0.4236378073692322
FPF,0.4236108362674713
ZG,0.4235714077949524
XOM,0.4235612750053406
NCSM,0.42353230714797974
ENS,0.4235282838344574
HYFM,0.4235273599624634
GOGO,0.42352572083473206
ADUR,0.42349329590797424
AMAT,0.4234270453453064
LOCL,0.4234071373939514
EVC,0.4233778119087219
PASG,0.4233299791812897
MCN,0.42331281304359436
BTX,0.4232415556907654
CDRO,0.42310720682144165
TOWN,0.42300838232040405
YMM,0.4228445291519165
DH,0.4227992594242096
PRTA,0.4227542579174042
STKH,0.422735333442688
RPRX,0.42272794246673584
TRUP,0.4227053225040436
NMTC,0.42268404364585876
NVX,0.422660231590271
CPSH,0.4226435124874115
CLSK,0.42262229323387146
GH,0.42257770895957947
ESEA,0.4225411117076874
LUCYW,0.4225238561630249
SRAD,0.4224383234977722
ALGN,0.4224318563938141
JELD,0.42240047454833984
BNAI,0.4223451018333435
HYPD,0.42230790853500366
BTBD,0.42224639654159546
INV,0.42223191261291504
LU,0.4221821129322052
MYE,0.4221487045288086
JYD,0.422107070684433
TOP,0.42210331559181213
OFLX,0.4220585525035858
DSL,0.42204803228378296
IDAI,0.4220120310783386
BST,0.4219687879085541
BEEM,0.42194443941116333
NTR,0.4218480587005615
APT,0.4218440353870392
DLTH,0.42183393239974976
GPRO,0.42179247736930847
VEEA,0.42174282670021057
REAL,0.4216715097427368
CRMT,0.42160749435424805
PRHI,0.4215640127658844
HCAT,0.42151737213134766
SWK,0.4214725196361542
HKD,0.42146235704421997
ATYR,0.4214569330215454
GNPX,0.42140138149261475
TKLF,0.42133787274360657
HSDT,0.42110928893089294
ABLV,0.42107850313186646
TSAT,0.42106422781944275
IGIC,0.42102617025375366
CRCT,0.42099592089653015
RGTI,0.4209839105606079
SLE,0.42095813155174255
RNAZ,0.420949786901474
NYC,0.4209418296813965
INVE,0.4207843244075775
SPNT,0.4207756519317627
MHLA,0.4206588864326477
SYNX,0.42062851786613464
BWXT,0.42053624987602234
XXII,0.4205327033996582
CRBP,0.4204834997653961
NNOX,0.42048245668411255
XCH,0.42047426104545593
BTOG,0.4204045534133911
RVP,0.4203714430332184
INUV,0.4203454852104187
EHI,0.42032214999198914
AKO-A,0.42029866576194763
RDNW,0.4201587736606598
ACIU,0.4200972616672516
MTEK,0.42005839943885803
CSGP,0.42002952098846436
KPRX,0.4199940264225006
OPEN,0.41999030113220215
CGTX,0.41994887590408325
SLMT,0.41992297768592834
EBMT,0.41986656188964844
ULBI,0.4198583662509918
ESP,0.41977009177207947
LGL,0.41971513628959656
ZTEK,0.4196479320526123
EVTV,0.41962307691574097
NPWR,0.4195958077907562
ORCL,0.4195632338523865
VMC,0.4194726049900055
LAC,0.41933614015579224
DYN,0.41932201385498047
NWGL,0.4192204475402832
SBXD,0.41914689540863037
BHM,0.4191426932811737
GHG,0.41913846135139465
DTIL,0.41907134652137756
KLTR,0.41905996203422546
DBVT,0.41902562975883484
LVLU,0.41898828744888306
KMX,0.41897138953208923
BSIN,0.4188936650753021
DTF,0.4188435971736908
OCG,0.418821781873703
CTXR,0.4187353849411011
RVT,0.41870421171188354
GMHS,0.4186927378177643
PRTH,0.41860347986221313
GUTS,0.4185788929462433
THCH,0.41856011748313904
NAMI,0.4185444116592407
TXMD,0.41850805282592773
SLSN,0.4184553921222687
NCEL,0.4184280037879944
PSTL,0.4183017313480377
TCBS,0.4182935655117035
TASK,0.4182550311088562
OIO,0.41823700070381165
VIR,0.41804882884025574
SDGR,0.418014258146286
FURY,0.4179530143737793
UPXI,0.41793686151504517
DTI,0.4178849756717682
CHAI,0.4178655743598938
SINT,0.4177785813808441
PSTV,0.4177197515964508
MEGI,0.4176201820373535
HOUR,0.417615681886673
SANA,0.4174920618534088
WLDN,0.41746947169303894
INKT,0.4174403250217438
SCWO,0.41734933853149414
TGEN,0.4173066020011902
KTTA,0.41727325320243835
CDLX,0.4171171486377716
MSBIP,0.41704505681991577
XFOR,0.41703927516937256
UIS,0.416993111371994
ZM,0.41692599654197693
AOSL,0.4169081449508667
AWX,0.41687408089637756
ZTR,0.41682490706443787
AUTL,0.4168199300765991
ELAB,0.41675126552581787
DRCT,0.4167494475841522
BALY,0.41674143075942993
VRA,0.41667360067367554
AEF,0.4165979027748108
NVEC,0.4165663421154022
IIIN,0.4165504574775696
BDRX,0.4165341258049011
AZ,0.4165326654911041
HUT,0.41652926802635193
NDRA,0.4165162742137909
LGCL,0.4165068566799164
JDZG,0.416403591632843
VRME,0.4163934886455536
HPI,0.41639190912246704
PUBM,0.41634759306907654
FMX,0.4163358509540558
DMC,0.4163341224193573
IPWR,0.4162738025188446
CCK,0.4162040650844574
SLP,0.41620323061943054
MNDR,0.41620051860809326
NYXH,0.4161871075630188
BFRG,0.4161794185638428
RSKD,0.41615617275238037
HLNE,0.41614407300949097
CCSI,0.4161407947540283
NGVC,0.41613098978996277
BTCS,0.4161045253276825
COOT,0.4160607159137726
NHPAP,0.41599634289741516
GWH,0.41597044467926025
AWP,0.4159165620803833
DNOW,0.4158531129360199
LMFA,0.41583335399627686
NMAD,0.4158230423927307
CRON,0.41580063104629517
RTB,0.4157007336616516
CMS,0.4156748056411743
UCTT,0.4155730903148651
CALX,0.41556695103645325
IGD,0.41555213928222656
EBC,0.41552746295928955
AVX,0.4154079258441925
INDI,0.41535428166389465
OPAL,0.41532769799232483
MDAI,0.41525477170944214
FTH,0.41525447368621826
TFIN,0.4151119887828827
RPAY,0.4151029586791992
BGSF,0.41510114073753357
YSG,0.4150458574295044
PEBK,0.4150264859199524
GRWG,0.41497743129730225
CASH,0.4149423837661743
ILAG,0.41483017802238464
WILC,0.41482385993003845
SMWB,0.4148041009902954
IDT,0.4147481322288513
RICK,0.41468507051467896
CERS,0.41467392444610596
LIDRW,0.41454100608825684
NUVB,0.4145347476005554
RFAI,0.4144328236579895
ACIW,0.41442015767097473
CBFV,0.4144115447998047
SLXN,0.4143923819065094
USGO,0.41436347365379333
OHI,0.41435644030570984
MSGM,0.4143521785736084
LSE,0.4142560064792633
CODX,0.4141713082790375
CVGI,0.41416072845458984
JZXN,0.4141119718551636
SFBC,0.4140164852142334
PSIG,0.4140075743198395
GPRE,0.4139891266822815
FLD,0.4138934910297394
MSLE,0.41389089822769165
SOWG,0.41383934020996094
MLSS,0.41374436020851135
MRBK,0.41372424364089966
INBK,0.4136943519115448
IBO,0.4136485755443573
GLXG,0.41360166668891907
MBRX,0.41356876492500305
UTSI,0.4135516881942749
GRAL,0.41353076696395874
WSFS,0.41344961524009705
SGC,0.4133899509906769
INTS,0.4133721888065338
DDC,0.41333892941474915
FSLR,0.41332364082336426
ADTN,0.4133059084415436
FRHC,0.41329655051231384
CSTE,0.41324663162231445
CTNM,0.4131838083267212
DXC,0.413155734539032
CAAS,0.41299721598625183
SIDU,0.41296592354774475
HFRO,0.4127446115016937
ELME,0.41270625591278076
PRTS,0.41263285279273987
GTBP,0.41258499026298523
NSYS,0.4125533103942871
APPS,0.4125412106513977
IQ,0.41252878308296204
CENX,0.41248956322669983
AIMD,0.4124602675437927
GRML,0.4123924970626831
MTLS,0.4123682677745819
TRNR,0.41233089566230774
PHIO,0.41220641136169434
LTRX,0.41208571195602417
LIND,0.41205671429634094
AGEN,0.41204530000686646
WOK,0.4119721055030823
SNDL,0.4119446277618408
PNBK,0.4117699861526489
DXPE,0.4117436110973358
YHNAU,0.41167494654655457
BRBS,0.4116581380367279
MXC,0.41161903738975525
DCTH,0.4115651547908783
UDR,0.41156089305877686
RMAX,0.41155892610549927
TE,0.4115321934223175
ETV,0.41149359941482544
RDI,0.4114902913570404
SIMA,0.4113557040691376
VBIO,0.41129979491233826
ADUS,0.41128668189048767
AIFF,0.41127467155456543
PCTY,0.4111398458480835
GOVX,0.41107726097106934
EPC,0.4108717739582062
RGC,0.41081711649894714
RMCF,0.41081246733665466
SEED,0.41073569655418396
HERE,0.41067320108413696
MTZ,0.4105229675769806
ZKIN,0.41050735116004944
AMSF,0.41047218441963196
LZB,0.41041281819343567
MTVA,0.4103968143463135
GPN,0.41037851572036743
ICLR,0.4103766977787018
PIM,0.41032737493515015
GHM,0.41032615303993225
GLOB,0.41029104590415955
SWVL,0.4102029800415039
TWLO,0.41020089387893677
MGRB,0.41010454297065735
GOOD,0.41000616550445557
LEE,0.40995630621910095
MAMA,0.40990322828292847
GCTK,0.40988218784332275
DHF,0.40985292196273804
FTFT,0.40982916951179504
NXE,0.40982237458229065
ACGL,0.40981316566467285
ESLA,0.4098019301891327
LIDR,0.40969979763031006
JCTC,0.4096734821796417
BBDO,0.40966278314590454
EMF,0.4096301198005676
WABC,0.40954384207725525
SMR,0.40953049063682556
ODC,0.40951481461524963
BYSI,0.4094902575016022
GVH,0.40949010848999023
TWO,0.40948882699012756
BBAI,0.40948691964149475
GHY,0.40940314531326294
XNET,0.4093998074531555
VRTS,0.4092704653739929
SHIP,0.4092290699481964
HON,0.40920761227607727
RMTI,0.4091843068599701
AIRTP,0.40913036465644836
MATV,0.4090472161769867
ADAG,0.40903306007385254
UBCP,0.40902161598205566
WKHS,0.40897613763809204
TD,0.40887272357940674
HBAN,0.4088567793369293
TOUR,0.4087603688240051
SHLS,0.40867772698402405
MNY,0.4085940420627594
STEX,0.40854719281196594
FLX,0.4084993004798889
CCIX,0.40843477845191956
UBXG,0.40839633345603943
IHT,0.4083484411239624
GTEC,0.40819257497787476
CNA,0.4081738293170929
RYM,0.4081162214279175
BRZE,0.4079742431640625
AMTM,0.4079696238040924
OTLK,0.407924085855484
PMCB,0.40792256593704224
PETS,0.40785637497901917
ESE,0.4078545570373535
IMAX,0.4078417420387268
AMPL,0.40783214569091797
INCR,0.4077233076095581
BRUN,0.4076152741909027
FBP,0.4075879454612732
LGO,0.4075610041618347
SUIG,0.40750452876091003
VSTD,0.4075009822845459
DTSQ,0.40743598341941833
SGRP,0.40742623805999756
CMTV,0.407397598028183
RCKT,0.40737274289131165
WTRG,0.4072619080543518
ENTA,0.40724360942840576
MBIO,0.40709438920021057
TROW,0.4070694148540497
VNT,0.4070214629173279
CZR,0.40701428055763245
PED,0.4069979190826416
GPMT,0.4069938361644745
CHRS,0.40699318051338196
DRTS,0.40684300661087036
CLFD,0.4068036675453186
SELF,0.4067889451980591
SPRO,0.40678420662879944
FNWB,0.4067814350128174
BWBBP,0.4066908061504364
GROW,0.40668949484825134
NOEMU,0.4066142737865448
TBI,0.40658384561538696
MCFT,0.4065471589565277
TMCI,0.4065377712249756
ALAR,0.40638574957847595
QBTS,0.4063851833343506
NAAS,0.4063585698604584
YCBD,0.4063047170639038
MDU,0.4062826931476593
TWG,0.406205415725708
PGR,0.40618881583213806
DLTR,0.4060235023498535
LCTX,0.4058956205844879
GRI,0.4058437943458557
ADV,0.40576308965682983
RF,0.4057462513446808
UAVS,0.4056224524974823
AEFC,0.40535643696784973
CBT,0.4053391218185425
CYPH,0.4053252935409546
SGML,0.40531256794929504
RNXT,0.40528106689453125
SOGP,0.4051312804222107
AKAN,0.4050792157649994
MMLP,0.4050060212612152
OESX,0.40486177802085876
SDA,0.40472203493118286
TIL,0.40471917390823364
MTNB,0.40470463037490845
ANVS,0.40468722581863403
AKTX,0.4046715497970581
HQI,0.4046715497970581
PSQH,0.40451160073280334
Z,0.40451154112815857
SABA,0.40445879101753235
CDT,0.4044549763202667
OLN,0.40444889664649963
EVLV,0.4043477475643158
KYN,0.4043467938899994
PLBY,0.404326856136322
BSY,0.4042986333370209
CURI,0.4042850434780121
ZTS,0.40428417921066284
CCNEP,0.4042678773403168
IOVA,0.4041936695575714
PTHS,0.40419328212738037
MTN,0.40412893891334534
RCG,0.4040772318840027
TPET,0.4040277302265167
WOOF,0.4040220379829407
ICCM,0.40389055013656616
BSX,0.40386518836021423
EDSA,0.40380609035491943
RDZN,0.40377283096313477
ADSE,0.40373891592025757
REED,0.4036571681499481
PKOH,0.40358197689056396
NSLR,0.4035584330558777
SY,0.4035318195819855
AMBP,0.40345069766044617
ERII,0.40332484245300293
NCZ,0.40322592854499817
GAMB,0.4031798243522644
HG,0.40312349796295166
ASRV,0.4030676782131195
RVTY,0.40300387144088745
NTLA,0.40280741453170776
ZONE,0.40277090668678284
COLM,0.40276193618774414
VEON,0.4025983214378357
BNZI,0.40252020955085754
TDF,0.4025173783302307
SKYX,0.40251192450523376
STTK,0.40249013900756836
TRIB,0.40248629450798035
FOSL,0.4024450480937958
PII,0.40235164761543274
BFRI,0.40228986740112305
EPRT,0.40223759412765503
PRE,0.4022326171398163
LOBO,0.40222498774528503
DOV,0.4020991623401642
HPP,0.4020839333534241
ISOU,0.402063250541687
PB,0.4019477665424347
PLTR,0.4018953740596771
CNDT,0.4017453193664551
VIVK,0.40170320868492126
ATMU,0.4016571640968323
MGEE,0.401647686958313
BIO,0.4015863239765167
CRM,0.4015766978263855
VLT,0.40151992440223694
OPHC,0.40145382285118103
UVE,0.4014366567134857
TRLV,0.4013201594352722
XHG,0.4013044536113739
IRIX,0.4012267291545868
BKYI,0.40116602182388306
EXFY,0.40116211771965027
REAX,0.40112483501434326
APPF,0.4009959399700165
PLAG,0.4009544551372528
SPWR,0.4007010757923126
VYNE,0.4006686508655548
EOI,0.4006595015525818
PLX,0.40053409337997437
MRDN,0.40043407678604126
CAN,0.40041717886924744
SOBR,0.40032345056533813
NXL,0.4002954661846161
BODI,0.4002695083618164
PDSB,0.4001970887184143
NBXG,0.4001389145851135
EAF,0.4000590145587921
GDC,0.3999751806259155
ONL,0.3999631404876709
AMG,0.3998488783836365
CUBE,0.39984121918678284
MDB,0.39975810050964355
SFBS,0.39971673488616943
JFU,0.39958325028419495
EOG,0.39957383275032043
PAPL,0.39942070841789246
SENS,0.3992851972579956
FNGD,0.3992249071598053
RLMD,0.3990841805934906
BVC,0.39897191524505615
NFLX,0.3989638090133667
CAL,0.3988972306251526
ETSY,0.3988529443740845
UFI,0.39880484342575073
GLDG,0.3985835313796997
CRNX,0.3985501825809479
WAI,0.39850643277168274
BAK,0.398474782705307
HIHO,0.3984513282775879
CLIR,0.39845046401023865
OCGN,0.39843934774398804
LUCY,0.3984237611293793
JF,0.39836251735687256
GTES,0.3982762396335602
ADGM,0.3980439305305481
VAC,0.3980272114276886
CETX,0.39790698885917664
RSSS,0.3977663815021515
SOAR,0.39776042103767395
AIHS,0.3977384567260742
GWAV,0.39761877059936523
TWAV,0.39758193492889404
RXRX,0.39754417538642883
ACHV,0.3975217938423157
DYNCU,0.39750829339027405
MGNI,0.3975031077861786
HDL,0.39746859669685364
JPC,0.39746713638305664
MFI,0.397451788187027
SGRY,0.3974413573741913
GNL,0.3974376320838928
PBHC,0.39742618799209595
LGIH,0.39729633927345276
TGL,0.3972817063331604
RAYA,0.397075891494751
GRO,0.39706680178642273
STI,0.3970460891723633
SYPR,0.3970049321651459
ZURA,0.3969963490962982
UUU,0.39698562026023865
HERZ,0.3968939781188965
TTMI,0.3968585133552551
MITQ,0.3967476189136505
ORI,0.39670297503471375
ARL,0.3966508209705353
ORKA,0.3965805470943451
SONM,0.3965790271759033
SRXH,0.39643505215644836
NTRP,0.39641034603118896
RDAC,0.39640745520591736
HWH,0.39634576439857483
FEED,0.3962520956993103
NMZ,0.39622485637664795
TTAN,0.3961992561817169
VCIG,0.3961825668811798
PACS,0.39608290791511536
TTI,0.3960455358028412
NTZ,0.3957594633102417
WWW,0.39575859904289246
TOMZ,0.39572736620903015
CNEY,0.39566531777381897
RVSN,0.39560285210609436
LOB,0.3955857455730438
MBUU,0.3955613672733307
OGI,0.3955199420452118
ARAY,0.3953278660774231
STG,0.3953259587287903
CTMX,0.39532557129859924
FPI,0.39531248807907104
VVR,0.39525994658470154
SOC,0.3951616585254669
SGLY,0.3951597809791565
EBON,0.395072877407074
SCKT,0.39501550793647766
SLSR,0.39500004053115845
WBS,0.39496874809265137
NAII,0.39491918683052063
SRE,0.3949088454246521
ALDF,0.3947778642177582
OACCU,0.3947504460811615
IH,0.3946712613105774
AIOS,0.39462995529174805
PALI,0.3944920301437378
NBTB,0.3943975567817688
DIT,0.39439576864242554
ISPR,0.3943708837032318
LSBK,0.39436206221580505
SUPX,0.3942336142063141
TOON,0.39417749643325806
CMT,0.39404571056365967
ABEO,0.39403781294822693
WNW,0.39393943548202515
FN,0.39388617873191833
BE,0.39385485649108887
HOVNP,0.3938122093677521
WELL,0.3938104212284088
GURE,0.39372700452804565
HRTX,0.39360472559928894
CMCT,0.3935390114784241
RCI,0.39345577359199524
SMPL,0.393406480550766
OXSQG,0.39339494705200195
TECK,0.3933854401111603
ENR,0.3933769762516022
CHDN,0.39337682723999023
CLDI,0.39336565136909485
KVHI,0.3933301568031311
BXMT,0.39329993724823
TLSA,0.39323171973228455
ENTX,0.39320987462997437
SOJE,0.39318549633026123
USBC,0.3931438624858856
ZEPP,0.3931373357772827
PCSA,0.3931356370449066
FCF,0.3931219279766083
CYCN,0.3931170403957367
BBUC,0.3930772542953491
YIBO,0.3930510878562927
ZIP,0.39296483993530273
ACFN,0.39293867349624634
GDEV,0.39289143681526184
WALDW,0.39285600185394287
TV,0.3926309049129486
ATOS,0.3925856053829193
AIFA,0.39258554577827454
MFIC,0.3925658166408539
HSAI,0.39254823327064514
NHI,0.392470121383667
UCAR,0.39246341586112976
ICHR,0.3924320936203003
SYBT,0.3923152983188629
SSYS,0.3922838866710663
AKA,0.3922259211540222
CHEF,0.39222362637519836
CELU,0.392161101102829
HTOO,0.39203134179115295
FWDI,0.39194032549858093
OSRH,0.39191439747810364
OMCL,0.3918643891811371
LPA,0.3918432891368866
FACTU,0.39166221022605896
ZEO,0.39165306091308594
GV,0.39165204763412476
ARBK,0.3916507065296173
AVAV,0.39148983359336853
CLB,0.3914704918861389
ADM,0.3913697302341461
BUSE,0.3913606107234955
AYI,0.391278475522995
EVGO,0.391243577003479
SRTA,0.3912321925163269
KXIN,0.39118584990501404
MGRD,0.39115142822265625
CLW,0.39112770557403564
AGM-A,0.3910445272922516
PRI,0.39104437828063965
WHWK,0.39085185527801514
BYAH,0.3907829523086548
ZDAI,0.3907802700996399
LEGN,0.3907153308391571
BCAB,0.3903709053993225
ITT,0.3903094530105591
TFSL,0.39029982686042786
CCG,0.3902996778488159
EFSCP,0.3902725577354431
SCNX,0.39026495814323425
DX,0.3902513384819031
PRFX,0.390155553817749
NXTC,0.3901524245738983
SSM,0.3901202082633972
NEPH,0.39011895656585693
DSS,0.39001089334487915
PFX,0.389907568693161
CXAI,0.3898664712905884
CGEN,0.389835923910141
INTJ,0.3897559642791748
UHAL-B,0.3896332085132599
AXSM,0.3895829916000366
TIGR,0.38957488536834717
AERT,0.3895730674266815
HST,0.3894600570201874
METCB,0.3893466591835022
GBX,0.38927143812179565
RWT,0.38923561573028564
RJF,0.3892258405685425
NVNO,0.38913413882255554
JNJ,0.38906532526016235
SW,0.38902583718299866
APRE,0.389011412858963
AIG,0.38900938630104065
EVCM,0.38887718319892883
BTI,0.3888019919395447
AVY,0.3887673020362854
BHC,0.3886200487613678
PHVS,0.38859009742736816
OSK,0.38854050636291504
KSS,0.38851338624954224
PSHG,0.3884780704975128
CPOP,0.3883650004863739
MBAI,0.3883541524410248
IMUX,0.38833293318748474
RLTY,0.38830557465553284
DLB,0.38810721039772034
AWRE,0.3880893290042877
IPSC,0.3880557715892792
BV,0.387977659702301
PBI,0.38795456290245056
ENSC,0.38794249296188354
YAAS,0.3879207670688629
TH,0.38789451122283936
SSP,0.38784193992614746
LUCD,0.3878347873687744
TRUG,0.38779667019844055
GJT,0.38776758313179016
GJS,0.38772356510162354
BMY,0.3875991404056549
SSTI,0.3875005841255188
OACC,0.3874622881412506
INLX,0.3874601423740387
KD,0.3874107897281647
GGAL,0.3873510956764221
MOB,0.38727325201034546
CMRC,0.3872084617614746
BOLT,0.3871786892414093
PXS,0.3871239721775055
GLMD,0.3871228098869324
FELE,0.38704127073287964
ONEW,0.38696417212486267
NEGG,0.3869330585002899
ELV,0.3867761790752411
API,0.3866635262966156
BBY,0.3866540789604187
GROY,0.3866392970085144
HIO,0.3865150213241577
AVO,0.3864571750164032
SATL,0.3864327669143677
ITOC,0.3863913416862488
GFR,0.3863409757614136
FRGT,0.3862905204296112
AIFC,0.3862728476524353
CCNE,0.38618147373199463
TOYO,0.38609352707862854
DJCO,0.38600480556488037
ASPCU,0.38584989309310913
CBAT,0.3857645094394684
BENF,0.38575279712677
MNPR,0.3856823444366455
RIME,0.38562241196632385
JG,0.3856034278869629
PVH,0.3855701684951782
PRGS,0.3855678141117096
TRVG,0.38554447889328003
EG,0.3855106234550476
FVNNU,0.3854767680168152
BKSY,0.38537150621414185
GLBS,0.38526979088783264
SOUN,0.3851999044418335
CBSH,0.3851716220378876
SHFS,0.38514411449432373
TNYA,0.3851180374622345
DBX,0.38508328795433044
GGR,0.38505128026008606
HASI,0.38497400283813477
STAA,0.3848949670791626
UTZ,0.3848824203014374
SERV,0.3848516643047333
RENT,0.38481879234313965
VIAV,0.38478702306747437
MLGO,0.38475173711776733
DE,0.38473767042160034
SERA,0.384662389755249
MCD,0.3844932019710541
AMRN,0.38447457551956177
AMCI,0.38442763686180115
VS,0.38440975546836853
TRDA,0.38434767723083496
GXAI,0.38421395421028137
DTSQU,0.3841632902622223
MGM,0.3840818703174591
BOH,0.384048193693161
BALL,0.38399630784988403
ALBT,0.38389331102371216
SHPH,0.3838706314563751
SPWH,0.38385501503944397
WCT,0.38373276591300964
IR,0.38363003730773926
BOX,0.383542001247406
AUST,0.383489727973938
CREG,0.38348621129989624
ELVA,0.3834024667739868
TONX,0.3831288516521454
FIGS,0.38308772444725037
FTS,0.38306161761283875
EZRA,0.3827461004257202
CETY,0.38266006112098694
PLXS,0.38261789083480835
BXP,0.38227131962776184
RBKB,0.38225698471069336
BURU,0.3821371793746948
AQB,0.3821261525154114
RNWWW,0.38202419877052307
IFBD,0.3820176422595978
NCTY,0.3819965720176697
WGS,0.38195961713790894
ZCMD,0.38193169236183167
BRLT,0.38191065192222595
HCWB,0.38182803988456726
PFXNZ,0.38181447982788086
AVBH,0.38177698850631714
BRN,0.38175705075263977
IPGP,0.3816254436969757
RBRK,0.3816060721874237
IONQ,0.38159412145614624
BIAF,0.38158461451530457
ANIP,0.3815731406211853
FSS,0.38156718015670776
GBLI,0.38154593110084534
UAA,0.3815435767173767
GSUN,0.38142159581184387
FLWS,0.38141828775405884
SWAG,0.38116002082824707
BOTJ,0.3811093866825104
FEMY,0.3810580372810364
WEAV,0.3810402750968933
NB,0.3810291886329651
TDACU,0.3809701204299927
MTEX,0.380937784910202
IBAC,0.38078615069389343
IREN,0.38074544072151184
AVIR,0.38073521852493286
OXLC,0.3806641399860382
PXLW,0.38065117597579956
KREF,0.38063597679138184
CLGN,0.380626916885376
LTC,0.38046127557754517
IBG,0.3804309368133545
AUBN,0.3804088234901428
MGR,0.38025963306427
VYGR,0.38021528720855713
MYND,0.38017117977142334
ALFUU,0.3801581561565399
RMCO,0.38002872467041016
ABTS,0.3798694312572479
EXTR,0.3797833025455475
CUE,0.37978023290634155
NIU,0.37963566184043884
RDIB,0.37961912155151367
BCV,0.37952515482902527
ANET,0.37943458557128906
GROV,0.3794165253639221
RYDE,0.3793385326862335
QMCO,0.37930360436439514
GRF,0.37928450107574463
BLNE,0.37921014428138733
INDV,0.37917134165763855
NOVT,0.37914517521858215
XMAX,0.3790947496891022
KRC,0.3789803087711334
LITB,0.3788914382457733
FLNT,0.3788735866546631
ELSE,0.37882450222969055
DUK,0.37879377603530884
RADX,0.3787144124507904
NXTS,0.37858840823173523
SOS,0.3785226345062256
III,0.3784914016723633
XBP,0.37845683097839355
FAST,0.37841519713401794
NGNE,0.37835070490837097
ADCT,0.37834078073501587
CTNT,0.37833502888679504
AMPX,0.378315269947052
SPXC,0.37829115986824036
CHMI,0.3782069683074951
NPKI,0.3781454563140869
RCUS,0.3781014084815979
ONCO,0.3780726492404938
CSTL,0.3780076503753662
PATH,0.3778199553489685
BNTC,0.37781354784965515
GCL,0.3778112232685089
THG,0.3777772784233093
MGF,0.3776600956916809
BON,0.3775538206100464
UA,0.3775222599506378
DUKR,0.37746939063072205
DRUG,0.3772582709789276
SLAI,0.37700414657592773
FUND,0.37699541449546814
AMN,0.376970112323761
QETA,0.37691593170166016
OPTU,0.3768360912799835
SLI,0.3767431378364563
ARLO,0.3767271637916565
SIFY,0.3767155408859253
VXX,0.3766956329345703
IBRX,0.3765629231929779
GYRE,0.37650853395462036
AKBA,0.37646761536598206
BNR,0.37645983695983887
HIND,0.37639105319976807
XPL,0.3763643205165863
GDHG,0.37622326612472534
QTEX,0.376152902841568
CCCC,0.3760879337787628
HLIO,0.37606188654899597
TAVI,0.3757788836956024
KODK,0.37575405836105347
AMIX,0.3757111132144928
NAUT,0.37567856907844543
URGN,0.37567585706710815
FUL,0.37563517689704895
VRAX,0.37555867433547974
SMSI,0.3754761219024658
TAOP,0.3753673732280731
LIVE,0.37530145049095154
GAME,0.3752806484699249
EQS,0.37519538402557373
MFA,0.37510013580322266
YHGJ,0.3750324249267578
OLB,0.3750218152999878
DSY,0.3749479651451111
RC,0.3747802674770355
TANH,0.37475505471229553
XOS,0.37458375096321106
AMOD,0.3744938373565674
LYB,0.37443941831588745
BHE,0.3743366003036499
FLNA,0.3742823600769043
CELZ,0.37427741289138794
RJET,0.37424442172050476
BQ,0.3741428852081299
BFLY,0.37395167350769043
FTK,0.373935341835022
ECAT,0.3738510012626648
FRMM,0.3738301396369934
ACON,0.3738254904747009
AEP,0.37378358840942383
DXR,0.37366005778312683
EVTL,0.373462438583374
PUK,0.37342995405197144
SANM,0.37333616614341736
PDC,0.373279333114624
TTD,0.37320148944854736
PAR,0.37317758798599243
CXW,0.37314373254776
MS,0.3730158805847168
NCI,0.37299084663391113
MDBH,0.3728109300136566
LPAA,0.37277114391326904
IOT,0.37256595492362976
IRT,0.372523695230484
FDMT,0.37241217494010925
CCTG,0.3722868859767914
FGL,0.37224650382995605
PSNL,0.37222298979759216
MNDO,0.37210339307785034
AEMD,0.37187767028808594
LITS,0.371856689453125
CCM,0.37184739112854004
CODI,0.37182360887527466
MOLN,0.3718233108520508
MSM,0.37181198596954346
LYEL,0.3716108202934265
ICU,0.37156620621681213
YJ,0.37137874960899353
OCFC,0.37131166458129883
RDGT,0.37122347950935364
MYSZ,0.371066689491272
UROY,0.3709937632083893
POLA,0.37095701694488525
PDYN,0.37091344594955444
ACCS,0.37090596556663513
PENN,0.3708500862121582
ASTC,0.37079304456710815
ANGH,0.3705372214317322
VVOS,0.3705277740955353
LQDT,0.3705180883407593
RPID,0.37042543292045593
IIPR,0.3702722489833832
VSME,0.37026503682136536
ONB,0.370245099067688
TPC,0.37019243836402893
NUWE,0.37018242478370667
SEGG,0.37017515301704407
CGC,0.37011298537254333
NBBK,0.37003740668296814
RNG,0.3699991703033447
STOK,0.369906485080719
TVGN,0.3697786033153534
YRD,0.3697321116924286
MFC,0.36969637870788574
BRK-A,0.36962926387786865
BNRG,0.36952677369117737
GRDX,0.36951836943626404
SMTK,0.36948367953300476
BCAT,0.3691450357437134
ES,0.3691214919090271
FUBO,0.3691120445728302
MATH,0.36901581287384033
NRXS,0.36891964077949524
BFAM,0.36878007650375366
EVO,0.3686729967594147
AEIS,0.3686620593070984
BZFD,0.3685968518257141
EVAX,0.36845728754997253
HSCS,0.368437796831131
AUC,0.36836346983909607
BYFC,0.3683244585990906
CNSP,0.368314653635025
SEI,0.3682376742362976
YI,0.36806997656822205
MDRR,0.36805978417396545
AGIG,0.3680560886859894
WD,0.36788055300712585
SEDG,0.36785274744033813
SIGA,0.36784741282463074
WULF,0.36781036853790283
XLO,0.3677794635295868
VTSI,0.3677782416343689
BMRC,0.36772778630256653
CBIO,0.36772218346595764
DXLG,0.36762335896492004
FNB,0.3675466477870941
KRKR,0.36752912402153015
PPLI,0.3673492968082428
CATX,0.3672826588153839
CLH,0.3671933114528656
LITE,0.3671768009662628
FIRY,0.36708131432533264
CSIQ,0.36707183718681335
BDMD,0.36705175042152405
AACG,0.3669168949127197
RNR,0.3668708801269531
JVA,0.3666687607765198
NTRB,0.36650779843330383
HOLO,0.3664693534374237
WIMI,0.36646148562431335
RPT,0.36633580923080444
ENVB,0.3663085997104645
TECH,0.3661656081676483
CNCK,0.36597365140914917
CLDT,0.3658321797847748
XRTX,0.365831196308136
FORTY,0.3658176362514496
BTO,0.36566975712776184
NET,0.36566492915153503
MTCH,0.3654194474220276
CHRD,0.3653241693973541
ATCH,0.36524975299835205
AZZ,0.3650740683078766
CIRC,0.3649623692035675
GNS,0.3644658625125885
SNGX,0.3643447458744049
ZD,0.36426687240600586
INM,0.36426475644111633
AKR,0.3641856908798218
CCI,0.3639845550060272
AHG,0.36395153403282166
AUUD,0.3639194965362549
NAGE,0.3638349771499634
CIG-C,0.36371973156929016
NXDT,0.3636430501937866
LEA,0.3635317385196686
GENI,0.36344584822654724
CKX,0.36305850744247437
ERO,0.3630584180355072
HAO,0.36304885149002075
SXTC,0.3630197048187256
BHST,0.3629051744937897
EL,0.3628949820995331
CSX,0.36288022994995117
DRDBU,0.36273396015167236
PDM,0.3627289831638336
APVO,0.36272647976875305
DDD,0.3626907169818878
QGEN,0.3623809814453125
DZZ,0.3623770475387573
XHR,0.36235511302948
TMC,0.36232274770736694
LPAAU,0.36226168274879456
NTRBW,0.36216962337493896
FAX,0.36211398243904114
PAYO,0.36202552914619446
ATHE,0.36195310950279236
SNAP,0.36194908618927
ZH,0.3617539405822754
CGEM,0.36172962188720703
DTE,0.36165112257003784
NCL,0.361649751663208
DHC,0.36157113313674927
DOYU,0.36151063442230225
CLNN,0.3614664375782013
LILA,0.361370712518692
PGACU,0.3613705337047577
LAES,0.3611072599887848
EXR,0.3610578775405884
TGTX,0.3609434962272644
WPRT,0.36080971360206604
GMM,0.36070942878723145
RELX,0.3606511950492859
UNP,0.3606266677379608
APLM,0.36059072613716125
CEG,0.36057379841804504
LXP,0.36056753993034363
NOW,0.3605017066001892
DOCU,0.3604951500892639
DOCS,0.3604736924171448
SPCE,0.3603729009628296
CLWT,0.36022305488586426
EME,0.36022230982780457
T,0.3602026700973511
IEX,0.36007481813430786
MMA,0.3599526584148407
BVS,0.3597106635570526
TSHA,0.35963812470436096
NXDR,0.3596195578575134
XEL,0.3596079349517822
LGVN,0.3595518469810486
SMTC,0.3595160245895386
SKK,0.3595067262649536
EFOI,0.3593708872795105
SAIA,0.359315425157547
AZI,0.3591230511665344
AMPG,0.35893094539642334
MNTS,0.3589075207710266
AMBO,0.3588186204433441
MARPS,0.358764111995697
ALEC,0.35842734575271606
VISN,0.3582157790660858
AIXC,0.3579913377761841
MATX,0.35798218846321106
LRHC,0.35780665278434753
BBOT,0.35775914788246155
YXT,0.3577224910259247
SSNC,0.3575614094734192
HUDI,0.35745230317115784
UNCY,0.35732510685920715
CCZ,0.35732361674308777
ICFI,0.3572893440723419
BRAG,0.3570215404033661
TAP-A,0.3570006191730499
NNDM,0.3568490147590637
HII,0.3568309247493744
LIQT,0.356643944978714
MLEC,0.35660257935523987
SBC,0.3565797507762909
TS,0.35638827085494995
CC,0.3563483655452728
TGB,0.3563135862350464
AAME,0.35622933506965637
AA,0.35613253712654114
TOPS,0.35612645745277405
JBLU,0.3560442626476288
FMST,0.3558914363384247
ATLCL,0.3558584153652191
OLOX,0.35582849383354187
SPE,0.35578688979148865
RAY,0.35570552945137024
UBS,0.3556084930896759
PRIM,0.35560253262519836
DUO,0.35554248094558716
EVGN,0.35545894503593445
HSIC,0.35486888885498047
DTCX,0.3547963798046112
MEGL,0.35464945435523987
BKKT,0.3546425402164459
SNAL,0.35457050800323486
MOBX,0.35438624024391174
GENC,0.35436147451400757
GIII,0.35414716601371765
KUST,0.35407477617263794
INO,0.3540215790271759
EFSI,0.3540092706680298
RENX,0.3539496958255768
BDC,0.3538949191570282
USAS,0.35382744669914246
BGMS,0.3536624610424042
APH,0.35365059971809387
CWD,0.35341763496398926
PEG,0.3533289432525635
RGCO,0.35317355394363403
APM,0.3531699776649475
CMND,0.3531552851200104
BMR,0.35302281379699707
TRX,0.35294175148010254
SCSC,0.3524632453918457
BRC,0.35234546661376953
PCSC,0.35218682885169983
EXG,0.3521011769771576
GEGGL,0.3520786166191101
GOTU,0.3518531322479248
CENT,0.35179603099823
FUSB,0.3517143428325653
AAOI,0.3515733778476715
DBGI,0.35151249170303345
NTIP,0.3514319658279419
CLST,0.3513460159301758
ITRI,0.3513231575489044
KRNT,0.3513112962245941
GDRX,0.35122689604759216
SLNH,0.3511803150177002
CDTG,0.3508983552455902
POOL,0.3508598506450653
INBS,0.35082224011421204
OKLO,0.35073262453079224
ONDS,0.3505989909172058
PBM,0.35058850049972534
CRML,0.3505508303642273
ERIC,0.35027703642845154
BNGO,0.350041002035141
GRCE,0.3499145209789276
SHOE,0.34970006346702576
CRVO,0.34966400265693665
ANDE,0.3496025502681732
CCJ,0.3494194746017456
SPPL,0.3493669331073761
CRNC,0.3492673337459564
PSO,0.3491601049900055
AISP,0.34902504086494446
KG,0.34895628690719604
RMSG,0.3488878011703491
ORGO,0.34872472286224365
MWA,0.3486361503601074
YDKG,0.34857872128486633
UXIN,0.3484762907028198
HELP,0.3484482169151306
AVXL,0.3484129011631012
FSHPU,0.3483928143978119
OCCIN,0.3483893573284149
SHOP,0.34829142689704895
IMCR,0.348027765750885
BY,0.34797894954681396
AENT,0.34797608852386475
STK,0.3471863865852356
ARR,0.3471417725086212
PD,0.3470197916030884
IDCC,0.3469630777835846
JRVR,0.3467848002910614
SHMD,0.3467389941215515
HY,0.34670495986938477
BOW,0.34668612480163574
TNMG,0.3466578423976898
RIO,0.3465995788574219
ADXN,0.34651756286621094
HE,0.34648624062538147
DOMH,0.34646865725517273
G,0.3462309241294861
ONEG,0.3461613953113556
ELBM,0.3461519181728363
IRWD,0.34612053632736206
GGRP,0.34598520398139954
HIW,0.3458682894706726
BAC,0.3457820415496826
SNT,0.345536470413208
SPG,0.3455334007740021
CNI,0.3453998267650604
SMBK,0.3453598916530609
SCNI,0.34514743089675903
EOS,0.3451460003852844
VUZI,0.34513336420059204
CTOR,0.34506356716156006
GS,0.34492427110671997
SMP,0.3448719084262848
GJH,0.3448579013347626
MGX,0.3448553681373596
WLDS,0.34482935070991516
KOPN,0.34476238489151
QCLS,0.3446940779685974
RKLB,0.3444655239582062
HURN,0.34433019161224365
QNRX,0.3442672789096832
XWEL,0.34419724345207214
GEN,0.3441280424594879
CHY,0.34395626187324524
AIT,0.3439415395259857
UZX,0.34383317828178406
HAS,0.3436470925807953
LNT,0.3436034321784973
AUR,0.3434860408306122
AQMS,0.343318372964859
XYL,0.34279775619506836
NRGV,0.3427884578704834
PW,0.34277597069740295
BUR,0.3426162004470825
EMPD,0.34261247515678406
CTS,0.34257301688194275
CDXS,0.3425101637840271
ESTC,0.34239694476127625
DPRO,0.3422733247280121
REPL,0.3422050178050995
DCO,0.3421987295150757
PYT,0.3421719968318939
AQN,0.3416385054588318
UPC,0.34154245257377625
CTRM,0.3414926826953888
UTI,0.3414752185344696
KFFB,0.3413383960723877
WLYB,0.3412729501724243
RANGU,0.34106969833374023
ZNB,0.34083908796310425
ETY,0.3408116400241852
NABL,0.34042271971702576
VSEE,0.34032222628593445
OLP,0.3402724266052246
D,0.3402276635169983
WLK,0.34015434980392456
SO,0.34006527066230774
AEHL,0.3400302827358246
USA,0.33987948298454285
FUFU,0.3398705720901489
MNSBP,0.3398597240447998
AAMI,0.33948814868927
CHNR,0.33928605914115906
CNET,0.3392519950866699
NDAQ,0.3390977382659912
CLPS,0.33900582790374756
MYSE,0.3389189839363098
SENEB,0.33877483010292053
CRSP,0.3387473523616791
DRH,0.33857235312461853
BJDX,0.3385513722896576
NTWOU,0.3382995128631592
OZK,0.33826977014541626
SRG,0.3381462097167969
JBK,0.33798667788505554
LTBR,0.33775582909584045
OGE,0.33774659037590027
TOVX,0.3377169966697693
VSXY,0.33770352602005005
FVN,0.33721229434013367
MNDY,0.3366013467311859
TII,0.33651265501976013
AMRC,0.3364141583442688
FHN,0.33604758977890015
TSSI,0.33602282404899597
KN,0.33601850271224976
SBEV,0.3357701599597931
RNTX,0.33551692962646484
DD,0.3353751003742218
SBUX,0.335024893283844
GRMN,0.3348715305328369
OFSSH,0.33483943343162537
SPRC,0.3348063826560974
PK,0.3345344662666321
CDIO,0.33447182178497314
VIVO,0.3343413472175598
EDUC,0.3343019187450409
DOMO,0.33422449231147766
GNTX,0.3340595066547394
EBF,0.3339330852031708
HLLY,0.33385592699050903
FBIO,0.33384543657302856
FVR,0.333683580160141
ALXO,0.33354583382606506
QUCY,0.33323734998703003
GFAI,0.3331950008869171
SPCB,0.3329066038131714
AHT,0.3328273594379425
TBCH,0.3327726125717163
NTGR,0.3326875567436218
IHRT,0.3324224650859833
HNST,0.33226609230041504
ADIL,0.3320178687572479
RR,0.33199283480644226
PAVS,0.33182528614997864
FNGO,0.33178240060806274
PBK,0.3315727114677429
OTIS,0.33145055174827576
INSG,0.3313937783241272
IMNN,0.3313741385936737
TELO,0.33134719729423523
ABR,0.33115169405937195
KORE,0.3310554027557373
RLJ,0.33093711733818054
AIM,0.3303103446960449
TGT,0.33021754026412964
MET,0.33003735542297363
PAY,0.33002132177352905
IOSP,0.32996881008148193
DAVE,0.3298095464706421
ASTE,0.3296847641468048
COO,0.32966741919517517
TLSIW,0.32955625653266907
NRIX,0.32922375202178955
SNOA,0.32905447483062744
NAMSW,0.32898691296577454
CUB,0.3289231061935425
MRK,0.3288024663925171
MSN,0.3287865221500397
BR,0.32864484190940857
SVC,0.328544557094574
COHU,0.32836705446243286
ESBA,0.3280567228794098
ATXG,0.32805296778678894
FVRR,0.3275548219680786
SPIR,0.32741451263427734
RMNI,0.3273279070854187
ALL,0.3269748091697693
FRMEP,0.3269121050834656
KFY,0.3268066942691803
BHP,0.3265003263950348
VOYA,0.3264041543006897
MGIH,0.32636916637420654
TSEM,0.32574597001075745
SCL,0.3256153166294098
SVRE,0.3254142701625824
ELTX,0.3248876929283142
ATKR,0.32478803396224976
CYH,0.3247036337852478
YQ,0.32468828558921814
RGP,0.3243113160133362
DRMA,0.3240136206150055
FXHO,0.3239709734916687
ODYS,0.32393407821655273
NCPL,0.32389116287231445
EDIT,0.3238184452056885
CGO,0.32380372285842896
IMCC,0.323560506105423
BAOS,0.32324281334877014
AIXI,0.3230428099632263
EPSN,0.3227670192718506
EURKU,0.3226042687892914
ATGL,0.32259395718574524
ALRM,0.32258734107017517
EU,0.32248827815055847
PMN,0.3223865330219269
FLR,0.32194656133651733
TENX,0.321754515171051
GTM,0.3217277228832245
TEAM,0.3216991722583771
HUN,0.32166776061058044
GORO,0.32150501012802124
BRSP,0.3214685022830963
LODE,0.3213556706905365
WHR,0.3211914300918579
TRC,0.32113417983055115
PLUS,0.3207867443561554
LILAK,0.3206658363342285
TXT,0.3201940357685089
VTGN,0.31964266300201416
BILL,0.3194940388202667
JYNT,0.319388210773468
GPAT,0.31927964091300964
GIFT,0.3191206455230713
O,0.31905946135520935
ATRC,0.3190357983112335
NEO,0.31901299953460693
MO,0.3188796639442444
IOR,0.3184460699558258
DFIN,0.31804847717285156
MTX,0.3180138170719147
COIN,0.3179466724395752
BDL,0.3178628385066986
CDNS,0.3178415894508362
JCI,0.31752192974090576
FNRN,0.3174988925457001
POET,0.3174542486667633
DSWL,0.3172592222690582
UHAL,0.3171739876270294
PINS,0.31695857644081116
SQNS,0.31692859530448914
EEFT,0.3168807625770569
CURR,0.31684550642967224
XIFR,0.31658434867858887
OUST,0.31658315658569336
HUIZ,0.3165241777896881
MSCI,0.3159589469432831
CIIT,0.3156549334526062
REFR,0.31564632058143616
PRSO,0.3155346214771271
GIGM,0.3153139352798462
PNW,0.3152293860912323
FITB,0.31475794315338135
QSI,0.314680278301239
BTCT,0.3146476149559021
AMTD,0.31458619236946106
MITT,0.3144059181213379
HCWC,0.31437739729881287
GTN-A,0.3143121004104614
HPE,0.3143101930618286
SCOR,0.31392255425453186
CYRX,0.313693642616272
TLRY,0.31369227170944214
REFI,0.3133670389652252
HUBC,0.3122452199459076
SKYE,0.31220951676368713
TLF,0.3120037019252777
HURA,0.3116658926010132
EDBL,0.3113982379436493
DNN,0.31116411089897156
INTZ,0.31104567646980286
RCON,0.31101763248443604
NAK,0.3110063076019287
MSTR,0.3108024001121521
NVNI,0.31076619029045105
ATLX,0.3104734718799591
ABAT,0.31034693121910095
XRN,0.3101356625556946
UPWK,0.3100554347038269
LSPD,0.30975639820098877
GBR,0.3093562424182892
MIN,0.309326171875
ILLR,0.3087809979915619
BANL,0.3085196018218994
MIND,0.3078996241092682
AFL,0.30750539898872375
URG,0.30722326040267944
ARKR,0.30660393834114075
GIBO,0.30635881423950195
MRKR,0.3060966730117798
AUB,0.30608445405960083
INVH,0.30550193786621094
LUXE,0.3054754137992859
XTIA,0.30543506145477295
EXLS,0.3051837682723999
UBSI,0.30502423644065857
SHO,0.3046591579914093
MSAI,0.30460116267204285
TDC,0.30447688698768616
FGNXP,0.3042698800563812
AFG,0.3040774166584015
FCX,0.3040682077407837
ASTI,0.30406567454338074
BBLGW,0.3040245771408081
AAT,0.3036343455314636
ADI,0.30341780185699463
APPN,0.30333903431892395
SRPT,0.30285462737083435
EZGO,0.30220654606819153
AREC,0.3020625710487366
AFJK,0.3020193576812744
AMD,0.3018268644809723
CIEN,0.30165019631385803
IDXX,0.301309198141098
DOW,0.3010694682598114
MRVI,0.30097389221191406
FOXF,0.3005809485912323
NMG,0.3002049922943115
PACB,0.30010345578193665
ALF,0.30007606744766235
BLRX,0.2997075319290161
IAE,0.2992211580276489
GNLN,0.2991073727607727
DGICB,0.2990761697292328
OCC,0.2990149259567261
ARM,0.29876914620399475
WY,0.298537015914917
MUR,0.2980201542377472
MKDW,0.29734358191490173
FISK,0.2972038686275482
ASG,0.2969275712966919
LEG,0.29679936170578003
JOB,0.29670488834381104
BCPC,0.2966558635234833
CENTA,0.2966446280479431
LPRO,0.2964433431625366
OWLT,0.29582396149635315
NEN,0.295420378446579
REVB,0.29537293314933777
ON,0.294626921415329
TRS,0.29461121559143066
FDX,0.29452192783355713
MARA,0.29428085684776306
LXFR,0.2939833700656891
BARK,0.2936672270298004
MEDP,0.2929624617099762
ATPC,0.29214924573898315
BNY,0.29200419783592224
LBTYB,0.2915123701095581
VCEL,0.2915095090866089
BNBX,0.2913564443588257
BRK-B,0.29099148511886597
FOX,0.2906605303287506
TC,0.2906281650066376
FSP,0.29038572311401367
GEG,0.290179044008255
NTCT,0.2900809645652771
OGCP,0.2898862063884735
DCBG,0.28983548283576965
BULLW,0.28936076164245605
SMX,0.28934577107429504
ILPT,0.2887688875198364
SDST,0.28865429759025574
FIEE,0.2881176769733429
WWR,0.28794005513191223
SAIH,0.28783708810806274
MKL,0.2877122461795807
SDEV,0.2869761884212494
TCRT,0.2867940664291382
MAYS,0.2867920398712158
FSHP,0.28672027587890625
OSCR,0.28636714816093445
MMM,0.28613248467445374
INDB,0.2860835790634155
HFBL,0.28579720854759216
GSHD,0.28568756580352783
SKYT,0.285137414932251
QUBT,0.2844228744506836
CUBWU,0.28436583280563354
BZUN,0.28329768776893616
CRSR,0.2829177975654602
ATER,0.2828576862812042
CYN,0.2827197015285492
EIX,0.28269079327583313
BANC,0.28263676166534424
NNVC,0.282609224319458
TLPH,0.2825135886669159
CWEN,0.2822538912296295
KYIV,0.28209972381591797
HIMX,0.2820594310760498
BCG,0.28112101554870605
U,0.2810310125350952
MTRN,0.28097763657569885
ADX,0.2808089852333069
TRSG,0.28067275881767273
GEV,0.2802649140357971
RAND,0.27955687046051025
TFC,0.27953222393989563
IDA,0.27944108843803406
WCC,0.27931782603263855
FEDU,0.2790396511554718
CLRO,0.2787972092628479
SITC,0.2779838442802429
GRPN,0.2774226665496826
CHR,0.2762746214866638
AGD,0.2757304012775421
AMTX,0.2751255929470062
CHPT,0.2750902771949768
ALT,0.27381807565689087
SBFM,0.27376189827919006
GJP,0.27365604043006897
RRX,0.2734743356704712
CLS,0.2732907831668854
NVTS,0.2730039954185486
GEVO,0.2722397446632385
TRU,0.27220723032951355
GJO,0.2721032500267029
DVLT,0.2716027498245239
ETR,0.2715429365634918
ENSG,0.27118605375289917
NIVF,0.27115941047668457
BGLC,0.2710067331790924
VTAK,0.26943734288215637
AXP,0.26923009753227234
BANFP,0.2688411474227905
QH,0.2678822875022888
VELO,0.26765376329421997
UUUU,0.26733842492103577
CNNE,0.2667863965034485
AMSC,0.2667548656463623
IBIO,0.2665329873561859
FFAI,0.2663702070713043
SIM,0.26598867774009705
QTEXW,0.26495999097824097
ENGN,0.26441678404808044
RQI,0.26423680782318115
NCV,0.2627210021018982
PNC,0.2625299394130707
PPCB,0.26230692863464355
GLO,0.26161089539527893
BCHT,0.26148849725723267
HUMA,0.2613730728626251
PEGA,0.2610117197036743
FAMI,0.26002103090286255
STHO,0.25986382365226746
MANH,0.258864164352417
OPTT,0.2581217288970947
MAN,0.25810450315475464
MTB,0.2580116391181946
ETN,0.2578940987586975
UEC,0.2575104236602783
HIMS,0.2574988007545471
TNXP,0.2567828595638275
GVA,0.25437799096107483
ALLR,0.2535559833049774
STEM,0.2531442940235138
VEEV,0.2529843747615814
LZ,0.25269603729248047
PLUG,0.2515743672847748
PCOR,0.2509502172470093
VFSWW,0.2506140470504761
IQV,0.2495168298482895
GJR,0.2478581964969635
SLDP,0.24779658019542694
SXT,0.24776186048984528
BTBT,0.24733147025108337
XERS,0.24725452065467834
AVB,0.24703426659107208
LEU,0.24657118320465088
BULL,0.24552203714847565
WEC,0.24292771518230438
OGEN,0.2427235096693039
KULR,0.24152407050132751
PRLB,0.24087099730968475
CIFR,0.2408224195241928
BESS,0.24016697704792023
VTR,0.23812507092952728
YEXT,0.2374180406332016
NVVE,0.23474673926830292
LAW,0.2332170456647873
AMH,0.23276472091674805
CGTL,0.231533482670784
TROX,0.2313966304063797
NICE,0.2308322936296463
ABTC,0.23045532405376434
EFOR,0.2303895503282547
PCTTU,0.2296246737241745
RFAIU,0.22874994575977325
RBC,0.2285444736480713
TXN,0.22843454778194427
GPUS,0.22840598225593567
ROP,0.22832678258419037
TMQ,0.2279251217842102
GGG,0.22572442889213562
MBAVU,0.22500641644001007
CHCO,0.22276218235492706
BEAM,0.2214871495962143
SITM,0.2212599664926529
FOXA,0.2211865335702896
ARRY,0.2205139845609665
MVIS,0.21998944878578186
HUBS,0.21710050106048584
MP,0.21680612862110138
EXOD,0.2164122462272644
RSVRW,0.21607907116413116
IGC,0.2152140885591507
FLS,0.21516449749469757
WKEY,0.21387536823749542
NIPG,0.2135065793991089
GRAF-U,0.21243587136268616
SPKLU,0.21228787302970886
ACHR,0.21215888857841492
WHLR,0.21199087798595428
EVRG,0.21080690622329712
POLEU,0.2090684324502945
QS,0.20873843133449554
ST,0.20787681639194489
PEBO,0.2074228823184967
SEIC,0.20672544836997986
SYNA,0.20637497305870056
CRIS,0.205911785364151
FERG,0.20525874197483063
TKR,0.20510946214199066
CRUS,0.20292603969573975
SUNE,0.20108658075332642
ASH,0.19988839328289032
ARI,0.19834384322166443
AUPH,0.19799280166625977
CAT,0.19717425107955933
SIMAU,0.1963571161031723
JPM,0.19530057907104492
MYSEW,0.1943417191505432
FNUC,0.19363142549991608
CPHI,0.19359055161476135
NCRA,0.19150911271572113
GYRO,0.1900179535150528
NUAI,0.18938063085079193
KWR,0.18860283493995667
MOG-B,0.1869468092918396
NAMMW,0.18458639085292816
MNYWW,0.18437039852142334
BKHA,0.18185891211032867
ASBP,0.18145202100276947
KELYB,0.1789507269859314
KVACU,0.1733819544315338
GRDN,0.17160587012767792
JOBY,0.16266612708568573
AEC,0.16220450401306152
STXS,0.15862025320529938
CCGWW,0.15741275250911713
SBET,0.156798854470253
HVT-A,0.15595102310180664
ADSK,0.15402185916900635
EPRX,0.15229874849319458
MBBC,0.1489202231168747
WTS,0.14583931863307953
CCIXU,0.14566686749458313
GPATU,0.14457003772258759
ENLV,0.13159430027008057
INTC,0.1279822736978531
HKIT,0.12516500055789948
TSM,0.12209250777959824
WSO-B,0.11578154563903809
BKHAU,0.11464149504899979
WAB,0.11102000623941422
INHD,0.1103735864162445
JZ,0.10220503062009811
HOG,0.10092175006866455
UAMY,0.08943846076726913
ANSCU,0.082318976521492
QETAU,0.07416197657585144
AFJKU,0.06874119490385056
ORA,0.058316051959991455
NTCL,0.04697693511843681
BIO-B,0.03351220488548279
MI,0.015526182018220425
INLF,3.43689293913485e-06
