ticker,next_day_probability
ORLY,0.5522913932800293
CTAS,0.5494255423545837
IRM,0.5480849742889404
EPD,0.5475017428398132
LLYVA,0.5462515354156494
TDG,0.5458061099052429
LLYVK,0.5450905561447144
DTM,0.544983446598053
FICO,0.5436682105064392
AFL,0.5431811213493347
RBRK,0.5429282188415527
PDI,0.541994035243988
KNSL,0.5411860346794128
GDDY,0.5411627292633057
VRTX,0.5411014556884766
KNF,0.5407204031944275
WBTN,0.5393130779266357
SRV,0.5385696291923523
VIK,0.5382579565048218
HWM,0.5378538370132446
MCK,0.5373504757881165
IBKR,0.5371578335762024
HLT,0.5368529558181763
CW,0.5368086099624634
MOD,0.536093533039093
IESC,0.5359511971473694
VRT,0.5357353687286377
CRAI,0.535687267780304
MITP,0.5355889797210693
TRGP,0.5351223945617676
CBZ,0.5351172089576721
EME,0.534681499004364
PEG,0.5345161557197571
TPL,0.5344277024269104
EMO,0.5344274640083313
COST,0.5342146754264832
HSBC,0.5340688228607178
AHR,0.53398597240448
RWTN,0.5339703559875488
EG,0.5339456796646118
AJG,0.5338977575302124
ATMP,0.5338560342788696
HIG,0.5333470702171326
GL,0.5333283543586731
COR,0.5331776738166809
CVLT,0.532924234867096
GFF,0.5325515866279602
NOG,0.5324273109436035
CIMN,0.532392680644989
ZJK,0.5321667790412903
BLDR,0.5320566296577454
LB,0.5318126082420349
FDS,0.5317622423171997
CRBG,0.5316622257232666
PCN,0.5314778089523315
ACGL,0.5311416983604431
TLN,0.5311288237571716
MAIN,0.5308413505554199
SAIC,0.5307746529579163
IBM,0.5307619571685791
OXLCI,0.5307373404502869
NOW,0.5307095646858215
LPLA,0.5306578278541565
IHG,0.5306412577629089
FSK,0.5304502248764038
SFM,0.5303897261619568
PBH,0.5303359627723694
CAVA,0.5302606821060181
AMUB,0.5302413702011108
APO,0.5301789045333862
NRG,0.5298437476158142
BKV,0.5296767950057983
VCTR,0.5295897722244263
BDCZ,0.5295650959014893
TT,0.5294954776763916
PFLT,0.5294376015663147
HEI,0.5293471813201904
CSW,0.5293126106262207
HUBB,0.5293072462081909
EHGO,0.5292178392410278
CACI,0.5291628837585449
IT,0.5290690064430237
UNM,0.5290022492408752
BSX,0.5289953351020813
GE,0.5289754271507263
ATR,0.5288522243499756
CAH,0.5288032293319702
FANG,0.5286391377449036
ACT,0.5286076664924622
MRSH,0.5284100770950317
CNX,0.5282373428344727
WEX,0.528218150138855
DTE,0.5282033681869507
TTE,0.5281252264976501
CORZ,0.528016209602356
ALSN,0.5279700756072998
ABBV,0.5279081463813782
SNEX,0.5278325080871582
FIX,0.5277302265167236
PCAR,0.5276471376419067
PAGP,0.5275377631187439
CVSA,0.5274535417556763
BCC,0.527407705783844
JEF,0.527219831943512
LMB,0.5271950364112854
OKE,0.5270074009895325
DEFT,0.5269639492034912
MLPB,0.5268312096595764
MKL,0.5266745686531067
GEV,0.5265673398971558
TGLS,0.5264942646026611
CRS,0.5263925194740295
WMT,0.526377260684967
ET,0.5261708498001099
FWONA,0.5261611342430115
ACM,0.5260984897613525
RSG,0.5260710716247559
J,0.5260275602340698
CDRE,0.5259840488433838
SEZL,0.5259382128715515
KGS,0.5258313417434692
BKNG,0.5258009433746338
V,0.5256518721580505
CALM,0.5255842208862305
CMG,0.5253832936286926
LLY,0.5252557992935181
GOOG,0.5252287983894348
FCN,0.5251879692077637
WSO,0.5250933170318604
MTEN,0.5250721573829651
WMB,0.5250540375709534
MSI,0.5247711539268494
GMEX,0.5246880054473877
AIZ,0.5246182680130005
NVA,0.5246044397354126
ARCC,0.5245468020439148
UCIB,0.52445387840271
AME,0.5244096517562866
KYN,0.5243967175483704
APGE,0.5243939161300659
CMS,0.5243734121322632
LII,0.5243199467658997
DCI,0.5242761969566345
BLX,0.5242729187011719
AZO,0.5242471694946289
GWW,0.5240898728370667
ATO,0.5240389108657837
L,0.5240176320075989
BRO,0.524006187915802
TRP,0.5239233374595642
IBP,0.5238736271858215
JPM,0.5237962007522583
HLI,0.5236492156982422
STRL,0.5235370993614197
PI,0.523419201374054
AXON,0.5234139561653137
CI,0.5233409404754639
MTG,0.523299515247345
TTWO,0.5232186317443848
IIF,0.5231873989105225
PRI,0.5231027603149414
AYI,0.5230141878128052
NXG,0.5230089426040649
CVX,0.5229414105415344
ANET,0.522871732711792
CET,0.5228348970413208
CEG,0.5226576328277588
CWST,0.5225645899772644
MTDR,0.5225245356559753
TRV,0.5224906206130981
JXN,0.5224340558052063
MPLX,0.5224234461784363
CPRT,0.5223991274833679
BBSI,0.5223586559295654
PM,0.5222707986831665
GAM,0.5222012996673584
AR,0.5221830606460571
DMLP,0.5221545696258545
ETN,0.5221530199050903
ANF,0.5221306085586548
BSM,0.5219995379447937
BRK-B,0.5219852328300476
WINA,0.5219744443893433
CXT,0.521971583366394
FISV,0.5219370722770691
ORI,0.5219333171844482
TW,0.5218337774276733
VST,0.5218216180801392
RACE,0.5218117237091064
PEO,0.5217888355255127
PAA,0.521780252456665
GOOGL,0.5217486023902893
FNF,0.5216816663742065
SN,0.5216476321220398
SHEL,0.5216303467750549
MO,0.5215680003166199
LH,0.5214840173721313
ERIE,0.5214184522628784
SPOT,0.5213332176208496
AVBP,0.5213196277618408
AAON,0.5213161110877991
CAPL,0.5212409496307373
WFRD,0.5212122201919556
CNM,0.5212014317512512
ESE,0.5211973190307617
POWL,0.521142840385437
EQH,0.521102249622345
RS,0.5211008787155151
DFIN,0.5210636854171753
ESNT,0.5210574865341187
NSIT,0.5210286974906921
MAR,0.520988941192627
UFPT,0.5209766030311584
AGO,0.5208896398544312
XPRO,0.5208717584609985
CRH,0.5208669900894165
CLH,0.5208635330200195
TRDA,0.520853579044342
VLTO,0.5208103656768799
SPGI,0.5207029581069946
ISRG,0.5206889510154724
VRSK,0.5206717252731323
EXP,0.5206305980682373
GLP,0.5206217169761658
TRNS,0.5205917358398438
RUSHB,0.5205821990966797
NVT,0.5204383134841919
EVR,0.5204265713691711
OHI,0.5203732252120972
FLS,0.5203437209129333
RGLD,0.520295262336731
GOF,0.5202081799507141
AFG,0.5202058553695679
USLM,0.5202057957649231
CGBD,0.5201693177223206
FNGO,0.5201525092124939
LPG,0.5201452374458313
AZN,0.520134687423706
TDW,0.5200761556625366
AGX,0.5200653672218323
PDX,0.5200534462928772
SPG,0.5200065970420837
SUN,0.5200046300888062
CB,0.5199123620986938
PH,0.519894540309906
CNQ,0.5198780298233032
PNW,0.5198689103126526
ARLP,0.5198559761047363
UTG,0.5197302103042603
SAIA,0.5196772217750549
MDU,0.5196409821510315
DBD,0.5196110010147095
EPRT,0.5195955634117126
CTO,0.5194653272628784
PGR,0.5194430351257324
LOAR,0.5194397568702698
PWR,0.5194195508956909
AIR,0.5193971991539001
AXS,0.5193568468093872
SU,0.5192948579788208
RY,0.5192496180534363
KBR,0.5192282795906067
MBX,0.519168496131897
UBS,0.5190700888633728
HCA,0.5189995169639587
BYD,0.5189810395240784
TOL,0.5189601182937622
SKK,0.5188732743263245
BBVA,0.518856406211853
LNTH,0.5187716484069824
MCO,0.5187686681747437
FWONK,0.5187346935272217
PG,0.5187152624130249
CHD,0.5186967253684998
NOC,0.5186943411827087
SNPS,0.5186303853988647
NML,0.5185723304748535
CHH,0.5185599327087402
HD,0.5185363292694092
CSL,0.5184846520423889
SBR,0.5184799432754517
AVGO,0.5184386372566223
ITGR,0.5184266567230225
PNR,0.5184246301651001
TJX,0.5183859467506409
ENVA,0.518372654914856
AN,0.5183597207069397
DJP,0.5183406472206116
FTAI,0.5183379054069519
DSGX,0.518284022808075
KEX,0.5181825160980225
GM,0.5181811451911926
SXI,0.5181108713150024
ANRO,0.5180221199989319
TRINZ,0.5180122256278992
VTS,0.5179319977760315
GD,0.5179093480110168
VSEC,0.5178468227386475
PTY,0.5178418159484863
AXTA,0.5178278684616089
NPO,0.5177984237670898
SMID,0.5177920460700989
NI,0.5177575349807739
CSWC,0.5176088213920593
GPC,0.5175975561141968
CHKP,0.5175957679748535
ITW,0.5175854563713074
ING,0.5174633860588074
LMAT,0.51739901304245
CAT,0.5173813104629517
NWG,0.5173745155334473
OGS,0.5173709392547607
ESQ,0.5173559188842773
XOM,0.5173413157463074
NVDA,0.5173272490501404
CORT,0.5173234939575195
GNE,0.5173138380050659
RNR,0.5173014998435974
HCC,0.5172649025917053
GGG,0.5172383785247803
ANDE,0.5172178745269775
RL,0.5171973705291748
WTM,0.5171906352043152
DECK,0.5171852111816406
APG,0.5171778798103333
AON,0.5171778798103333
BNY,0.517170786857605
BDC,0.5171671509742737
AKO-B,0.5171516537666321
HESM,0.5170979499816895
EPAC,0.517045259475708
NXPI,0.5170303583145142
RECT,0.5170060396194458
CRVL,0.5169951915740967
VLO,0.5169743895530701
AIO,0.5169602036476135
ALAB,0.516952633857727
APH,0.516915500164032
CG,0.516913890838623
ZS,0.5168896317481995
SRE,0.516883373260498
WRB,0.5168780088424683
RJF,0.5168648362159729
CLM,0.5168648362159729
ELF,0.5167943239212036
DHI,0.5167884230613708
AXP,0.5167781710624695
GIB,0.5167222023010254
MTSI,0.5166275501251221
ED,0.5166272521018982
PIPR,0.5166261196136475
LDOS,0.5165941715240479
ADUS,0.516564667224884
AEG,0.5165620446205139
STZ,0.5164328217506409
INSW,0.5164227485656738
NFG,0.5163979530334473
VIST,0.5163903832435608
OTIS,0.5163863897323608
CR,0.5163820385932922
QLYS,0.5163440108299255
DFH,0.5163402557373047
MA,0.5163253545761108
TDY,0.5163213014602661
VNOM,0.5163040161132812
WING,0.5163031816482544
TSLX,0.5163018703460693
PSN,0.5162837505340576
CQP,0.5162196755409241
DORM,0.5162025094032288
ARM,0.5161540508270264
SIGI,0.5161527395248413
LEN-B,0.5160432457923889
BKR,0.5159991383552551
BCH,0.5159024596214294
KBH,0.5158987045288086
HURN,0.5158861875534058
MPC,0.5158829092979431
RDAC,0.5158494114875793
CRM,0.5158413052558899
PBA,0.5157590508460999
TRN,0.515726625919342
CHEF,0.5157116055488586
CLS,0.5156040191650391
WCN,0.5155866742134094
MPWR,0.5155400633811951
KRT,0.5155085325241089
MOG-A,0.5154459476470947
JCI,0.5154261589050293
ODFL,0.5154244303703308
FG,0.5153725147247314
PCG,0.5153685212135315
TPG,0.5153486132621765
CPAY,0.5152671337127686
NWPX,0.5152183175086975
CHRD,0.5152140259742737
ATEN,0.5152049660682678
DRS,0.5151926875114441
WAB,0.5151640176773071
MLM,0.5151510834693909
PRU,0.5151476263999939
PDFS,0.5150134563446045
NDAQ,0.515006422996521
EXC,0.5150021314620972
ABM,0.5149953365325928
HRI,0.51496821641922
XCH,0.514965295791626
SYF,0.5149489045143127
E,0.5149402022361755
SSNC,0.5149379968643188
SSD,0.5148507952690125
TCOM,0.5148069262504578
PHM,0.514780580997467
CHE,0.5147726535797119
KKR,0.51475989818573
MFC,0.5146843791007996
BAH,0.5146419405937195
ADM,0.5146331787109375
SKWD,0.5146170258522034
BXSL,0.5145698189735413
RYAN,0.514555037021637
SPNT,0.5145493745803833
BG,0.5145362615585327
KMB,0.5145298838615417
EXLS,0.5145074129104614
TTEK,0.514496922492981
CL,0.5144795775413513
RELX,0.5144302248954773
BRK-A,0.5144233703613281
CRWD,0.5143730044364929
RBA,0.5143698453903198
BHF,0.5143312811851501
IPAR,0.5143081545829773
CCBG,0.5142869353294373
WNC,0.5142478346824646
AMPH,0.5141510367393494
KNTK,0.5141453742980957
OSIS,0.5141235589981079
TRI,0.5140828490257263
DVA,0.5140799283981323
BTSG,0.5139227509498596
BLK,0.5138819813728333
SRBK,0.5138614773750305
BX,0.5138525366783142
BCO,0.5138390064239502
VRRM,0.5138351917266846
KO,0.5138068199157715
VMC,0.5137694478034973
UTHR,0.5136383771896362
SCHL,0.513618528842926
GATX,0.5136087536811829
VIRT,0.5135946869850159
MANH,0.5135771632194519
ESAB,0.5135599374771118
EIX,0.5135403871536255
UNH,0.5135358572006226
IMO,0.5135266184806824
CNA,0.5135255455970764
ASBA,0.5135222673416138
APP,0.513504147529602
PANW,0.5134670734405518
ARES,0.513463020324707
BJ,0.5134351253509521
BNT,0.5134305357933044
LIN,0.5134264230728149
ETG,0.5134214758872986
ECAT,0.5133523941040039
ZETA,0.5132832527160645
KIM,0.5132594108581543
BTI,0.5132513046264648
FTNT,0.5131635069847107
INGR,0.5131222605705261
KR,0.513096034526825
ROAD,0.5130891799926758
RMD,0.5130813717842102
MNST,0.5130724906921387
WM,0.5130680203437805
SLB,0.5130356550216675
MUSA,0.513006865978241
EMBJ,0.5129584670066833
EOI,0.5129556655883789
UI,0.5129388570785522
ASC,0.5128778219223022
CLX,0.512871265411377
NVR,0.5128405094146729
CMI,0.512829601764679
LEN,0.5128275156021118
LCII,0.5127750635147095
MELI,0.5127503871917725
MRK,0.5127094388008118
CVI,0.5127068161964417
SMFG,0.5127053260803223
CHSCL,0.5126799941062927
HWKN,0.5126785039901733
APA,0.512660562992096
FE,0.5126309394836426
SM,0.5126274824142456
XENE,0.5126088857650757
PAM,0.5126021504402161
GILD,0.5125793814659119
NSC,0.5125730037689209
PSX,0.5125433206558228
RDY,0.5125129222869873
WWD,0.5125066637992859
MTD,0.5124849081039429
NVO,0.5124663710594177
HUM,0.5124640464782715
EXEL,0.5124214291572571
AKR,0.5124205946922302
PLUS,0.5124085545539856
CSCO,0.5124033689498901
HII,0.5123841762542725
MCI,0.5123564004898071
AIT,0.5123539566993713
ITIC,0.512353777885437
DY,0.5123518705368042
HAE,0.512347936630249
STK,0.5123468041419983
DPG,0.512321412563324
AAPL,0.512272298336029
SLVM,0.5122570395469666
FTI,0.5122290849685669
KOP,0.5121992826461792
UFPI,0.5121984481811523
GGAL,0.5121849775314331
NSP,0.5121176838874817
AGM,0.5121101140975952
URBN,0.5121029615402222
FNKO,0.5120837092399597
MGY,0.5120669603347778
CRF,0.5120259523391724
VERX,0.5120139718055725
LYV,0.511987566947937
HMC,0.5119529366493225
OMF,0.5119436979293823
EFX,0.5119262933731079
TM,0.5119131207466125
LGND,0.5118898749351501
CCEP,0.5118436217308044
FLNG,0.5117859244346619
LMT,0.5117753744125366
AEP,0.5117743015289307
PBR-A,0.5117405652999878
NHI,0.5116922855377197
HEI-A,0.511655330657959
GSBD,0.5116143822669983
TRAK,0.5115882158279419
TRMD,0.5115872025489807
SF,0.5115751624107361
BN,0.5115715265274048
EVCM,0.5115352869033813
AROC,0.5115234851837158
WCC,0.5115054845809937
PANL,0.5114544630050659
STT,0.5114538669586182
YUM,0.5114177465438843
SMCI,0.5114124417304993
NTRS,0.5114070773124695
CRDO,0.5113993287086487
RLI,0.5113704800605774
DGP,0.5113696455955505
RYAAY,0.5113517642021179
AGI,0.5113517045974731
CII,0.5113084316253662
MEDP,0.5112687349319458
CRC,0.5112480521202087
LNG,0.5112068057060242
ALC,0.5111790299415588
SNA,0.5111545920372009
AIG,0.5111179947853088
LECO,0.5111094117164612
NIE,0.5111043453216553
VAL,0.5110992193222046
MET,0.5110846757888794
HQY,0.5110284090042114
DUK,0.5109657049179077
BAM,0.5109015107154846
LTC,0.5108969211578369
AGYS,0.5108910202980042
LOGI,0.5108862519264221
GIL,0.5108616948127747
WTTR,0.5108539462089539
SLM,0.5108510851860046
PJT,0.5108464956283569
FERG,0.5108363628387451
ADSK,0.5108202695846558
ADC,0.510813295841217
CNR,0.5107880234718323
HST,0.5107782483100891
NPK,0.5107290744781494
MS,0.5107197165489197
OC,0.5107079744338989
BCSF,0.510688066482544
IBN,0.5106765627861023
WES,0.5106689929962158
PAC,0.5106496810913086
AEO,0.5106341242790222
MSFT,0.5105557441711426
IIIN,0.5105177164077759
MATX,0.5105069279670715
NPFD,0.510495662689209
RRR,0.5104812979698181
BIPC,0.5104807615280151
HXL,0.5104718208312988
TGS,0.5104539394378662
HRB,0.5104337334632874
ENLT,0.5104312300682068
ZBRA,0.5104124546051025
PEP,0.5103697180747986
SUPN,0.5103244185447693
UTI,0.5103181600570679
ORCL,0.5102773904800415
AS,0.5102567076683044
JKHY,0.5102507472038269
RZC,0.5102383494377136
ALV,0.5102366805076599
STEW,0.5102269649505615
CIEN,0.5101805329322815
FOF,0.5101533532142639
TYG,0.5101510286331177
AKAM,0.5101329684257507
SENEA,0.5101239085197449
TSCO,0.5101193189620972
RMBS,0.5101075172424316
CVLG,0.5100905299186707
ROL,0.5100862979888916
WPM,0.5100555419921875
AIN,0.5100537538528442
HDB,0.5100467801094055
NHC,0.5100459456443787
TBBB,0.5100408792495728
MFIC,0.5100364089012146
TFII,0.510022759437561
TMUS,0.5099896788597107
SBRA,0.5099831819534302
TSLA,0.5099473595619202
EP,0.5098758935928345
ATI,0.509853184223175
DBX,0.509840190410614
OMAB,0.5098311901092529
ESLT,0.5098274946212769
KOF,0.5098015069961548
ROP,0.5097604990005493
SEIC,0.5097583532333374
CDW,0.5097522735595703
BUI,0.5097236633300781
GTES,0.5097045302391052
LULU,0.5097025632858276
POLE,0.5096813440322876
NEU,0.5096750855445862
OSTX,0.5096593499183655
CSPI,0.5096510648727417
CVE,0.5096465349197388
PRIM,0.5096336603164673
NVGS,0.5096109509468079
HAL,0.5096002817153931
KLAC,0.5095928311347961
DLR,0.5095203518867493
WLFC,0.5095182657241821
KTB,0.5095157027244568
NOEMU,0.5095085501670837
LAMR,0.5095058083534241
FSV,0.5095017552375793
DV,0.5094948410987854
ADP,0.5094725489616394
PAYX,0.5094635486602783
RDNT,0.5094578266143799
INTU,0.5094456076622009
CBOE,0.5094184279441833
BP,0.5094130039215088
H,0.5093994140625
RGA,0.5093960762023926
HTD,0.5093917846679688
WOR,0.5093547105789185
SNDR,0.5093520283699036
APD,0.5093467831611633
HRL,0.5093260407447815
QCOM,0.5092971324920654
GWRE,0.5092920660972595
PAYC,0.5092902183532715
JBL,0.5092407464981079
OR,0.5092353224754333
DUOL,0.5092301964759827
TY,0.509229838848114
LW,0.5092036128044128
BAR,0.5091726779937744
SNN,0.509139358997345
COLL,0.5091046094894409
BWA,0.509073793888092
TAP,0.5090497136116028
EA,0.5090440511703491
AEM,0.5090365409851074
PRG,0.5090103149414062
USAC,0.5089544057846069
CPT,0.5089415311813354
IOSP,0.5089245438575745
BGR,0.5088867545127869
ADI,0.5088867545127869
ORA,0.5088598728179932
NMIH,0.5088395476341248
NE,0.5088093280792236
NEE,0.508796751499176
HTGC,0.5087960958480835
STE,0.5087225437164307
KAI,0.5087002515792847
CVCO,0.5086546540260315
BAP,0.508648693561554
CME,0.5086168050765991
BELFB,0.508593738079071
RXST,0.5085813999176025
WTS,0.5085702538490295
SNOW,0.5085595846176147
WTFC,0.5085235238075256
AGCO,0.5085213780403137
HCKT,0.5085209608078003
VLYPO,0.5084879994392395
DMRC,0.5084817409515381
BWIN,0.5084555745124817
KEN,0.5084161162376404
DELL,0.5084116458892822
ASR,0.5084049105644226
OGE,0.5084006190299988
MHO,0.5083509087562561
MEOH,0.5082773566246033
ROK,0.5082600116729736
FTS,0.5082277655601501
BRBR,0.5082005858421326
SLRC,0.5081688761711121
RDN,0.508155107498169
RUSHA,0.5081396102905273
FSS,0.508131206035614
CPRX,0.5080992579460144
STEP,0.5080881714820862
IDE,0.5080668330192566
VICI,0.5080190896987915
BMA,0.5079542994499207
OLED,0.5079332590103149
SEI,0.5079294443130493
GVA,0.5079207420349121
RBLX,0.5079007744789124
AESI,0.507896363735199
TMHC,0.507888674736023
CBT,0.5078853964805603
MCRI,0.5078759789466858
SKY,0.507872462272644
INTA,0.5078394412994385
TREX,0.5078268051147461
META,0.5078232884407043
REGN,0.5077994465827942
NGG,0.5077944993972778
JCE,0.5077824592590332
ESS,0.5077497363090515
XEL,0.5077364444732666
ITT,0.5077322721481323
EVRG,0.5076693296432495
EQR,0.5076660513877869
CASY,0.5076624155044556
MSGE,0.5076612830162048
FTAIM,0.5076427459716797
XYL,0.5076355934143066
PKE,0.5076342225074768
TKR,0.5076152682304382
MCD,0.5076098442077637
CDLR,0.5076066255569458
STRA,0.5075806975364685
OTEX,0.5075663328170776
CPNG,0.5075321793556213
WLK,0.5075250864028931
LNC,0.5075190663337708
EIG,0.507515013217926
KRP,0.5075139403343201
WLY,0.5074789524078369
NTRA,0.50746750831604
AMSF,0.5074430704116821
VNT,0.5074105262756348
SXC,0.5074098706245422
MRX,0.5073959827423096
BANF,0.5073638558387756
CWEN,0.5073525905609131
MNDY,0.5073500871658325
GPOR,0.5073367357254028
ENB,0.5073257684707642
SAP,0.5073093175888062
DB,0.5072773098945618
BHP,0.5072672963142395
SPXX,0.5072591304779053
NECB,0.5072409510612488
SO,0.5072351694107056
DE,0.5072242021560669
NUE,0.5072218179702759
VOYA,0.507196307182312
RDDT,0.5071775317192078
BR,0.507156252861023
PR,0.5070638656616211
IBTA,0.5070629119873047
MLR,0.5070583820343018
MLI,0.5070469975471497
ADX,0.5070323348045349
TBLD,0.5070087313652039
ETR,0.5069523453712463
MTZ,0.5069301128387451
IZM,0.5069253444671631
NCDL,0.5069233775138855
MTB,0.506915807723999
WSC,0.5069050192832947
VRXA,0.5068941116333008
MXF,0.5068926215171814
YPF,0.5068679451942444
LQDT,0.5068241953849792
MYRG,0.5068228244781494
STLA,0.5068113207817078
BMI,0.5067887902259827
ALKT,0.5067692995071411
FRT,0.5067692995071411
UHS,0.5067682266235352
TXRH,0.5067062973976135
RITM,0.5066547393798828
OSK,0.5065980553627014
SPSC,0.5065966844558716
PATK,0.5065670609474182
SRI,0.5065135359764099
PNFP,0.5064696669578552
AQNB,0.506457507610321
CLMB,0.5064542293548584
TNL,0.5064327120780945
FPF,0.5064279437065125
THC,0.5064114928245544
SHOP,0.5063956379890442
FHI,0.506375253200531
VTR,0.5063634514808655
MBC,0.506356954574585
PECO,0.5063527822494507
BFC,0.5063366293907166
GLW,0.5063055753707886
KALU,0.5063020586967468
FFIV,0.5062927007675171
PARR,0.5062887072563171
SITM,0.506251871585846
CMC,0.5062355995178223
SII,0.5062276124954224
GS,0.5061917304992676
OCSL,0.5061846971511841
LOW,0.506183385848999
LOPE,0.5061727166175842
VRNS,0.5061689019203186
ETB,0.5061648488044739
MMSI,0.5061541795730591
CINF,0.5061498284339905
STVN,0.5061386823654175
O,0.5061340928077698
LAUR,0.5061084032058716
KRYS,0.5061028599739075
IBEX,0.5060956478118896
TTC,0.506077229976654
BLBD,0.5060535669326782
HLX,0.5060487985610962
GPI,0.5060465335845947
OACC,0.5059859156608582
CHCI,0.5059807300567627
AMR,0.5059792995452881
AVB,0.5059767961502075
EFC,0.5059628486633301
ICFI,0.5059553384780884
PNTG,0.5059293508529663
ARGX,0.5059255361557007
NWN,0.5059226155281067
CM,0.5058996677398682
NWE,0.5058987736701965
BMO,0.5058957934379578
INSE,0.5058948397636414
MGM,0.5058847069740295
OWL,0.5058768391609192
TENB,0.5058701038360596
RITR,0.5058169364929199
FDX,0.5057946443557739
IOT,0.5057554841041565
AER,0.5057472586631775
MLTX,0.5057415962219238
KMI,0.5057327747344971
LNN,0.5057316422462463
AOMR,0.505698025226593
GIII,0.5056948065757751
TCBI,0.5056944489479065
EOG,0.5056712627410889
KROS,0.5056614279747009
CNI,0.5056596398353577
HPK,0.5056511759757996
DGII,0.5056511163711548
OMC,0.5056312680244446
CNC,0.505630373954773
BRX,0.5056069493293762
NREF,0.5056059956550598
GPK,0.5055952668190002
PKG,0.5055835247039795
SAY,0.5055828094482422
ICE,0.5055807828903198
DXC,0.505563497543335
MUFG,0.5055559873580933
FRSH,0.5055291652679443
AMBA,0.5054916143417358
HDL,0.5054713487625122
ZION,0.5054641962051392
OEC,0.5054605603218079
CUZ,0.5054018497467041
ATMU,0.5053892135620117
EVTC,0.5053653717041016
KRG,0.5053574442863464
ROCK,0.5053485035896301
UVV,0.505347490310669
WTW,0.5053260922431946
NVS,0.50530606508255
BXC,0.5052570104598999
PUMP,0.5052288174629211
DAL,0.5052285194396973
CHRW,0.5052051544189453
PRDO,0.5052045583724976
CFR,0.5051767826080322
ATLCZ,0.505155086517334
DNOW,0.5051538944244385
DDS,0.5050999522209167
ENSG,0.5050975680351257
MMI,0.5050584077835083
BWXT,0.5050531029701233
LKQ,0.5050379633903503
AVY,0.5050363540649414
KRUS,0.5050014853477478
CAMT,0.5049978494644165
ERII,0.5049887895584106
CECO,0.5049634575843811
CEPU,0.5049412250518799
PLXS,0.5049356818199158
TD,0.5049331188201904
VITL,0.5049250721931458
BWMN,0.5049052238464355
ECL,0.504902184009552
KTOS,0.5048938989639282
MCBS,0.5048913359642029
PSO,0.5048795342445374
CF,0.5048667788505554
WPP,0.5048623085021973
PPG,0.5048514604568481
CURB,0.5048351287841797
CCAP,0.5048350691795349
MIRM,0.5048221945762634
CTVA,0.504791796207428
PHIN,0.5047914385795593
NOVT,0.5047909617424011
KFY,0.5047901272773743
NTNX,0.504789412021637
GAIN,0.5047845840454102
CARG,0.5047787427902222
RRX,0.5047699809074402
GO,0.5047692656517029
FDUS,0.5047663450241089
EXPE,0.5047487616539001
ACV,0.5047407746315002
TBBK,0.5047387480735779
NOA,0.5047322511672974
ADAMI,0.5047073364257812
WELL,0.504683256149292
DJCO,0.5046719312667847
MGA,0.5046659708023071
POOL,0.5046641230583191
INVX,0.5046401619911194
GRMN,0.5045770406723022
HSTM,0.5045705437660217
VOC,0.5045539736747742
SPH,0.5045465230941772
FCPT,0.5045276284217834
SBAC,0.5045261383056641
TKO,0.5045239925384521
WSM,0.5045158863067627
TS,0.5044893026351929
HAS,0.5044829249382019
HOFT,0.50445157289505
HUBS,0.5044321417808533
FLUT,0.5044231414794922
DTSQU,0.5044102072715759
DOV,0.5043679475784302
RCL,0.5043160319328308
GRBK,0.5042999386787415
STNG,0.5042995810508728
USPH,0.5042670369148254
CCK,0.504253089427948
NU,0.504234790802002
BIPJ,0.5042073726654053
NMAI,0.5042011737823486
LRN,0.5041837692260742
TRIN,0.5041529536247253
DHR,0.5041289925575256
OII,0.5041053891181946
EQIX,0.5040844082832336
HASI,0.5040767192840576
PFGC,0.504071831703186
TLK,0.5040626525878906
PNC,0.5040622353553772
SKYQ,0.5040370225906372
HLNE,0.5040297508239746
CVS,0.5040193796157837
TR,0.5040125846862793
VTOL,0.5039865374565125
FAST,0.5039656758308411
STC,0.5039585828781128
SCCG,0.50390625
SPXC,0.5038976669311523
PFG,0.5038739442825317
FTV,0.5038610696792603
SPFI,0.5038479566574097
BCV,0.5038434267044067
MMYT,0.5038321614265442
MMS,0.503814697265625
ONTO,0.5037949681282043
VSH,0.5037916302680969
SLGN,0.503783643245697
GNW,0.5037735104560852
JBI,0.5037661790847778
MDLZ,0.5037561058998108
STLD,0.5037424564361572
JAKK,0.5037230849266052
WHF,0.5037064552307129
NBXG,0.5036882162094116
WDAY,0.5036870837211609
CTSH,0.5036351084709167
MXL,0.5036083459854126
WFC,0.5036022663116455
ACIW,0.5035856366157532
BIRK,0.5035481452941895
CNO,0.5035435557365417
G,0.5035411715507507
FRHC,0.5035306215286255
VVX,0.5035293698310852
VRSN,0.5035198926925659
RAPP,0.5034960508346558
HNRG,0.5034832954406738
DXCM,0.5034626722335815
DCO,0.5034584999084473
IEX,0.50343918800354
MTR,0.5034266114234924
PTC,0.5034186244010925
MUR,0.50341796875
NMFC,0.503386378288269
PPL,0.5033625960350037
PCVX,0.5033310651779175
EPR,0.5033286213874817
REX,0.5033285021781921
ATLC,0.5033248066902161
EXTR,0.5033235549926758
ASLE,0.5033041834831238
VMD,0.5033025741577148
ON,0.5032832026481628
UNF,0.5032697916030884
IRTC,0.5032649040222168
AMZN,0.5032130479812622
LEA,0.5031896233558655
ADAMN,0.5031659603118896
HEQ,0.5031633377075195
WHD,0.503161609172821
BRZE,0.5031369924545288
ELV,0.5031296014785767
MAS,0.5031225085258484
TRS,0.5031120181083679
SCD,0.5030981302261353
GAB,0.5030578970909119
SIGA,0.5030477046966553
HNI,0.5030455589294434
MRVL,0.5030357241630554
HP,0.5030309557914734
BATRA,0.5030232667922974
THG,0.5029878616333008
ULTA,0.5029746890068054
GLE,0.5029726028442383
CNP,0.5029687285423279
FUND,0.5029684901237488
XPOF,0.5029188990592957
LZB,0.5029093027114868
GFS,0.5028582811355591
STWD,0.5028433203697205
MORN,0.5028424859046936
TTAN,0.5028195381164551
DKS,0.5027891993522644
ATKR,0.5027833580970764
OPCH,0.5027579665184021
DT,0.5027432441711426
FORR,0.5027391910552979
NJR,0.502730131149292
CBRE,0.5027263760566711
ASML,0.5026729702949524
BBAR,0.5026668310165405
EOS,0.5026561617851257
HRZN,0.5026459097862244
ARMK,0.5026108026504517
CTS,0.502602219581604
MLP,0.5025964975357056
RF,0.5025936961174011
GEL,0.5025931596755981
IDCC,0.5025815367698669
WAY,0.5025585889816284
IR,0.502541184425354
WF,0.5025203824043274
SNX,0.5025008916854858
CIGI,0.5024979710578918
BRSL,0.5024920701980591
NOV,0.5024835467338562
BKE,0.5024799108505249
SYK,0.5024473667144775
ACA,0.5024460554122925
P,0.5024426579475403
KHC,0.5024040937423706
DINO,0.5023944973945618
BME,0.5023810863494873
BANX,0.5023771524429321
UTF,0.5023723840713501
AMG,0.5023676156997681
TOST,0.5023348331451416
SHOO,0.5022695660591125
WEC,0.5022687911987305
FNV,0.502265453338623
LPBBU,0.5022311210632324
FMS,0.5022202730178833
ETY,0.5022181272506714
MGRE,0.5021569132804871
LUV,0.5021203756332397
HMN,0.5021201968193054
IIPR,0.5021179914474487
CDNS,0.502117931842804
URI,0.5020771622657776
STN,0.5020689368247986
STRS,0.5020665526390076
EEFT,0.5020627975463867
EPC,0.5020472407341003
ABNB,0.5020396709442139
AM,0.5020248889923096
HALO,0.5020248293876648
SANM,0.5020175576210022
EURK,0.5020153522491455
AEIS,0.5019975304603577
WK,0.501982569694519
DYNCU,0.5019486546516418
MBAV,0.5019119381904602
FBRT,0.5019044280052185
HPE,0.501904308795929
ENR,0.5018798112869263
YETI,0.5018797516822815
BA,0.5018771290779114
SAR,0.5018725991249084
PRS,0.5018672943115234
SON,0.501865565776825
RHP,0.5018590688705444
SR,0.5018582940101624
NBIX,0.5018556714057922
FOUR,0.5018556118011475
SLF,0.5018035769462585
ENS,0.5017892122268677
ALL,0.5017647743225098
KMPB,0.5017638206481934
LIF,0.5017511248588562
JILL,0.5017252564430237
LTM,0.501715898513794
WMK,0.5016981363296509
INCY,0.5016924142837524
EMA,0.5016809701919556
LAD,0.5016703009605408
OBDC,0.5016566514968872
GKOS,0.5016520619392395
NXST,0.5016102194786072
ALG,0.5015482902526855
MKC,0.5015329718589783
NTB,0.5015241503715515
COP,0.5015208125114441
A,0.5015003085136414
MVO,0.501487672328949
BGH,0.5014858841896057
FELE,0.5014682412147522
C,0.5014622807502747
ABXL,0.5014539957046509
IPGP,0.5014172196388245
BOOT,0.5014057159423828
VERA,0.5013939738273621
DOX,0.501389741897583
FLXS,0.5013741254806519
OVV,0.5013726353645325
RCMT,0.5013564229011536
NBIS,0.501347541809082
CDP,0.5013456344604492
AD,0.501289963722229
TWO,0.5012875199317932
DVN,0.5012313723564148
EGP,0.5012233257293701
MPV,0.5012229681015015
CLFD,0.501220166683197
TEL,0.5012179613113403
RC,0.5012125968933105
TMO,0.5012046694755554
SKM,0.5012021660804749
NMFCZ,0.5011721253395081
EXPD,0.5011541843414307
BH,0.5011528730392456
CAE,0.5011395812034607
AWK,0.5011241436004639
WDS,0.5010921359062195
KGC,0.5010889172554016
GLAD,0.5010707974433899
QTWO,0.5010697245597839
UHAL,0.5010601878166199
WLKP,0.501059353351593
CRESY,0.5010554194450378
FHN,0.5010488629341125
BOKF,0.5010449886322021
GGZ,0.50103360414505
HON,0.5010199546813965
EAT,0.5010073184967041
BLCO,0.501006543636322
PII,0.5009899139404297
CARR,0.500980019569397
TEAM,0.5009167194366455
MXE,0.5009121298789978
BC,0.5009027719497681
NTAP,0.5008866190910339
CTRE,0.5008785128593445
PCB,0.5008544325828552
GLPI,0.5008536577224731
DAN,0.5008534789085388
THFF,0.5008363723754883
DDOG,0.5008333325386047
GRN,0.5008292198181152
BST,0.5008236169815063
NX,0.5008130669593811
MRTN,0.5007829070091248
TYL,0.5007729530334473
ADAMM,0.5007397532463074
FRO,0.5007146596908569
PFD,0.5006894469261169
TECK,0.5006594657897949
FULTP,0.5006439089775085
FOX,0.5006388425827026
VMI,0.5006312131881714
SPHR,0.5006140470504761
TAK,0.5006120204925537
CP,0.5005953907966614
BDX,0.500588595867157
ROST,0.5005587935447693
ASA,0.5005308389663696
DASH,0.500530481338501
SPOK,0.5005214810371399
VET,0.5005125999450684
NMM,0.500507652759552
SRRK,0.5004948973655701
LZ,0.5004827976226807
LBTYK,0.5004807114601135
POST,0.5004779100418091
ADNT,0.5004521012306213
KDP,0.500450074672699
PAR,0.5004485249519348
JUNS,0.5004474520683289
BLTE,0.500447154045105
PEGA,0.5004462003707886
UHAL-B,0.5004362463951111
GLNG,0.5004245638847351
PMTS,0.50042325258255
ULS,0.5004048943519592
TBRG,0.5003836154937744
WMS,0.5003769993782043
MCFT,0.5003715753555298
TIGO,0.5003435015678406
ENPH,0.5003086924552917
NWSA,0.5003071427345276
CHSCP,0.5003028512001038
GT,0.5002959966659546
TALO,0.5002952218055725
D,0.5002946853637695
MERC,0.5002927184104919
IPX,0.5002802610397339
LEVI,0.5002720952033997
GSK,0.5002686381340027
TWN,0.5002653002738953
SHW,0.5002374053001404
FTDR,0.5002063512802124
WEAV,0.5001868605613708
SJ,0.5001826286315918
IQV,0.5001689791679382
UAA,0.50014728307724
AOS,0.5001389980316162
MTH,0.5001369118690491
AGNCL,0.5001134276390076
MBIN,0.5001024007797241
EVT,0.5000923275947571
SBS,0.5000845193862915
BYAH,0.5000710487365723
YELP,0.5000372529029846
MOH,0.5000024437904358
FWRG,0.49999117851257324
BATRK,0.49998342990875244
SPRY,0.49997478723526
NBTB,0.49997442960739136
CCJ,0.49997377395629883
COLM,0.49997270107269287
COLD,0.49996674060821533
NIC,0.4999576807022095
MIDD,0.49994343519210815
SOHU,0.4999215602874756
OKTA,0.499919056892395
GMED,0.49988308548927307
PSEC,0.49987486004829407
JBTM,0.4998627007007599
ZWS,0.4998556077480316
ESEA,0.4998400807380676
GSL,0.49982768297195435
AGNCM,0.4998270869255066
EHC,0.49982255697250366
TXN,0.49981945753097534
PYPL,0.4998133182525635
MITN,0.49981194734573364
IDA,0.49976933002471924
AMLX,0.4997580051422119
KMT,0.4997459650039673
WYNN,0.4997307360172272
SKYW,0.4997168481349945
QCRH,0.49971601366996765
MOS,0.4996955394744873
RNGR,0.49966832995414734
EVER,0.49966323375701904
HPQ,0.49965620040893555
SPT,0.4996531009674072
GIS,0.49964582920074463
EMN,0.4996206760406494
KMX,0.4996177554130554
ONEW,0.4996108412742615
NGS,0.49960827827453613
RYZ,0.49960464239120483
NSSC,0.4996020495891571
BNS,0.4995928704738617
STX,0.4995841979980469
AGRO,0.4995840787887573
PAG,0.4995741844177246
IVT,0.4995647966861725
EBF,0.4995296895503998
FOXA,0.4995192885398865
AVPT,0.49951040744781494
GEOS,0.4994983971118927
BEAGU,0.49946948885917664
JNJ,0.4994650185108185
RVMD,0.4994376003742218
TWFG,0.4994364082813263
ELS,0.4994160234928131
LPBB,0.49941083788871765
PHG,0.4994092881679535
LHX,0.4994056820869446
PLMR,0.4994049072265625
SRTS,0.4993756413459778
REYN,0.4993707835674286
TK,0.4993589520454407
ABT,0.4993472397327423
MLAB,0.49930205941200256
VVV,0.4992568790912628
ATEC,0.49924275279045105
NATH,0.4992257356643677
IDYA,0.4992230236530304
KMPR,0.4992174208164215
BOLD,0.49921539425849915
EOD,0.49921196699142456
NRDS,0.49920329451560974
ULH,0.49920138716697693
CWCO,0.49919751286506653
SRAD,0.49918559193611145
ABR,0.4991704225540161
GLOB,0.4991700053215027
UDR,0.49914470314979553
SAMG,0.49914249777793884
BSTZ,0.49912717938423157
AMAT,0.49912089109420776
BLZE,0.499067485332489
CPA,0.49906519055366516
YAAS,0.49905359745025635
BBW,0.4990440905094147
MKSI,0.4990280866622925
QRVO,0.4990015923976898
COKE,0.4989594519138336
ADMA,0.4989505410194397
CION,0.4989455044269562
WRLD,0.49893084168434143
INTT,0.49891790747642517
GOLF,0.4989047348499298
WRD,0.4988943934440613
ASUR,0.4988805055618286
BMRN,0.4988791346549988
RA,0.49887797236442566
HSY,0.49885109066963196
EFR,0.4988430142402649
TROW,0.49882757663726807
KELYA,0.49882569909095764
SYY,0.49881690740585327
MAC,0.4988144338130951
ABG,0.4988130033016205
VIV,0.49881282448768616
BVN,0.49877533316612244
TWLO,0.4987594485282898
WDI,0.49874940514564514
ALCO,0.498736709356308
DOO,0.4987161457538605
NNE,0.4987137019634247
ROKU,0.49869924783706665
PLD,0.498698890209198
RYAM,0.4986844062805176
WY,0.49867889285087585
IMOS,0.4986768364906311
LTH,0.49867120385169983
WPC,0.49865585565567017
ACVA,0.49865084886550903
ITRN,0.4986461102962494
HAFC,0.49863699078559875
FBP,0.49862951040267944
SPE,0.4986174404621124
CHT,0.4985943138599396
NNN,0.49859216809272766
CCRN,0.4985901713371277
PLAB,0.49858957529067993
PSMT,0.4985877275466919
ITOC,0.49857646226882935
WU,0.49857592582702637
FITB,0.49856650829315186
OBE,0.4985593557357788
PCM,0.49852651357650757
IMXI,0.4985198676586151
S,0.4985138475894928
ACLS,0.49851134419441223
OZK,0.4985027015209198
MIR,0.49848172068595886
FSTR,0.49845874309539795
SHG,0.49844807386398315
RHI,0.49843302369117737
RWAYL,0.49841728806495667
UNP,0.49839431047439575
HHH,0.49839335680007935
BURL,0.49838435649871826
HPAI,0.498380571603775
EXOZ,0.4983689486980438
VCYT,0.49835747480392456
AZZ,0.49835526943206787
VRTS,0.4983440935611725
RGR,0.4983406364917755
EQT,0.4983236491680145
PRCT,0.4983035922050476
TSN,0.49829980731010437
MCHP,0.4982675313949585
AGNC,0.49826356768608093
DRI,0.4982495903968811
GHC,0.49823498725891113
OPY,0.49823278188705444
TTMI,0.498193621635437
ENTG,0.49815160036087036
HVT,0.4981227219104767
ACRE,0.4981139302253723
RRC,0.49810606241226196
EWBC,0.49809136986732483
JELD,0.49808967113494873
MNSO,0.4980820417404175
CRUS,0.49807554483413696
CPK,0.49805334210395813
LFUS,0.4980529844760895
PKOH,0.4980431795120239
AFGD,0.4980420470237732
ASG,0.49803051352500916
MBINM,0.49802282452583313
REG,0.4980205297470093
RMT,0.49799782037734985
AMP,0.49798783659935
SMBC,0.4979815185070038
R,0.4979783594608307
LADR,0.49794355034828186
RTX,0.497925341129303
MGRB,0.4979226887226105
ADEA,0.49792245030403137
TPVG,0.4979216158390045
RIO,0.49792060256004333
CACC,0.4979202449321747
LCNB,0.49790477752685547
OPRA,0.49789565801620483
ACTU,0.4978955388069153
LNT,0.4978848099708557
AVT,0.49787694215774536
AAP,0.497847318649292
USFD,0.49784278869628906
VALU,0.49784135818481445
MSTR,0.49783751368522644
FTW,0.49780702590942383
AMKR,0.4977758824825287
ARHS,0.4977658987045288
ERIC,0.49776509404182434
ACN,0.49774977564811707
LBGJ,0.4977430999279022
PNRG,0.49774169921875
OLLI,0.49771004915237427
ICHR,0.49770471453666687
NYT,0.49768510460853577
LBTYA,0.497684508562088
NATL,0.49767792224884033
CXW,0.49765682220458984
CYTK,0.4976294934749603
GNTX,0.4976206421852112
HOV,0.4976087212562561
FRPT,0.49759891629219055
INTC,0.49758756160736084
AGNCP,0.4975874423980713
MT,0.49758073687553406
AYA,0.497567743062973
LND,0.4975564181804657
SFBS,0.49752336740493774
SCHW,0.49749135971069336
GTLS,0.4974765181541443
AMX,0.4974765181541443
CASH,0.4974730312824249
HBANL,0.4974655210971832
PSA,0.4974606931209564
NSA,0.49741196632385254
ASIX,0.49740228056907654
APPF,0.49738776683807373
PLBC,0.49738389253616333
FRA,0.4973818063735962
ADAML,0.49737656116485596
SIG,0.4973747432231903
BHE,0.4973612427711487
LXEO,0.49734896421432495
REPX,0.49733835458755493
INVH,0.49733439087867737
APOG,0.4972975552082062
WTRG,0.4972892999649048
BRSP,0.4972826838493347
ACEL,0.49728158116340637
EXE,0.4972512125968933
CNS,0.49722155928611755
FSLR,0.49720776081085205
MC,0.497201532125473
SAM,0.49717268347740173
AMN,0.49716490507125854
CCD,0.4971616864204407
FCNCA,0.49711543321609497
IPI,0.49710604548454285
BBY,0.49707701802253723
GCBC,0.4970734715461731
FOXF,0.49707069993019104
ARW,0.49706345796585083
DG,0.4970325827598572
REZI,0.4970287084579468
MGEE,0.49702268838882446
CIG-C,0.49699926376342773
GFI,0.4969572126865387
UL,0.4969561696052551
DX,0.49694350361824036
ONIT,0.49694180488586426
MDV,0.49693217873573303
ECG,0.4969134032726288
KIO,0.4969121217727661
FN,0.496907114982605
T,0.49689680337905884
FSBC,0.49688810110092163
KREF,0.49687692523002625
CASS,0.4968631863594055
DPZ,0.49685797095298767
ACH,0.4968453049659729
ALVO,0.496823251247406
NBHC,0.49676138162612915
FMX,0.49674275517463684
SONO,0.49674132466316223
DOCS,0.4966994524002075
NFJ,0.4966842830181122
DKL,0.4966789782047272
MZTI,0.4966742694377899
EBAY,0.496654212474823
FMAO,0.4966420531272888
FIS,0.4966348707675934
CE,0.4966331124305725
MU,0.49660441279411316
HLN,0.49657970666885376
PINS,0.4965512752532959
IFS,0.49653175473213196
SWX,0.49653080105781555
LVS,0.49652382731437683
GNK,0.4965001344680786
CAMP,0.4964948296546936
OPLN,0.49649184942245483
TNET,0.4964730441570282
PPC,0.49646392464637756
SAFT,0.4964357912540436
DCBO,0.4964192807674408
EWTX,0.4963800311088562
FCFS,0.49634748697280884
HBCP,0.4963281452655792
LQDA,0.4963052570819855
EPAM,0.4963034391403198
FFA,0.49629175662994385
DSGN,0.4962860643863678
NEXT,0.4962584674358368
TSBK,0.4962165355682373
ATLCP,0.49620237946510315
PDEX,0.49619153141975403
PCTY,0.4961627721786499
BGT,0.49615830183029175
UAL,0.4961409270763397
TRTX,0.4961383640766144
TXT,0.4960876405239105
AHRT,0.4960778057575226
ECHO,0.49607381224632263
BSL,0.4960600733757019
SMTC,0.4960300326347351
CBL,0.49602773785591125
RGEN,0.49600186944007874
NTGR,0.4959961771965027
ALHC,0.4959941506385803
JHX,0.4959859251976013
NCNO,0.49595731496810913
PMTU,0.49595096707344055
NBBK,0.49594569206237793
BCAT,0.4959414005279541
HFWA,0.4959215223789215
AA,0.49592018127441406
TX,0.49591097235679626
SSL,0.49590829014778137
VSTS,0.4958966076374054
SONY,0.4958927035331726
NVMI,0.49587416648864746
ALLE,0.4958665370941162
BSY,0.49586284160614014
APAM,0.4958460330963135
TYRA,0.4958394467830658
ATHS,0.49583593010902405
KB,0.49583348631858826
FIZZ,0.49583229422569275
PTLE,0.4958310127258301
CLAR,0.4958197772502899
ALNT,0.495792031288147
MNR,0.4957854747772217
SWZ,0.49577945470809937
ARCO,0.4957740604877472
CLBT,0.49576935172080994
KARO,0.4957652688026428
AMAL,0.495675265789032
PEB,0.4956752061843872
OXM,0.49566835165023804
CRI,0.495657354593277
ATRO,0.49562734365463257
PTGX,0.4956229031085968
ABSI,0.495609849691391
IBOC,0.4956054091453552
LRCX,0.49560415744781494
FAF,0.49559491872787476
PNNT,0.4955940842628479
PRKS,0.49559351801872253
LMNR,0.4955841302871704
CODA,0.49556633830070496
F,0.49555426836013794
CUBI,0.49553507566452026
VLGEA,0.4955299198627472
FLX,0.49552974104881287
NDSN,0.4955296814441681
AMCR,0.4955240786075592
BHFAO,0.4954904615879059
LENZ,0.49547383189201355
TER,0.4954662322998047
BCS,0.49546119570732117
OTTR,0.4954322874546051
RXO,0.4954145550727844
SITC,0.49539297819137573
MSA,0.4953847825527191
PEN,0.4953779876232147
MBWM,0.49537694454193115
NAVI,0.4953753650188446
FIVE,0.4953748285770416
STNE,0.4953422546386719
CENT,0.4953272044658661
SEB,0.4953254461288452
FIBK,0.49531668424606323
LBRT,0.49529972672462463
WMG,0.49527329206466675
CPF,0.4952714741230011
BBDC,0.4952473044395447
CWK,0.49523982405662537
TPR,0.4952385425567627
GCO,0.4952215850353241
TDS,0.4952203035354614
EMF,0.4952114224433899
PONY,0.4952074885368347
CRK,0.4952055811882019
IDT,0.4951833486557007
ALLY,0.4951527714729309
AFGB,0.4951459467411041
CNXC,0.49514442682266235
ANIP,0.49513834714889526
OFG,0.4951377511024475
TDC,0.4951128661632538
BRC,0.49509379267692566
GRAL,0.4950887858867645
MAN,0.49508824944496155
BLFS,0.4950714707374573
IRT,0.4950713515281677
DLTR,0.4950105845928192
CHDN,0.49501025676727295
PFBC,0.49498841166496277
TNC,0.4949784576892853
CNMD,0.4949325621128082
APPN,0.49492883682250977
BTU,0.4949278235435486
LSCC,0.4948675036430359
BSAC,0.494863897562027
ARI,0.4948553740978241
EGO,0.49483248591423035
FBIN,0.49477726221084595
RSF,0.4947652220726013
CSQ,0.49475613236427307
NL,0.49475571513175964
AEE,0.49473845958709717
SQM,0.4947212338447571
AMPL,0.494700163602829
QSR,0.4946882724761963
GNRC,0.4946870505809784
MCY,0.4946845769882202
BFAM,0.49467432498931885
MDT,0.4946698248386383
TDTH,0.4946539103984833
MGRC,0.4946148097515106
PRHIZ,0.49459633231163025
AORT,0.49458029866218567
LSH,0.49455586075782776
LGCY,0.49455103278160095
PBR,0.49454963207244873
RYN,0.4945124685764313
WD,0.49451112747192383
SCM,0.49450647830963135
ACDC,0.4944991171360016
ISD,0.4944935142993927
SMP,0.49449318647384644
DDT,0.4944867789745331
ETO,0.4944857060909271
DAKT,0.49448198080062866
BBT,0.49447160959243774
INSM,0.4944571554660797
ORMP,0.4944520890712738
CNNE,0.49444589018821716
FSCO,0.4944002628326416
HDRN,0.4943835437297821
GENK,0.49438318610191345
VTMX,0.49436700344085693
NLY,0.4943625032901764
NFLX,0.4943532943725586
DSU,0.49435317516326904
TITN,0.49432918429374695
SFHG,0.49432870745658875
WDFC,0.49432533979415894
NUVL,0.4943152666091919
JBSS,0.4942646324634552
CVKD,0.49425649642944336
BEPJ,0.49425438046455383
BILL,0.4942305088043213
NWS,0.49422532320022583
TRMB,0.49422094225883484
PGZ,0.49421072006225586
MTX,0.4942106008529663
JBGS,0.49420982599258423
DEO,0.49418795108795166
IONS,0.4941706359386444
GPCR,0.49416983127593994
INTR,0.4941352605819702
ES,0.4941297769546509
HQH,0.4941129684448242
CHCO,0.4940991699695587
GSBC,0.49409717321395874
SCSC,0.4940648078918457
UG,0.4940641224384308
PLAY,0.49403706192970276
RGT,0.4939795136451721
MACIU,0.49397173523902893
BCML,0.49396833777427673
UVE,0.4939573407173157
FULT,0.4939521849155426
ASTE,0.49395182728767395
MTRN,0.4939440190792084
FLO,0.4939429759979248
LFVN,0.4939318597316742
CPB,0.49390313029289246
SAN,0.4939011037349701
AWI,0.49383190274238586
FVN,0.49380701780319214
AVTR,0.4937930703163147
CCS,0.493773877620697
VZ,0.4937676787376404
PBT,0.49376609921455383
TFPM,0.49376237392425537
DTSQ,0.4937533736228943
LSTR,0.49375179409980774
AMGN,0.49372541904449463
GOOD,0.4937105178833008
NEXA,0.4937085509300232
NFE,0.4937000274658203
MTN,0.493697851896286
PDS,0.4936942160129547
MSM,0.4936903715133667
INNV,0.4936849772930145
NMRK,0.49366897344589233
HBNC,0.49366071820259094
NHTC,0.4936194121837616
PFSI,0.493590384721756
CARE,0.4935884177684784
FUL,0.4935615658760071
TEX,0.4935417175292969
HOOD,0.49352869391441345
BTSGU,0.4935230016708374
SPHL,0.49351581931114197
GDYN,0.49349918961524963
SLG,0.49346494674682617
CAAP,0.49345868825912476
PENG,0.4934353828430176
CROX,0.49342861771583557
PODD,0.4934256374835968
CMBT,0.49341973662376404
NGVC,0.49341869354248047
NOMD,0.4934113025665283
SWKS,0.4933944642543793
ETD,0.4933771789073944
BALL,0.4933719038963318
EQBK,0.49336713552474976
UMBF,0.4933226406574249
EDU,0.49332159757614136
DGX,0.4932953715324402
PRH,0.4932684004306793
EE,0.4932442009449005
CVEO,0.49324139952659607
KNSA,0.49322423338890076
PRMB,0.49322274327278137
ONON,0.4932205379009247
ORRF,0.49321845173835754
BCX,0.4932170510292053
SCCO,0.4931953549385071
PLTR,0.4931797683238983
CNXN,0.4931633472442627
LOMA,0.4931560456752777
CPZ,0.4931406080722809
SAT,0.4931381344795227
TBN,0.49311625957489014
NATR,0.493113249540329
SNY,0.4931105971336365
SSTK,0.4931010901927948
ECPG,0.4930938482284546
CSV,0.49308741092681885
FCNCO,0.493085652589798
AOSL,0.493082195520401
FORM,0.49308091402053833
JRS,0.4930681586265564
OLN,0.4930635094642639
MFAO,0.49305564165115356
CAG,0.4930413067340851
PLNT,0.4930097460746765
TRINI,0.4929727613925934
PAYO,0.49296945333480835
KLC,0.49295052886009216
CSTM,0.49294137954711914
ONBPO,0.4929356873035431
MDB,0.49292898178100586
NRP,0.49291905760765076
LPX,0.492890864610672
IMCR,0.49288368225097656
PCOR,0.4928779900074005
TBPH,0.49286749958992004
RYTM,0.4928637444972992
FFC,0.4928510785102844
NET,0.4928321838378906
PEBO,0.49281254410743713
IRON,0.49278193712234497
GLU,0.4927772879600525
IGIC,0.492775022983551
FDSB,0.4927399456501007
BIO,0.49271413683891296
ZGN,0.4927130937576294
AXR,0.4927080571651459
MAX,0.492686927318573
GDV,0.49268096685409546
ESTA,0.4926753044128418
PBF,0.4926328957080841
NXRT,0.49263033270835876
KOS,0.49260058999061584
SCL,0.49254149198532104
XMTR,0.4925389289855957
TWIN,0.4925122857093811
IDXX,0.49250978231430054
CCOI,0.49250853061676025
RWAY,0.4924995005130768
BHFAN,0.49247878789901733
CLF,0.4924756586551666
BF-B,0.49247175455093384
QQQX,0.49246689677238464
PACK,0.49246302247047424
FTRE,0.49246278405189514
PRK,0.4924384355545044
PLOW,0.4924302399158478
EMR,0.49242299795150757
GAMB,0.49239832162857056
TRNO,0.4923897683620453
AFGC,0.4923667013645172
IRS,0.4923565685749054
PGNY,0.492354154586792
VISN,0.49233773350715637
POR,0.4923325479030609
GOLD,0.4923303425312042
MFIN,0.49232688546180725
OCCI,0.4922889769077301
ADT,0.4922872483730316
TBI,0.49228355288505554
THQ,0.49227845668792725
IAG,0.4922766089439392
ETV,0.4922593832015991
CINT,0.4922510087490082
NEWTH,0.49224817752838135
CLBK,0.49223408102989197
GBDC,0.4922332763671875
KD,0.4922310709953308
MPAA,0.49222034215927124
RNP,0.4922082722187042
RQI,0.4922043979167938
GEF,0.4921710789203644
SD,0.49215933680534363
STHO,0.4921591281890869
SIBN,0.4921168386936188
JBHT,0.49211591482162476
SEVN,0.4921116530895233
DXPE,0.49209895730018616
ADBE,0.49209076166152954
M,0.4920567572116852
CPS,0.4920240044593811
IMKTA,0.4920189380645752
VFC,0.491973340511322
AXIA,0.49197179079055786
ALRS,0.4919549822807312
HUBG,0.4919373393058777
COF,0.49193623661994934
PLPC,0.4919338822364807
GDOT,0.49191921949386597
RVT,0.49190255999565125
PAXS,0.4919000566005707
MBUU,0.49188894033432007
AVNS,0.4918888807296753
MLKN,0.49188679456710815
SFL,0.49187082052230835
MOMO,0.4918283224105835
COCO,0.49182456731796265
IRDM,0.4918175935745239
FIP,0.49180617928504944
HBANM,0.4917909502983093
PSF,0.4917870759963989
BKH,0.49178436398506165
GPN,0.4917823076248169
TIMB,0.49177756905555725
PINE,0.4917741119861603
AGNCO,0.49174413084983826
CENTA,0.4917219281196594
EQNR,0.4917134642601013
OXY,0.4917041063308716
QUAD,0.49170082807540894
MITT,0.4916825592517853
GLRE,0.4916766881942749
UA,0.4916684925556183
NEWT,0.49166151881217957
RM,0.49165335297584534
NTR,0.4916486144065857
BPOP,0.4916291832923889
LXU,0.4916161596775055
CXM,0.49160683155059814
AHCO,0.4916037917137146
FACT,0.49160313606262207
IFF,0.4915902316570282
GAINI,0.4915768802165985
SOFI,0.49156442284584045
RPC,0.49156343936920166
MGPI,0.4915632903575897
STAG,0.49154651165008545
IAE,0.4915352761745453
TIPT,0.49153077602386475
AXSM,0.49152496457099915
FR,0.4915223717689514
TTD,0.4915175437927246
UNMA,0.49150487780570984
KRO,0.49148494005203247
XPO,0.49146270751953125
FOR,0.4914523959159851
GTLB,0.4914472699165344
BCPC,0.49143415689468384
DLB,0.49143415689468384
BV,0.4914197623729706
LEU,0.49141329526901245
NVRI,0.491412490606308
NPKI,0.4913928210735321
CGNT,0.49138936400413513
WS,0.49138715863227844
INFY,0.491366446018219
MSB,0.4913634657859802
SNDX,0.4913521707057953
NRC,0.49134716391563416
ATAT,0.4913470447063446
EDN,0.49132999777793884
OLP,0.4913284480571747
BYRN,0.4913233816623688
MPTI,0.4913182854652405
ADTN,0.49129587411880493
VERI,0.49126994609832764
ELC,0.49126768112182617
GTY,0.49126073718070984
IBG,0.4912324845790863
GBX,0.49122270941734314
VYX,0.4911983609199524
TPB,0.4911840856075287
BTOC,0.49116483330726624
RBCAA,0.4911542534828186
NC,0.49114158749580383
WDC,0.4911409020423889
HUHU,0.49112698435783386
PFH,0.4911264181137085
ASX,0.4911174476146698
CCEC,0.49108776450157166
FLEX,0.4910777509212494
NWBI,0.49107488989830017
ICLR,0.49104464054107666
HHS,0.491021990776062
ZIP,0.4910149872303009
CALX,0.49101394414901733
DOCN,0.4910106062889099
ZVRA,0.4910050928592682
ANIK,0.4909929037094116
COUR,0.4909876883029938
DLX,0.4909747540950775
TPC,0.4909696877002716
XRX,0.49095141887664795
GXO,0.49094802141189575
DD,0.49091050028800964
PMT,0.49089768528938293
DTG,0.4908769428730011
BTO,0.490863561630249
NG,0.49086064100265503
UE,0.49085816740989685
ACOG,0.4908309876918793
FACTU,0.49081581830978394
SKT,0.4908052682876587
RLTY,0.49080342054367065
ZDAI,0.4907890260219574
FNB,0.4907852113246918
TATT,0.4907810389995575
WSR,0.49077001214027405
CFFI,0.49076226353645325
OSW,0.4907500743865967
MRCY,0.490745484828949
HSAI,0.4907185435295105
OSBC,0.4906430244445801
USNA,0.49063026905059814
CLMT,0.4906279146671295
APLD,0.4906255006790161
AVAV,0.49061140418052673
FUNC,0.490595281124115
OBT,0.4905918836593628
LYTS,0.49057379364967346
COHU,0.49055981636047363
PVH,0.4905576705932617
PWP,0.4905494749546051
KT,0.49054351449012756
PRAX,0.49053478240966797
AMD,0.4905254542827606
BHFAL,0.4904991686344147
SBCF,0.49049028754234314
SCI,0.4904770255088806
EFSC,0.4904501438140869
EW,0.4904365837574005
COHR,0.4904242157936096
IGI,0.4904138743877411
INVA,0.4904036819934845
UCTT,0.49037501215934753
UMAC,0.4903488755226135
CNH,0.49032801389694214
WT,0.4903174638748169
ECVT,0.4903152883052826
ARDC,0.4902971684932709
AUDC,0.49029475450515747
RELL,0.49028629064559937
UCB,0.4902799725532532
GMAB,0.49027958512306213
HPS,0.4902713894844055
GUT,0.49026399850845337
CMCSA,0.4902634620666504
PVL,0.49025848507881165
GABC,0.4902556836605072
CERT,0.4902478754520416
TWI,0.4902477562427521
ALK,0.49024179577827454
BTE,0.4902363121509552
EVI,0.49023377895355225
REXR,0.4902319610118866
FMC,0.4902232587337494
HLIO,0.49021878838539124
FLYX,0.49016860127449036
BWFG,0.4901684820652008
UBER,0.4901524484157562
PAY,0.4901489317417145
AWR,0.490136057138443
NCEW,0.4901331961154938
ESTC,0.4901321530342102
PCRX,0.49012959003448486
CLB,0.4901251792907715
HLIT,0.49012449383735657
WHR,0.49011439085006714
ACNB,0.49010908603668213
ZKH,0.49010777473449707
OSG,0.4900735318660736
VC,0.49006491899490356
LFMD,0.4900487959384918
DSGR,0.49004706740379333
ACHC,0.49003493785858154
IE,0.48999324440956116
ECCC,0.4899917542934418
LOVE,0.48999157547950745
CGAU,0.48998478055000305
QUIK,0.489968866109848
TARS,0.48996806144714355
SRCE,0.4899473488330841
SMPL,0.48994722962379456
DHT,0.48991891741752625
REFI,0.48991116881370544
TEVA,0.489899605512619
SNWV,0.48989275097846985
TRIP,0.4898713529109955
BELFA,0.4898650646209717
EIC,0.48985692858695984
FINV,0.4898444712162018
FISI,0.4898088276386261
ZTS,0.4898001253604889
GTX,0.4897940158843994
COTY,0.48979079723358154
VLYPP,0.4897870421409607
GEO,0.4897820055484772
DNUT,0.48977068066596985
GCMG,0.4897357225418091
YYGH,0.4897019863128662
CBFV,0.4896984100341797
APTV,0.48968324065208435
GFL,0.4896540343761444
AFCG,0.4896414577960968
PMO,0.4896375834941864
FLC,0.489626944065094
PC,0.4895920157432556
ESCA,0.48957276344299316
CRT,0.4895627200603485
UNFI,0.48956167697906494
KSPI,0.4895543158054352
ZIM,0.48954567313194275
RVTY,0.4895438551902771
NXE,0.4895220100879669
WKC,0.4895208179950714
ALNY,0.489511638879776
BUSE,0.4894888997077942
BIP,0.48947152495384216
IONQ,0.4894627332687378
ODC,0.4894336462020874
ACI,0.4894208014011383
YOU,0.4894016683101654
CHTR,0.4893961250782013
INBK,0.4893859028816223
VSXY,0.4893738627433777
WBD,0.48935845494270325
JKS,0.48935696482658386
JLL,0.4893375039100647
MG,0.48932772874832153
NKE,0.4893207848072052
NBN,0.48931604623794556
RTO,0.4892773926258087
KAPA,0.48926299810409546
TRU,0.48925089836120605
DIS,0.48924022912979126
BXP,0.489236980676651
FLYW,0.4892357289791107
RFI,0.48922786116600037
HWCPZ,0.48922455310821533
PACS,0.48921945691108704
SOR,0.4892193078994751
NTCL,0.48921701312065125
MOV,0.4891986846923828
EGY,0.48919007182121277
MNTK,0.48918265104293823
MSGS,0.48917078971862793
BHVN,0.4891621172428131
UPS,0.4891284704208374
PK,0.48912540078163147
ARQT,0.4891214966773987
PFIS,0.4891159236431122
AES,0.4891122579574585
RPM,0.489109069108963
FHTX,0.4890899658203125
DOCU,0.48902514576911926
ATNI,0.4890245497226715
HOMB,0.48902422189712524
CAL,0.4890173077583313
FLNC,0.4890158474445343
HBT,0.48901259899139404
BAX,0.48901018500328064
UMH,0.4889868199825287
CSGP,0.48897963762283325
CMT,0.488972008228302
DKNG,0.4889530837535858
RSI,0.488888680934906
ALGM,0.48888570070266724
DGICA,0.4888854920864105
RLYB,0.4888761341571808
GPRK,0.48887601494789124
METC,0.4888637065887451
TEN,0.4888526499271393
KLIC,0.4888361394405365
NVG,0.48883432149887085
CMSC,0.4888225197792053
GEHC,0.48881208896636963
BCE,0.48880869150161743
SHAK,0.4888032078742981
HQL,0.4887930750846863
SGA,0.48876863718032837
ELPC,0.48875096440315247
NTES,0.48875001072883606
PDD,0.48871687054634094
RCI,0.4887116253376007
SNAP,0.4887085556983948
KE,0.48870649933815
SNFCA,0.4887009859085083
JBLU,0.488681435585022
LITE,0.4886780381202698
TG,0.4886491000652313
PDLB,0.4886395335197449
DOLE,0.4886379539966583
IBO,0.48863694071769714
HRMY,0.4886217713356018
FA,0.4885886013507843
PTA,0.4885784685611725
AOUT,0.4885696470737457
BOOM,0.4885687530040741
PERI,0.4885585606098175
LOB,0.4885347783565521
ONT,0.4885329008102417
RKLB,0.4885319769382477
PD,0.48853015899658203
PAHC,0.48852765560150146
XPEL,0.48851171135902405
RDW,0.4885103702545166
BAND,0.4885099530220032
FCBC,0.4885003864765167
IFN,0.48849567770957947
CMPR,0.4884941875934601
MSCI,0.4884263873100281
SRPT,0.4884189963340759
DRVN,0.48841148614883423
DLO,0.4884084165096283
TFC,0.48840564489364624
WSFS,0.48840516805648804
DOMO,0.48839738965034485
RGNX,0.4883762300014496
LGI,0.4883723556995392
MAA,0.4883700907230377
PAMT,0.4883657693862915
CICB,0.48836156725883484
VPG,0.4883548617362976
CIX,0.48834678530693054
APLE,0.4883439838886261
PTEN,0.4883422255516052
MSBI,0.4883211851119995
AEFC,0.4883200526237488
RVLV,0.48831477761268616
GNL,0.48830822110176086
SUZ,0.4882957935333252
INSP,0.4882691204547882
FGN,0.4882547855377197
JBIO,0.4882543385028839
LANDO,0.48825183510780334
CCL,0.4882344603538513
CHW,0.48823025822639465
UEC,0.48822420835494995
DEI,0.48821818828582764
CMSD,0.488200306892395
IX,0.48819130659103394
PGC,0.48818865418434143
CMRE,0.4881852865219116
BUD,0.4881584644317627
LIVN,0.4881400167942047
RGP,0.4881361424922943
FRME,0.4881317615509033
DMC,0.4881252348423004
WST,0.488078773021698
BOW,0.48807060718536377
IIIV,0.48803266882896423
SVV,0.4880141615867615
SG,0.4880080223083496
BFH,0.48800337314605713
IMMR,0.4879870116710663
MBINN,0.48797985911369324
PDT,0.4879787266254425
THO,0.4879712164402008
FENC,0.4879661202430725
FLR,0.4879632294178009
STM,0.48796015977859497
GLBE,0.4879532754421234
AMT,0.48794272541999817
EIIA,0.48791566491127014
EZPW,0.48791447281837463
GRVY,0.4879074692726135
ICL,0.4878959655761719
CWT,0.48788630962371826
ASYS,0.48788517713546753
EVV,0.4878733158111572
SFST,0.4878726899623871
B,0.48786595463752747
CSX,0.4878564178943634
NN,0.4878506660461426
PAAS,0.4878283143043518
LKFN,0.4878220856189728
INFU,0.4878184497356415
SLP,0.4878150522708893
TGTX,0.4878142476081848
AI,0.48780494928359985
DLHC,0.487803190946579
SWBI,0.4877753257751465
ROIV,0.4877563416957855
VICR,0.48774969577789307
TMCI,0.4877408444881439
BZH,0.4877392649650574
AAT,0.4877314865589142
LAND,0.48771634697914124
BEPI,0.4877035915851593
FBK,0.48769909143447876
AIZN,0.4876878261566162
SYNA,0.4876713752746582
MP,0.48765215277671814
ITUB,0.48764750361442566
EC,0.4876341223716736
TDACU,0.48762720823287964
CZWI,0.487593412399292
ORKT,0.48758938908576965
WGO,0.48757222294807434
DRDBU,0.48753267526626587
CMCL,0.4874989986419678
DUOT,0.4874713718891144
NRO,0.48745018243789673
ALTG,0.4874420166015625
SHIM,0.4874345362186432
LAW,0.4874143600463867
ERO,0.4874109625816345
HWC,0.48738527297973633
PTHS,0.48733383417129517
ALB,0.4873201251029968
AAMI,0.48731186985969543
EMD,0.48731011152267456
GSHD,0.48730388283729553
BE,0.48729920387268066
CGO,0.487295001745224
TVTX,0.4872947037220001
AGD,0.48729419708251953
CART,0.48727983236312866
WERN,0.48726364970207214
PUK,0.4872635304927826
PL,0.48725515604019165
AUB,0.48722773790359497
RPD,0.48722660541534424
SOLV,0.4872148334980011
HIW,0.4871903955936432
AMPY,0.48718735575675964
TCPC,0.4871717393398285
AXGN,0.48716098070144653
TOWN,0.4871414005756378
MEC,0.48712339997291565
EXPO,0.48712319135665894
BF-A,0.4870990812778473
PHR,0.4870988428592682
SDRL,0.48708605766296387
CSIQ,0.48708376288414
CENX,0.48705440759658813
ACCO,0.4870505928993225
PRGS,0.4870169460773468
KKRS,0.487016499042511
JANX,0.48701396584510803
UGI,0.48700812458992004
CBSH,0.4869985282421112
HZO,0.4869976043701172
BOX,0.4869976043701172
IBCP,0.4869976043701172
AFRM,0.4869976043701172
MSEX,0.4869976043701172
GBFH,0.4869958758354187
ARKO,0.4869791269302368
OFS,0.4869581460952759
XFLT,0.48694944381713867
MBLY,0.4869469702243805
CUBE,0.48693978786468506
AGNCN,0.48693791031837463
EVH,0.4869336187839508
LANDP,0.4869210720062256
CZR,0.4869155287742615
ITRI,0.4869014620780945
ETON,0.4868706464767456
VIAV,0.4868561923503876
SLMBP,0.48685234785079956
EXR,0.4868447780609131
MANU,0.48684296011924744
LIND,0.4868268072605133
CCNE,0.4868028461933136
DRH,0.4868027865886688
GRFS,0.4867924451828003
MSDL,0.4867771863937378
EYE,0.48677539825439453
TEO,0.48674476146698
CCB,0.48672905564308167
ONBPP,0.48672521114349365
ATRC,0.48664090037345886
QFIN,0.4866355061531067
SILC,0.4866197407245636
NOK,0.4866049587726593
BKU,0.4866017997264862
COGT,0.4865867793560028
PSKY,0.4865681529045105
CHY,0.48656532168388367
RKT,0.4865487813949585
SHO,0.48654183745384216
VIRC,0.4865065813064575
IART,0.48647546768188477
SREA,0.4864497482776642
TNK,0.48643994331359863
VFL,0.48643743991851807
CCI,0.4864318072795868
GTM,0.4864273965358734
NMR,0.4864271879196167
CLYM,0.4864206314086914
LICN,0.48641639947891235
TFX,0.48641589283943176
FUTU,0.48640191555023193
ELA,0.4863935708999634
PDPA,0.4863836467266083
CCC,0.48636963963508606
RH,0.48636841773986816
TCMD,0.486352801322937
FND,0.4863315224647522
CATY,0.48627975583076477
FBIZ,0.4862722158432007
DAC,0.48627182841300964
WAT,0.4862678647041321
SLAB,0.4862574338912964
FRPH,0.4862295985221863
FULC,0.48622554540634155
WEN,0.48618608713150024
FT,0.48616766929626465
ELTK,0.4861644506454468
STBA,0.4861621856689453
ASPI,0.4861438274383545
UPBD,0.4861140251159668
LSE,0.486098974943161
DRD,0.48609790205955505
SBUX,0.4860878586769104
BORR,0.48608171939849854
HLF,0.4860701858997345
GBCI,0.4860692322254181
IP,0.48605796694755554
GLQ,0.48605525493621826
OFIX,0.4860532283782959
DFP,0.48604732751846313
MTUS,0.4860391914844513
DIOD,0.48603570461273193
GUG,0.48603305220603943
BHFAP,0.486017644405365
CLIK,0.48599421977996826
PMEC,0.48599228262901306
DAR,0.48597630858421326
RWT,0.4859752953052521
ASO,0.4859643578529358
SAH,0.485946923494339
MPA,0.48594391345977783
VEEV,0.48593059182167053
ARDX,0.4859153926372528
NRIM,0.4859078526496887
HWBK,0.48590368032455444
WEYS,0.48586955666542053
DOGZ,0.4858644902706146
UONE,0.48585808277130127
CFG,0.4858570694923401
RZLT,0.4858522415161133
AMH,0.4858470559120178
ADUR,0.48584580421447754
ACGLO,0.4858432114124298
SDHY,0.4858417510986328
EXG,0.485836923122406
FF,0.48583129048347473
KNX,0.48581311106681824
PATH,0.48579269647598267
LILAK,0.4857885241508484
CDTG,0.4857431948184967
GENC,0.48574092984199524
MYE,0.4857383370399475
LEGH,0.4857197701931
PRVA,0.48569363355636597
JRI,0.48568400740623474
LUCK,0.4856722056865692
BCRX,0.48566746711730957
VABK,0.48565611243247986
PRLB,0.4856559634208679
APEI,0.4856410622596741
SSRM,0.48562878370285034
LBRDP,0.48562777042388916
GEN,0.4856257438659668
HPI,0.4856112003326416
THRY,0.4856087863445282
ESOA,0.48560118675231934
BGC,0.48560118675231934
FET,0.4855937063694
BROS,0.4855596423149109
MYGN,0.48555806279182434
HTO,0.4855187237262726
KVYO,0.48549214005470276
SSB,0.4854847192764282
CELH,0.48546117544174194
JJSF,0.4854438602924347
STG,0.4854116141796112
SVCO,0.48540329933166504
ERH,0.4853985905647278
AVK,0.4853978157043457
GECC,0.48538938164711
CHSCO,0.4853765666484833
PENN,0.48535388708114624
NVCT,0.48534107208251953
CAPR,0.48531782627105713
ENO,0.4852805435657501
NEOV,0.4852469563484192
MWA,0.4852302372455597
KWR,0.48522329330444336
SCCD,0.48520413041114807
TXNM,0.48518842458724976
AU,0.4851440191268921
MATH,0.4851386547088623
BSBR,0.48513370752334595
CRNX,0.48512518405914307
COHN,0.4851208031177521
CCSI,0.4851187765598297
NNI,0.4851124882698059
IVZ,0.4851070046424866
VECO,0.48510435223579407
KEYS,0.48509925603866577
JFIN,0.4850882589817047
SYBT,0.48506009578704834
GCT,0.48505011200904846
OI,0.4850355386734009
IIM,0.48501646518707275
MBI,0.4850151240825653
FROG,0.4850100576877594
RAIL,0.48500558733940125
FRD,0.4849824607372284
KRC,0.4849797785282135
PCYO,0.4849400818347931
MTRX,0.48493829369544983
CRGY,0.48492124676704407
WWW,0.4849109947681427
KLXE,0.48490744829177856
ARCT,0.48487532138824463
CC,0.48485133051872253
RMMZ,0.48484984040260315
DAVA,0.4848300516605377
INGM,0.4848273992538452
ALKS,0.4848201274871826
Z,0.4848087430000305
TKC,0.48480695486068726
FLGT,0.4847983717918396
FTHY,0.48479804396629333
ICUI,0.48478156328201294
SWIM,0.4847773015499115
GHI,0.48477059602737427
TGT,0.4847601652145386
INEO,0.4847446084022522
XPER,0.4847315549850464
CRTO,0.4847293496131897
BNL,0.4847172498703003
BMEZ,0.4846983253955841
LINC,0.4846918284893036
HR,0.48468220233917236
CGNX,0.4846797287464142
TSEM,0.4846559762954712
BBN,0.4846542477607727
RDACU,0.4846310019493103
CBNK,0.4846276044845581
ALX,0.48461487889289856
DTB,0.48460888862609863
MNRO,0.48460066318511963
FBIOP,0.484598308801651
EDF,0.4845924377441406
GASS,0.4845626950263977
JRSH,0.48454999923706055
WFG,0.48452967405319214
RIV,0.48450788855552673
PAGS,0.4844954311847687
BRT,0.48449504375457764
TSM,0.48448696732521057
EML,0.484485000371933
NRT,0.4844840168952942
MDGL,0.48447874188423157
LFST,0.4844600558280945
BEN,0.48444926738739014
BFST,0.48444807529449463
GRC,0.4844301640987396
CPSS,0.48442938923835754
BOE,0.48442697525024414
UHT,0.4843771457672119
LGIH,0.4843747913837433
KEY,0.4843575656414032
LXFR,0.4843481779098511
TASK,0.4843434691429138
VLT,0.4843353033065796
WABC,0.48425164818763733
HTLM,0.4842216372489929
CWH,0.4842214584350586
AAL,0.4842143654823303
UGP,0.48420199751853943
ATHM,0.484201043844223
PLGO,0.4842001497745514
UNTY,0.48418596386909485
PESI,0.4841844439506531
USA,0.48414796590805054
NICE,0.48414477705955505
OACCU,0.4841330945491791
NVEC,0.4841219186782837
EOLS,0.4841078221797943
IMAX,0.484103262424469
LNKS,0.48409292101860046
ALDF,0.48408302664756775
MHK,0.484081506729126
BVS,0.48408016562461853
DYN,0.4840770363807678
BCBP,0.4840635359287262
ASH,0.4840424060821533
KYMR,0.48403963446617126
EMBC,0.48402726650238037
GPMT,0.4840225279331207
UTL,0.48400309681892395
FSBW,0.4839972257614136
UVSP,0.48397716879844666
MARA,0.48396649956703186
BMY,0.48396578431129456
XP,0.4839511513710022
BCAX,0.48395103216171265
AOD,0.4839433431625366
BEEP,0.4839264750480652
LPRO,0.4839240312576294
PPLI,0.4839134216308594
MTW,0.4839019179344177
MAT,0.4838949739933014
BEPC,0.4838813543319702
ACU,0.4838799238204956
VEL,0.48387610912323
EBS,0.4838717579841614
CBRL,0.48386019468307495
NMRA,0.4838499426841736
EPSN,0.48384955525398254
PFL,0.4838382601737976
RDVT,0.4838365912437439
HURC,0.4838360846042633
ZTR,0.4838183522224426
RLJ,0.4838157296180725
KNOP,0.48380979895591736
AMCX,0.4837978780269623
CDNA,0.4837357699871063
VNDA,0.4837341606616974
SJM,0.4837322533130646
CIM,0.48372918367385864
FIVN,0.48371490836143494
ALIT,0.48371151089668274
FWRD,0.4836881756782532
MSBIP,0.48368796706199646
CCIF,0.4836796522140503
ACR,0.48367825150489807
EBC,0.48367390036582947
VNO,0.48367390036582947
YUMC,0.48365896940231323
CMTG,0.4836392104625702
GHM,0.48363375663757324
JFR,0.4836219251155853
HBM,0.4836175739765167
RELY,0.4836009442806244
EEA,0.4835803210735321
VCEL,0.4835754930973053
IVR,0.48357531428337097
FHB,0.4835701286792755
MAIA,0.4835430979728699
KF,0.48352882266044617
NTIC,0.48350775241851807
BRKR,0.4835052490234375
WSBF,0.48349928855895996
WRBY,0.4834862947463989
UIS,0.4834784269332886
FSM,0.4834689497947693
SOJD,0.48346105217933655
SDHC,0.483452171087265
FGL,0.4834520220756531
BLKB,0.4834395945072174
CIG,0.4834390878677368
ONC,0.48343420028686523
MAMO,0.48341524600982666
BTX,0.4834008812904358
ACRS,0.4834003150463104
RILYP,0.48338884115219116
ASTH,0.4833794832229614
THRM,0.4833698272705078
CTOS,0.48336589336395264
GEF-B,0.4833628833293915
RWTO,0.4833362400531769
CAPN,0.48330366611480713
NCLH,0.48330000042915344
GBTG,0.48327308893203735
OOMA,0.48323434591293335
OUT,0.4832298457622528
NFBK,0.48319438099861145
HG,0.4831882417201996
MHH,0.4831809103488922
PKX,0.48317983746528625
ZYME,0.4831790030002594
HY,0.48315808176994324
SEPN,0.483137309551239
AX,0.48313114047050476
STGW,0.48312556743621826
CAR,0.483119398355484
HTB,0.48311471939086914
PHI,0.48310309648513794
GLUE,0.4831010401248932
DBI,0.4830887019634247
XRAY,0.48308467864990234
AVNW,0.4830779433250427
MKZR,0.4830620288848877
OPP,0.4830614924430847
VYGR,0.48306047916412354
STRW,0.4830562472343445
TBB,0.48303768038749695
ACP,0.4830164313316345
USB,0.4830029606819153
ESPR,0.4830021262168884
HDSN,0.48298293352127075
YHNAU,0.48294228315353394
EGAN,0.4829252064228058
INBX,0.4829241633415222
WCT,0.4828937351703644
ASPCU,0.48288285732269287
AWF,0.48287060856819153
WIX,0.48286888003349304
WHFCL,0.482841819524765
APOS,0.4828362762928009
JMSB,0.4828197658061981
HPF,0.48280268907546997
BBIO,0.482793927192688
CALC,0.4827710688114166
HCI,0.48276379704475403
CGABL,0.48276323080062866
DUKB,0.4827631413936615
TXO,0.48276257514953613
LYB,0.4827514588832855
KFRC,0.48274096846580505
ZLAB,0.4827382266521454
MEGI,0.48271411657333374
CTKB,0.48270878195762634
AFYA,0.4826846718788147
BANR,0.4826713502407074
HNNA,0.48266568779945374
VRCA,0.4826585352420807
ZIONP,0.4826563000679016
SUPV,0.48265308141708374
NPV,0.4826395809650421
DSL,0.4826348125934601
BWB,0.48261559009552
XOMA,0.4826103150844574
SMC,0.48260658979415894
BEPH,0.4825546145439148
SOBO,0.4825233221054077
NMS,0.482515424489975
BKTI,0.48246702551841736
PAX,0.48245614767074585
EQX,0.482445627450943
NGL,0.4824449419975281
BOH,0.4824424386024475
SNDA,0.4824313521385193
FRBA,0.48243024945259094
MMM,0.4824179708957672
KYNB,0.4824134409427643
ZUMZ,0.48239460587501526
MNKD,0.4823804795742035
SUI,0.4823739230632782
JHI,0.4823705554008484
ROG,0.48236942291259766
CMSA,0.48236310482025146
HLMN,0.48235535621643066
MYFW,0.48235222697257996
MCB,0.48231419920921326
INMD,0.4823043644428253
CELC,0.48230087757110596
SMWB,0.48226794600486755
TNGX,0.4822652041912079
PRT,0.48225945234298706
VENU,0.4822194278240204
PMVP,0.4822084903717041
GREEL,0.482200562953949
MGNX,0.4821801781654358
HTLD,0.48216426372528076
SIMO,0.48213881254196167
CNK,0.48212894797325134
LOCO,0.4821270704269409
SE,0.4821208715438843
CRD-B,0.48211121559143066
AEHR,0.4821043610572815
AVO,0.4820893406867981
CDE,0.48207199573516846
CIB,0.4820459485054016
COIN,0.4820414185523987
IMNM,0.48204129934310913
BHC,0.4820255637168884
AVD,0.48201635479927063
EAF,0.48201438784599304
ONEG,0.48199936747550964
RIVN,0.4819968640804291
RSVR,0.4819854199886322
AUTL,0.481955885887146
IMVT,0.4819521903991699
DNLI,0.4819490313529968
AAUC,0.48192521929740906
ASTL,0.48190876841545105
RXRX,0.4818834662437439
SNYR,0.48188120126724243
TCBK,0.4818647503852844
PODC,0.48185473680496216
MFAN,0.48182764649391174
HAIN,0.4818111062049866
PTLO,0.4817577600479126
SPMC,0.48173558712005615
LXP,0.4817335903644562
HTHT,0.4817158877849579
ARCB,0.4817144274711609
CGEM,0.4816928505897522
UZD,0.48168864846229553
ASND,0.48168787360191345
DBRG,0.4816851317882538
ORN,0.4816719591617584
TMP,0.4816693067550659
GRPN,0.481656014919281
BLW,0.48165392875671387
EPM,0.4816354513168335
CODI,0.4816332459449768
AMRC,0.48160237073898315
CRBP,0.4815710186958313
RICK,0.4815432131290436
SOJE,0.48154115676879883
OZKAP,0.4815407693386078
VTN,0.4815104901790619
ANAB,0.48150330781936646
TAC,0.4814961850643158
PPTA,0.4814947247505188
HROW,0.48149406909942627
HSIC,0.48146307468414307
SBLK,0.48146161437034607
UWMC,0.481442391872406
CRSP,0.48141664266586304
BB,0.4813786447048187
JACK,0.48136767745018005
BHFAM,0.48134592175483704
UAN,0.4813371002674103
TU,0.48132553696632385
RANGU,0.4813196361064911
HAPN,0.4813116788864136
DOW,0.4812825322151184
YHC,0.4812813699245453
WLDN,0.4812767803668976
ETJ,0.48125049471855164
AMSC,0.48124343156814575
ERC,0.48124098777770996
HSHP,0.48120710253715515
IMSR,0.48120641708374023
SIMA,0.4812045395374298
BWMX,0.4811824858188629
SHEN,0.48117485642433167
DMO,0.48115432262420654
HGV,0.48112213611602783
PUBM,0.48112109303474426
ARWR,0.48111259937286377
LAR,0.481096476316452
KRNT,0.481096476316452
XHR,0.48108863830566406
DH,0.481079638004303
JGH,0.4810752868652344
ST,0.48106834292411804
CURV,0.4810345768928528
BSRR,0.48103103041648865
RILYT,0.48102933168411255
PBYI,0.48102739453315735
NBH,0.4810165762901306
SGLY,0.48099690675735474
FEBO,0.48098111152648926
AVNT,0.48096826672554016
CTBI,0.4809618592262268
AIV,0.4809560179710388
NXDT,0.4809110164642334
FCNCP,0.48086807131767273
NABL,0.48083627223968506
IRMD,0.48079514503479004
AVR,0.4807734489440918
PLRX,0.48077166080474854
ELMD,0.4807690382003784
PEPG,0.48073992133140564
OXBR,0.48073771595954895
AMTM,0.4807151257991791
ACMR,0.4806867241859436
CHSCM,0.48067182302474976
LBRDA,0.4806618094444275
UBSI,0.48064908385276794
HL,0.48064109683036804
NHS,0.48063796758651733
MRVI,0.48061835765838623
RAMP,0.4805896580219269
AUPH,0.4805727005004883
XYZ,0.480571448802948
HELE,0.48055300116539
DCH,0.4805331230163574
MHD,0.480530709028244
BMN,0.48050037026405334
GNT,0.48047736287117004
CMCO,0.48045027256011963
CRSR,0.4804379343986511
FSLY,0.48042529821395874
KN,0.4804215431213379
BNH,0.4803909659385681
FLG,0.4803779125213623
FC,0.4803709387779236
JPC,0.4803614616394043
NEM,0.48035454750061035
MPB,0.4803009629249573
GDO,0.4802885353565216
MSD,0.4802780747413635
CHSN,0.48026278614997864
ASGI,0.48025068640708923
AVA,0.48024386167526245
CX,0.48024266958236694
SGC,0.48023244738578796
SB,0.48020511865615845
LAKE,0.4801972508430481
BPRN,0.48019173741340637
FCX,0.48017850518226624
HOPE,0.48016536235809326
ALRM,0.48014557361602783
TRVI,0.4801436960697174
AURA,0.4801313877105713
WBS,0.4801025986671448
GOOS,0.48009732365608215
VREX,0.4800879657268524
ANNX,0.48007532954216003
CHCT,0.4800327718257904
SMHI,0.4800322651863098
MUX,0.4800243079662323
RBC,0.48001304268836975
VBF,0.4800124764442444
IMMP,0.48001134395599365
ALGT,0.48000791668891907
HCM,0.47999733686447144
CIMO,0.4799863398075104
MRLN,0.4799811840057373
TCBX,0.4799802303314209
BILI,0.4799686670303345
TECH,0.4799274504184723
EFT,0.4799255430698395
PGACU,0.4799039661884308
WYHG,0.479897141456604
ALOT,0.47987112402915955
SKIL,0.47985970973968506
IEP,0.4798300564289093
HCAT,0.47980570793151855
SHC,0.47977983951568604
ASB,0.4797743558883667
CSR,0.47973743081092834
LX,0.47972509264945984
VRA,0.47971272468566895
LOAN,0.4797046184539795
MEI,0.4796983003616333
RPAY,0.4796980321407318
SJT,0.4796857535839081
SAZ,0.47967609763145447
SMTI,0.47967037558555603
FPI,0.4796592891216278
HOG,0.4796474575996399
MATV,0.4796442687511444
GAP,0.47963592410087585
CRL,0.47963088750839233
SURG,0.47962847352027893
ALEC,0.47961848974227905
UUUU,0.479612797498703
HBB,0.47960084676742554
VAC,0.4794952869415283
HGLB,0.47947752475738525
VHI,0.4794541299343109
CTRI,0.479440301656723
OSPN,0.4794364869594574
RCKT,0.47941696643829346
AAOI,0.4794096350669861
TREE,0.4794001579284668
PRTA,0.4793804883956909
ALTO,0.4793790578842163
CCU,0.4793757498264313
VLRS,0.47935736179351807
BEP,0.4793367087841034
TWST,0.479335218667984
NAUT,0.4793350100517273
VKTX,0.47932833433151245
ETW,0.4793258011341095
QTRX,0.4793180227279663
BXMT,0.4793136417865753
RNST,0.4792991876602173
AZTA,0.4792810380458832
BGX,0.47926923632621765
MBINL,0.4792589843273163
SITE,0.47924497723579407
OGN,0.47923433780670166
SIGIP,0.47921064496040344
BMEA,0.4791974425315857
ADAM,0.47919487953186035
CHWY,0.4791853427886963
IRWD,0.47918418049812317
SPB,0.4791638255119324
TMDX,0.47911444306373596
DIN,0.47910887002944946
VLYPN,0.47906553745269775
MRAM,0.4790537655353546
CVNA,0.47898784279823303
WNEB,0.4789624512195587
SGI,0.4789349138736725
GLXG,0.47890985012054443
SHOE,0.4789091944694519
TNDM,0.4788930118083954
AMTB,0.4788901209831238
TLS,0.47886785864830017
ADSE,0.4788479506969452
XRN,0.47878384590148926
PPIH,0.47877585887908936
HIFS,0.4787648916244507
LUNG,0.4787353575229645
BIPH,0.4787304401397705
GF,0.47872793674468994
LNSR,0.47872617840766907
AGNT,0.4786818325519562
ARTNA,0.47868019342422485
NIO,0.47866952419281006
RILYN,0.478655606508255
HIMS,0.4786471426486969
CPRI,0.4786470830440521
CEE,0.47861382365226746
RES,0.4785803556442261
BUR,0.47857198119163513
SXT,0.4785604774951935
NTCT,0.47854623198509216
OXLCL,0.47853371500968933
UFCS,0.47850117087364197
OXLCN,0.4784835875034332
ARIS,0.47843098640441895
FCT,0.47839823365211487
INDB,0.47838982939720154
BCIC,0.47838154435157776
FCF,0.47834521532058716
GPJA,0.4783371388912201
NPCE,0.47830310463905334
PHAT,0.47826841473579407
HMY,0.4782642722129822
BEAG,0.47826087474823
CALY,0.47824424505233765
JOYY,0.4782368838787079
BMRC,0.4782269299030304
THW,0.4782048463821411
RFMZ,0.47820189595222473
CPAC,0.4781875014305115
SBH,0.4781862497329712
DMA,0.47816845774650574
BNTX,0.47814324498176575
HFFG,0.4781264364719391
QGEN,0.4781262278556824
CYH,0.47812262177467346
CLPT,0.4781174063682556
OVID,0.4781011641025543
BWAY,0.4780826270580292
CRCT,0.47807446122169495
EL,0.47807005047798157
RNW,0.478019654750824
KEP,0.4780151844024658
PCF,0.4780103862285614
CYRX,0.4780060648918152
ABCB,0.47799453139305115
AFB,0.4779820442199707
NBR,0.4779755175113678
SGHC,0.4779701232910156
WVE,0.47796908020973206
ARTV,0.4779479503631592
SFIX,0.4779464900493622
LAZ,0.47794413566589355
ECOR,0.4778836965560913
PBI,0.47780847549438477
RARE,0.47780466079711914
PKBK,0.4778044819831848
NRXS,0.47777754068374634
OCCIM,0.47777679562568665
EFXT,0.4777624309062958
AIRS,0.477756530046463
JAZZ,0.4777563214302063
TDAY,0.47775518894195557
INLF,0.47774815559387207
TTGT,0.477737158536911
IDN,0.4777300953865051
NXT,0.47771012783050537
LDP,0.477674663066864
SFWL,0.4776743948459625
SMMT,0.47767308354377747
LTRX,0.4776504635810852
GERN,0.47762641310691833
DAVE,0.4776251018047333
HIMX,0.47760847210884094
SAJ,0.47759193181991577
CLW,0.4775729477405548
POWI,0.477488249540329
CVRX,0.4774724841117859
GELS,0.4774673283100128
AB,0.4774591624736786
CAN,0.4774438440799713
DNP,0.47738558053970337
ONB,0.4773789644241333
REPL,0.4773370027542114
LI,0.4772971272468567
BL,0.4772781431674957
POWWP,0.47726574540138245
SPIR,0.47725173830986023
NEXN,0.477237343788147
III,0.47723039984703064
XPEV,0.47722479701042175
UNB,0.4772060215473175
BFS,0.4772058129310608
CIVB,0.47718364000320435
SOJC,0.4771583676338196
NAD,0.477154403924942
MD,0.47711384296417236
IDR,0.47709402441978455
CTNM,0.47707033157348633
GBAB,0.4770638048648834
LILA,0.4770307242870331
COLB,0.47702258825302124
TCBIO,0.47701671719551086
SGMT,0.47701263427734375
WAL,0.47700196504592896
MKC-V,0.4769938290119171
NTLA,0.4769584536552429
SBSI,0.47695499658584595
EVG,0.47695422172546387
SKIN,0.4769495725631714
BGB,0.4769462049007416
RIOT,0.47690075635910034
INGN,0.4768880605697632
PFE,0.4768567383289337
PRAA,0.47684431076049805
FNLC,0.4768373668193817
GDS,0.4768216013908386
LNAI,0.476806104183197
GCV,0.47680073976516724
ARVN,0.47679221630096436
MNSB,0.47678935527801514
VALE,0.47677817940711975
AQN,0.47677281498908997
NRGV,0.4767719507217407
SABR,0.4767611026763916
BIOA,0.4767499566078186
TEAD,0.4767095148563385
GGB,0.47670626640319824
COO,0.4767018258571625
ACHR,0.4766598045825958
PRTH,0.4766308665275574
OBK,0.4766269624233246
NSYS,0.47659555077552795
SGRY,0.4765888452529907
LSAK,0.4765850603580475
AOMN,0.47657889127731323
ACET,0.4765649139881134
ATOM,0.4765492081642151
VLY,0.47651299834251404
WAFDP,0.47651001811027527
RUN,0.47649550437927246
MDXG,0.4764838218688965
TRST,0.4764821231365204
USGO,0.47646355628967285
UZF,0.47646215558052063
SCCE,0.47646063566207886
TDOC,0.4764350950717926
HYT,0.47642871737480164
PRGO,0.4764096736907959
HBAN,0.4763866066932678
BTZ,0.47636276483535767
ARLO,0.47635024785995483
TROX,0.4763380289077759
MMD,0.4763365089893341
WSBC,0.47632622718811035
ECF,0.4763244092464447
BHB,0.4763084948062897
BRUN,0.47629475593566895
ALMS,0.476288378238678
NLOP,0.4762829542160034
WASH,0.47627538442611694
YALA,0.4762500822544098
PAYS,0.4762434959411621
BIDU,0.476206511259079
NWL,0.4761803448200226
VIR,0.4761727750301361
CRD-A,0.4761599600315094
FINS,0.47612693905830383
QNST,0.47607871890068054
DCOM,0.4760741889476776
ARQ,0.4760152995586395
DCTH,0.4759816825389862
MDCX,0.4759802222251892
OVLY,0.47597137093544006
WAVE,0.4759696424007416
MGR,0.4759693145751953
PTON,0.4759690463542938
AXTI,0.47593870759010315
ARL,0.4759266972541809
FCUV,0.4759202301502228
ORC,0.475897878408432
AIRT,0.4758528470993042
SRTA,0.475848525762558
ECO,0.47584354877471924
PTCT,0.4758386015892029
PSBD,0.4758065342903137
GRX,0.4757971465587616
NUS,0.47578170895576477
MATW,0.4757784605026245
AXG,0.47575342655181885
DTW,0.47575071454048157
UZE,0.47571802139282227
NRIX,0.47569265961647034
TZOO,0.47568973898887634
EDRY,0.475687712430954
SLN,0.4756805896759033
RILYZ,0.4756787419319153
PFS,0.4756772220134735
FNGD,0.47566354274749756
CTRN,0.47565534710884094
CNOB,0.47565004229545593
RPRX,0.47564876079559326
RBBN,0.4756436347961426
DOC,0.4756414294242859
INN,0.47562578320503235
BAC,0.4756174683570862
PRM,0.47560787200927734
INOD,0.47560667991638184
OCFC,0.4756028950214386
WH,0.4755782186985016
ROLR,0.47553032636642456
ORLA,0.4755207300186157
ARKR,0.47550931572914124
BEKE,0.475507527589798
CARS,0.4754861295223236
BBWI,0.47548460960388184
SFNC,0.47548332810401917
ZNTL,0.4754665195941925
AIP,0.47544601559638977
PROF,0.47543108463287354
ZM,0.4754289984703064
MFA,0.47538426518440247
PSTL,0.4753795266151428
ATLCL,0.47537413239479065
RILYG,0.4753579795360565
LESL,0.4753566384315491
ENOV,0.4753478467464447
FMNB,0.47534316778182983
LPL,0.4753286838531494
ELME,0.47527503967285156
SIEB,0.47526058554649353
CHSCN,0.4752519726753235
OMER,0.4752366244792938
ZD,0.4752260148525238
NKX,0.47520866990089417
PSFE,0.47520652413368225
CHI,0.4751819372177124
BIPI,0.47517552971839905
XNET,0.4751722514629364
IGA,0.4751717448234558
GME,0.47516772150993347
FDBC,0.47512319684028625
DLY,0.47510501742362976
ASPN,0.4751031696796417
ANGO,0.4750855267047882
ACHV,0.4750771224498749
USCB,0.4750233292579651
IGR,0.4749680459499359
JLS,0.4749678075313568
AVXL,0.47494953870773315
NXGL,0.47494491934776306
TKNO,0.47494301199913025
BWNB,0.47493764758110046
BLMN,0.47493717074394226
DK,0.4749356508255005
WOK,0.4749116599559784
STOK,0.47490614652633667
KTF,0.47488856315612793
RSKD,0.47488638758659363
CGON,0.47488075494766235
SOTK,0.47486597299575806
IGD,0.4748067259788513
NTWO,0.47477954626083374
MGRD,0.4747781455516815
HIT,0.47477367520332336
W,0.47476157546043396
NKSH,0.4747590720653534
NHPBP,0.47475525736808777
HTCO,0.4747541546821594
NPCT,0.47474029660224915
OCUL,0.47473734617233276
SBGI,0.4747355878353119
GANX,0.4747355282306671
MARPS,0.47472837567329407
GPGI,0.4747166633605957
CSAN,0.4747113883495331
TORO,0.4746997356414795
AGL,0.47465306520462036
BABA,0.4746209383010864
OXLCZ,0.47461771965026855
MMLP,0.4746074080467224
ZTO,0.4745956361293793
AUR,0.474589467048645
SYM,0.47453823685646057
XIFR,0.47452276945114136
NGVT,0.4745159149169922
ADAMZ,0.47450947761535645
ARR,0.4745015799999237
XFOR,0.47449904680252075
NUW,0.4744926691055298
AKBA,0.4744719862937927
SGU,0.4744527339935303
VTEX,0.4744482636451721
COFS,0.47444549202919006
CRVS,0.47444289922714233
ACAD,0.4744422137737274
EFOR,0.4744374454021454
XOMAO,0.4744164049625397
CIA,0.4744095206260681
KURA,0.47429224848747253
RNG,0.4742874801158905
JQC,0.4742855131626129
GSM,0.4742794930934906
ILMN,0.4742720425128937
ASAN,0.47426867485046387
NXP,0.4742301106452942
BOC,0.4742177128791809
HAO,0.4741993248462677
JOE,0.4741312563419342
ZG,0.47408539056777954
CDLX,0.47408339381217957
TILE,0.4740685522556305
NZF,0.47400420904159546
KOD,0.47399768233299255
CBLL,0.4739968180656433
BW,0.47399333119392395
TE,0.4739741086959839
NTST,0.4739684760570526
MLCO,0.47395628690719604
ETX,0.4739048182964325
PROK,0.47389325499534607
EIM,0.47389301657676697
FFBC,0.47386327385902405
QRHC,0.47384849190711975
IOVA,0.4738452732563019
LBRDK,0.47373080253601074
EGBN,0.47372785210609436
VRDN,0.4736967086791992
AMBP,0.4736790657043457
TACT,0.47367238998413086
UTZ,0.4736618399620056
BGY,0.4736368656158447
VSAT,0.47363558411598206
SLQT,0.4736327826976776
JOF,0.4736003875732422
ADV,0.47357529401779175
PRSU,0.473558247089386
GWRS,0.47347545623779297
OLMA,0.4734651744365692
EARN,0.4734609127044678
FUN,0.4734033942222595
BPYPP,0.4733527600765228
MDWD,0.47332674264907837
GPRE,0.4733089506626129
IMTX,0.47330066561698914
FVNNU,0.47326549887657166
CEV,0.4732624888420105
PLTK,0.4732542634010315
XBIT,0.4732520878314972
ARE,0.4732457399368286
RCD,0.47324103116989136
BCTX,0.4732102155685425
NAMI,0.4731809198856354
STKS,0.47314316034317017
STAA,0.4731366038322449
EVEX,0.4731307923793793
RCS,0.4731290340423584
GIC,0.47311899065971375
GECCH,0.4731115400791168
SGHT,0.4730895459651947
HUMA,0.4730832576751709
OIS,0.47308045625686646
GNLX,0.47307875752449036
WAFD,0.4730333685874939
KIDS,0.47300630807876587
MFG,0.47293931245803833
TDF,0.47293511033058167
ICCC,0.47290241718292236
BHR,0.4728963375091553
BEAM,0.4728648364543915
TFIN,0.4728558361530304
SYNX,0.47282102704048157
CAKE,0.47281500697135925
SOPH,0.47280818223953247
ALGN,0.47278279066085815
SDOT,0.4727638363838196
ALLO,0.4726997911930084
SWK,0.4726749658584595
JOUT,0.47267261147499084
CRBD,0.47265180945396423
ASTS,0.4725680351257324
ULCC,0.4725647270679474
NAN,0.47255322337150574
FBNC,0.47251489758491516
PDO,0.47251084446907043
AG,0.4725056290626526
MITK,0.4724925458431244
GGN,0.47249194979667664
YHNA,0.47247588634490967
CSTE,0.47245901823043823
ACRV,0.47244325280189514
ELTX,0.4723692536354065
TXG,0.4723457396030426
ELVN,0.47232216596603394
HRTG,0.47230035066604614
BGI,0.47227606177330017
HLP,0.47224581241607666
WEST,0.47224366664886475
TFSL,0.4722025394439697
TVE,0.4721693694591522
PGP,0.4721544682979584
JD,0.47214800119400024
RMBI,0.4721164107322693
CMTL,0.47209107875823975
FOCL,0.47206082940101624
KINS,0.4720427691936493
STRT,0.4719837009906769
BTAI,0.4719794690608978
BGS,0.471979022026062
TME,0.471946120262146
LMND,0.4719187021255493
SEAT,0.47185033559799194
TLYS,0.47184911370277405
PHAR,0.4718363285064697
RBB,0.4718133211135864
MYO,0.4717767834663391
ZBAO,0.47177544236183167
VINP,0.47176870703697205
FLZH,0.47173410654067993
CVBF,0.47171637415885925
SVRA,0.4717120826244354
CWBC,0.47168847918510437
FBYD,0.4716688096523285
OSCR,0.47165942192077637
OSUR,0.47164860367774963
AGIO,0.47161710262298584
OIA,0.4716099798679352
ADPT,0.47158581018447876
LE,0.4715293347835541
FATE,0.4715196490287781
BTG,0.47150978446006775
BHK,0.4714985489845276
COE,0.47149473428726196
DC,0.47147136926651
ORGO,0.47144871950149536
CBU,0.4714440107345581
CAPS,0.4714201092720032
PB,0.47140952944755554
SHBI,0.4714038074016571
CMP,0.47139671444892883
WTBA,0.47139596939086914
RMR,0.47137656807899475
IPM,0.4713427722454071
BCYC,0.471334308385849
XNCR,0.47131723165512085
MIY,0.4713077247142792
SCWO,0.4713076055049896
NEOG,0.47125592827796936
RFIL,0.4712497293949127
BIT,0.47123485803604126
SKYH,0.4712155759334564
BDJ,0.4711722731590271
TRUP,0.4711715281009674
ECCV,0.4711645543575287
ECBK,0.47115448117256165
GLSI,0.4711398780345917
ISSC,0.4711296856403351
YORW,0.47111934423446655
ACGLN,0.47111600637435913
RADX,0.4711023271083832
UPST,0.4711000919342041
TUSK,0.471098929643631
RCEL,0.4710797667503357
MCHB,0.47105538845062256
MYPS,0.47104713320732117
RCAT,0.4710195064544678
TRC,0.4710063934326172
LPAA,0.4709540009498596
VNET,0.4709230065345764
NDMO,0.470869779586792
NSLR,0.47082892060279846
CTGO,0.47082415223121643
RANI,0.4707960784435272
LYG,0.47079551219940186
SMG,0.4707948863506317
GRAB,0.47078976035118103
HE,0.47073885798454285
DBL,0.4707200527191162
UPB,0.47071096301078796
JOBY,0.4707053601741791
MCN,0.47070300579071045
RDNW,0.4706941843032837
SHLS,0.47069302201271057
BALY,0.47067272663116455
LWLG,0.47066089510917664
MLYS,0.4706554114818573
AMRX,0.47061121463775635
CHMI,0.47061026096343994
EYPT,0.47060197591781616
RAYA,0.4705977439880371
QXO,0.4705905616283417
BWG,0.470565527677536
AIOS,0.47053566575050354
LUMN,0.4705295264720917
CAC,0.47052139043807983
OPBK,0.47049880027770996
ALDFU,0.47047892212867737
AEYE,0.47047606110572815
VPV,0.47045353055000305
HCSG,0.4704420864582062
KMDA,0.4704377055168152
UEIC,0.47043606638908386
SPMA,0.47041359543800354
AIRG,0.47040030360221863
PAI,0.4703940153121948
FEIM,0.470377653837204
CATO,0.47029000520706177
CZNC,0.47027403116226196
KVHI,0.47022008895874023
ARBK,0.4701976478099823
FGBI,0.47018784284591675
RMAX,0.47017550468444824
BNKK,0.4701553285121918
RCKY,0.4701370298862457
SVM,0.47011205554008484
COYA,0.47010278701782227
NTRSO,0.4701022505760193
DWTX,0.4700418710708618
BANC,0.46997499465942383
HERZ,0.4699687361717224
BKD,0.46995413303375244
ACNT,0.46992748975753784
ABCL,0.46991169452667236
PLRZ,0.46983033418655396
BIIB,0.4698253870010376
KPTI,0.4698100984096527
WEA,0.4697527587413788
NERV,0.46973150968551636
CDZI,0.4697295129299164
QDEL,0.4697192907333374
XYF,0.4696926772594452
SSP,0.4696733355522156
TCI,0.4696337878704071
FIGS,0.46958523988723755
NGNE,0.46957647800445557
ESRT,0.469563752412796
BBDO,0.46956121921539307
TRT,0.46954214572906494
DIBS,0.4695115089416504
TRMK,0.46950793266296387
NVCR,0.4694652557373047
CLOV,0.4694531261920929
APPS,0.46945011615753174
MCS,0.46943530440330505
VIPS,0.46941617131233215
MED,0.4694070816040039
YSXT,0.4693995416164398
MGNI,0.46939337253570557
KYIV,0.4693756401538849
PACB,0.46936869621276855
CLDT,0.4693513512611389
U,0.46932005882263184
REAL,0.4693032503128052
CABA,0.46927905082702637
ENVX,0.46926265954971313
ZBH,0.4692339599132538
EVO,0.4692327380180359
DEA,0.4692198932170868
MOVE,0.4692135751247406
PHVS,0.4691604673862457
CLVT,0.46914348006248474
IHRT,0.4691270887851715
TTI,0.46907442808151245
NWFL,0.4690316319465637
HIVE,0.46900802850723267
LRMR,0.46900519728660583
ZJYL,0.4689962565898895
LTBR,0.4689847230911255
QURE,0.46897706389427185
IREN,0.4689751863479614
DSP,0.4689614474773407
HTT,0.4689277410507202
NAC,0.46890074014663696
DXYZ,0.46889498829841614
FLWS,0.46886011958122253
CHAR,0.4688294529914856
SAIH,0.4687880575656891
ALXO,0.46878188848495483
GGT,0.4687206447124481
SGML,0.46871325373649597
MI,0.4686790406703949
ITRG,0.46866193413734436
TAL,0.4686584770679474
SA,0.468654602766037
RDCM,0.46863532066345215
SUNS,0.4686028063297272
NOAH,0.4685981571674347
NVTS,0.46858710050582886
FNWB,0.46857574582099915
TIL,0.4685616195201874
EVC,0.46855470538139343
GRAF,0.4685514569282532
RRGB,0.4685332477092743
CADL,0.46853166818618774
MKTX,0.46852734684944153
CHRS,0.46852195262908936
OKUR,0.4685216248035431
NMI,0.468498557806015
MYI,0.4684957265853882
CGTL,0.46845731139183044
BPYPO,0.46845266222953796
SBFG,0.46844324469566345
YI,0.46844130754470825
HBANP,0.46843647956848145
GTN,0.46842828392982483
TPGXL,0.46842241287231445
BRLT,0.4683949947357178
NHPAP,0.4683934450149536
ENTA,0.4683183431625366
LMFA,0.4682973325252533
CDXS,0.4682219326496124
PFFL,0.4681743085384369
SND,0.46817415952682495
BTT,0.4681423008441925
RNAC,0.4681171178817749
BSVN,0.46810415387153625
IAF,0.46808063983917236
CVV,0.46806174516677856
CSBR,0.46803197264671326
SMRT,0.4680286645889282
METCB,0.46802058815956116
ANTX,0.46799853444099426
IMTE,0.46799588203430176
CNF,0.467987984418869
GRO,0.46797457337379456
SELF,0.46792930364608765
DTSS,0.4678994417190552
UTSI,0.46781423687934875
EDTK,0.46780723333358765
GOODO,0.46774885058403015
LFCR,0.46773070096969604
CANG,0.46770474314689636
NBB,0.4676998257637024
AROW,0.4676591455936432
SVC,0.4676154553890228
MIST,0.4675558805465698
EH,0.46753236651420593
DFDV,0.4675215780735016
BBCP,0.46746209263801575
DQ,0.467417448759079
CRMD,0.46741390228271484
AVAH,0.46741223335266113
USAU,0.4674074351787567
LINK,0.467372328042984
SMBK,0.46731436252593994
LRE,0.46731337904930115
KYTX,0.46729111671447754
NRUC,0.4672802686691284
RUM,0.4672628939151764
AXIL,0.4672614336013794
TCX,0.46723872423171997
HUYA,0.4672316014766693
WFCF,0.46722134947776794
SKYT,0.4672026038169861
EEX,0.46718913316726685
YTRA,0.4671610891819
SARO,0.4671546518802643
AP,0.467151403427124
INVE,0.46715089678764343
PCT,0.4670996367931366
VTRS,0.4670996069908142
ZOOZ,0.46709948778152466
ARMP,0.4670855402946472
HAYW,0.4670269787311554
AUST,0.4670253098011017
DERM,0.4669886529445648
SEED,0.46698254346847534
WGS,0.4669754207134247
BMBL,0.4669651687145233
ESP,0.46696406602859497
CRMT,0.46694785356521606
BY,0.4669349491596222
GRND,0.46691998839378357
LONA,0.46691104769706726
CEVA,0.4668945372104645
DEC,0.466869056224823
ELUT,0.4668568968772888
VGI,0.4668543040752411
MAMA,0.46679142117500305
BRCC,0.4667891561985016
NEWTI,0.4667658805847168
WHWK,0.46666818857192993
OMCL,0.46662598848342896
SUPX,0.46662160754203796
KWY,0.4666091501712799
FLUX,0.46658340096473694
CVGI,0.46655386686325073
OPRX,0.46653902530670166
TBCH,0.4665123224258423
MRNA,0.46647417545318604
EGHT,0.46643710136413574
RFM,0.466398149728775
METCZ,0.4663905203342438
SILO,0.46638450026512146
GOGO,0.46638303995132446
MNPR,0.466377854347229
MXCT,0.4663775563240051
DMAC,0.46636369824409485
BIOX,0.46635234355926514
UK,0.4663521349430084
KSS,0.4662930369377136
YEXT,0.4662640690803528
OXLC,0.46624401211738586
FOSL,0.46623748540878296
MPT,0.4661409854888916
RETO,0.466098815202713
HIPO,0.4660983085632324
MESO,0.4660821557044983
NVAX,0.46606898307800293
AMZE,0.46600985527038574
BJRI,0.46600157022476196
ISPR,0.46599841117858887
PRQR,0.4659917950630188
NCTY,0.46597135066986084
SBSW,0.4659649133682251
BWEN,0.46595653891563416
BHM,0.46594297885894775
LASR,0.4659424424171448
REGCO,0.46580997109413147
LEDS,0.4658071994781494
CPBI,0.4658030569553375
JL,0.4657948911190033
COOK,0.46579042077064514
PXS,0.4657847285270691
LYFT,0.46577852964401245
FTHM,0.46572548151016235
RAIN,0.46571987867355347
DGZ,0.46571066975593567
MTCH,0.4656943380832672
SDGR,0.4656469225883484
HUN,0.46563270688056946
VLN,0.46561405062675476
AFGE,0.4656132161617279
LARK,0.4656118154525757
FINW,0.46560171246528625
WIT,0.46558237075805664
SYRE,0.4655693471431732
GRNT,0.46556851267814636
MCRB,0.46554672718048096
GOSS,0.4655458927154541
PZZA,0.4655221104621887
VELO,0.46551570296287537
IKT,0.4654685854911804
TAYD,0.465457946062088
LCID,0.4654286205768585
DLTH,0.46535611152648926
DRCT,0.4653286635875702
ECCU,0.465324729681015
RRBI,0.465322881937027
NMCO,0.46530571579933167
TBLA,0.46529167890548706
TIGR,0.4652300775051117
ARQQ,0.4651857018470764
GSAT,0.4651184380054474
EVLV,0.4651121199131012
DDL,0.46511152386665344
ARTL,0.4651021659374237
IHS,0.4650675654411316
DAO,0.46502721309661865
INTS,0.46499863266944885
DOYU,0.4649924039840698
RAVE,0.46494215726852417
EFSCP,0.46494126319885254
OM,0.4649348855018616
GLO,0.46492189168930054
MOB,0.46489593386650085
ALDX,0.4648749530315399
BNED,0.4648730456829071
LTRN,0.4647827744483948
RCUS,0.46477046608924866
NAT,0.4647686779499054
MXC,0.46474581956863403
PMM,0.4647354185581207
VCV,0.46472635865211487
ETSY,0.4647045135498047
BFLY,0.4646984040737152
DMB,0.4646398723125458
SSTI,0.4645983874797821
AFRI,0.4645959138870239
CABO,0.4645756185054779
RMNI,0.4645214080810547
MX,0.46452099084854126
IMUX,0.46449366211891174
LFT,0.4644549787044525
LVLU,0.46442484855651855
IPHA,0.4644083082675934
FFIN,0.46436819434165955
TISI,0.4643649458885193
RLGT,0.46436452865600586
WETH,0.4643295407295227
SLS,0.46431970596313477
KVUE,0.4643171429634094
SANA,0.4643045961856842
NNOX,0.4642832279205322
UFI,0.4642397463321686
STEX,0.4642278254032135
DXLG,0.46418899297714233
OPFI,0.4641488194465637
BTDR,0.4641379415988922
TALK,0.46412622928619385
SMHB,0.4640754163265228
NIPG,0.46400320529937744
SMR,0.4639688730239868
HQI,0.46395042538642883
CSTL,0.46394863724708557
POWW,0.4639136791229248
FCCO,0.4639008641242981
ASMB,0.4638930559158325
DTST,0.4638778865337372
OKYO,0.463821142911911
PERF,0.4638131558895111
SRL,0.4638037085533142
CPHC,0.46380308270454407
CMCM,0.46379774808883667
NODK,0.4637962281703949
ESI,0.4637635052204132
PROV,0.4637254476547241
CYD,0.4637037217617035
PSNY,0.4636816680431366
BRN,0.4636666178703308
ANIX,0.46365317702293396
CCCC,0.46363750100135803
IHD,0.4636315405368805
REAX,0.46362271904945374
XAIR,0.46359968185424805
BRTX,0.4635765254497528
USEA,0.46354997158050537
SRZN,0.4635486900806427
DFTX,0.463540643453598
GURE,0.46353864669799805
RDWR,0.46353521943092346
ABUS,0.4635319411754608
IPWR,0.46348655223846436
CBNA,0.46345797181129456
ELAN,0.46345090866088867
ABOS,0.46342337131500244
CISO,0.4634198844432831
GHRS,0.46339669823646545
BTMD,0.4633934795856476
RIG,0.46337011456489563
MGTX,0.46335792541503906
OFLX,0.46335485577583313
FMY,0.4633117616176605
ERAS,0.46330931782722473
CMPS,0.46329784393310547
BPYPN,0.46329668164253235
MYN,0.4632861912250519
MQY,0.46327680349349976
VVR,0.4632704257965088
ISOU,0.46323996782302856
DRIO,0.463217169046402
LEXX,0.4632054567337036
IH,0.46317291259765625
NMTC,0.46316391229629517
NRDY,0.4631299078464508
CLDX,0.4630802571773529
TKLF,0.4630650579929352
CAF,0.46300551295280457
HUT,0.4629784822463989
SERV,0.4629606306552887
APT,0.4629603326320648
OXSQ,0.4629284143447876
ELDN,0.46291986107826233
NIU,0.46291548013687134
DCGO,0.4629020392894745
FVRR,0.46286168694496155
CHMG,0.46285825967788696
GAIA,0.46284958720207214
PRLD,0.46280214190483093
BSBK,0.4628007411956787
EHI,0.46279218792915344
AIFU,0.4627886116504669
LYEL,0.4627382457256317
EOT,0.4627225399017334
ANGI,0.4627126455307007
CMRC,0.4627026319503784
TLX,0.462697833776474
CNOBP,0.4626794457435608
OPXS,0.46267929673194885
ATRA,0.4626120328903198
BBD,0.4625496566295624
MMU,0.46254608035087585
SIRI,0.46254536509513855
PDM,0.46253567934036255
DGXX,0.46253475546836853
VRME,0.46252474188804626
OMEX,0.46252384781837463
EVF,0.4624721109867096
DTF,0.4624606966972351
PPBT,0.4623758792877197
TELA,0.4623149633407593
LAC,0.4623110294342041
HTH,0.46227067708969116
STTK,0.462260901927948
JRVR,0.46225765347480774
AEON,0.4622357487678528
FLYE,0.46221721172332764
FBLG,0.46221134066581726
UPXI,0.4622059464454651
UPC,0.46218806505203247
GHY,0.462149977684021
UBCP,0.4621061384677887
KODK,0.4620917737483978
FEMY,0.46208977699279785
ODD,0.46208927035331726
AMTX,0.4620608389377594
RMM,0.46205437183380127
RXT,0.4620192050933838
CRON,0.461997926235199
SPWH,0.461978018283844
LSF,0.461946576833725
LVO,0.46194204688072205
SPRB,0.4619160592556
ALT,0.4619045555591583
RENT,0.46188849210739136
NCZ,0.4618779420852661
AMPG,0.4618707299232483
NNY,0.46184515953063965
VTSI,0.461834579706192
CLNE,0.4618314802646637
MUJ,0.46181637048721313
USIO,0.4617830216884613
LGO,0.4617540240287781
JHS,0.46174874901771545
VGM,0.4617457091808319
SEER,0.4617385268211365
TVC,0.46172159910202026
AREC,0.4617197811603546
NEON,0.4617154002189636
CRNC,0.4616771936416626
TSQ,0.46164894104003906
TH,0.4616272449493408
ENIC,0.4616088569164276
RGCO,0.46160489320755005
YSG,0.46159619092941284
HRTX,0.4615631401538849
NEA,0.4615625739097595
NVST,0.4615586996078491
PFN,0.46153688430786133
PGEN,0.46150341629981995
NEO,0.4614903926849365
MREO,0.4614523649215698
NUVB,0.46142393350601196
FMBH,0.4614119827747345
STRR,0.4613751173019409
ABTS,0.4613479673862457
GTE,0.46132928133010864
ANVS,0.46132782101631165
GENI,0.4613270163536072
ATLO,0.4613093435764313
OZ,0.46128225326538086
API,0.46125608682632446
JZXN,0.46125325560569763
RR,0.4612159729003906
RMI,0.46120405197143555
INHD,0.4612012207508087
CHGG,0.4611845314502716
FNGR,0.46118202805519104
VTVT,0.46111246943473816
LCUT,0.4610872268676758
BATL,0.461073637008667
VBNK,0.46105900406837463
PFO,0.4610537886619568
EDD,0.46104323863983154
YRD,0.4610215127468109
UTMD,0.4609966278076172
CZFS,0.46099114418029785
QMCO,0.46098557114601135
EPRX,0.46094566583633423
KBDC,0.4609288275241852
BVC,0.4609152674674988
OGC,0.4608950912952423
SCCF,0.46086275577545166
GILT,0.4608181416988373
URGN,0.460811048746109
UROY,0.4607851207256317
FSI,0.46074727177619934
DNA,0.4606575071811676
GLAS,0.4606155455112457
WULF,0.4605433940887451
WOOF,0.4605141580104828
LSPD,0.4605139493942261
AWP,0.4605098068714142
INMB,0.4604839086532593
PLCE,0.46046462655067444
RLAY,0.4604620337486267
LPCN,0.4604606330394745
GEVO,0.4604242742061615
BNJ,0.46041107177734375
HFRO,0.4603951573371887
NTRB,0.46038728952407837
GECCI,0.46033987402915955
LEO,0.46033936738967896
KEEL,0.4603312015533447
PIII,0.46032199263572693
BRIA,0.4603169560432434
RILY,0.4603152275085449
EVGO,0.46031421422958374
DHX,0.4603080451488495
AEVA,0.4602963328361511
PSNL,0.46023431420326233
AMBR,0.46022674441337585
EVN,0.4602159857749939
AUID,0.4602002203464508
SQFTP,0.46015459299087524
FUSB,0.46013715863227844
VKI,0.46012696623802185
KRMD,0.4601123332977295
STIM,0.46010228991508484
AFBI,0.4600812494754791
HYI,0.46005672216415405
HGTY,0.4599800407886505
KEQU,0.4599525034427643
BBBY,0.4599402844905853
BPYPM,0.45989954471588135
ALLT,0.4598419666290283
CAAS,0.45982563495635986
LWAY,0.45982450246810913
AVIR,0.4598197638988495
URG,0.45974186062812805
ICMB,0.459727942943573
HYLN,0.45971566438674927
FDMT,0.45969444513320923
OCGN,0.45968204736709595
MACI,0.4596739411354065
CLGN,0.45965951681137085
SKYX,0.4596364498138428
STRO,0.4596279561519623
FVNNR,0.45962417125701904
ZBIO,0.45961716771125793
TROO,0.45955875515937805
IQ,0.45954838395118713
FLL,0.4595429003238678
NGEN,0.459537148475647
LEGN,0.45951589941978455
EXFY,0.4595041275024414
DOUG,0.45945870876312256
MTA,0.4594336450099945
MGYR,0.45942047238349915
FMN,0.4594002366065979
CLPR,0.4593924880027771
MQ,0.4592803716659546
IRD,0.45927292108535767
GTBP,0.4592551589012146
VOD,0.4592381715774536
GAUZ,0.45923230051994324
LAB,0.45920661091804504
BHV,0.4592058062553406
TSAT,0.4591977596282959
WYY,0.4591914117336273
CDRO,0.4591832756996155
CWD,0.45910969376564026
TURB,0.45910537242889404
SCKT,0.45909416675567627
GSIW,0.4590875804424286
ADXN,0.45908451080322266
RDI,0.4590762257575989
JMIA,0.45904698967933655
STEM,0.4590385854244232
VSME,0.45903292298316956
WIW,0.45902687311172485
ATEX,0.4589826762676239
NCA,0.458961546421051
PZG,0.458955854177475
MAGN,0.4589543640613556
ACCS,0.4589519500732422
DHCNI,0.4589152932167053
NAAS,0.45889812707901
VKQ,0.4588947892189026
TNYA,0.45883917808532715
ORIC,0.4587925970554352
DSX,0.45875757932662964
CMMB,0.45874884724617004
IONR,0.45868775248527527
NVNO,0.4586755931377411
LEG,0.4586152136325836
OXLCO,0.4585265815258026
ARRY,0.4584726393222809
INLX,0.4583931267261505
PPSI,0.4583759307861328
CBAN,0.45834770798683167
NRK,0.4583469033241272
UUU,0.45830443501472473
PED,0.45828330516815186
GH,0.4582566022872925
NTWK,0.45824718475341797
ABEV,0.4582146108150482
REKR,0.45821085572242737
BLNK,0.4581705629825592
BOSC,0.4581509232521057
BVFL,0.4581472873687744
XBIO,0.4581148028373718
NPWR,0.45807427167892456
DNTH,0.45806893706321716
LKFT,0.45805105566978455
SOC,0.45804986357688904
COMP,0.45804187655448914
EBMT,0.4579877555370331
NXDR,0.4579724371433258
CNTY,0.4579523503780365
PRCH,0.4579451382160187
TVRD,0.457893043756485
BRW,0.45787644386291504
AQST,0.45784932374954224
LZM,0.45783185958862305
VATE,0.45780450105667114
HYFM,0.45780128240585327
IZEA,0.4577949047088623
GITS,0.45776212215423584
MUA,0.45776161551475525
OCG,0.4577450454235077
GNSS,0.4577259123325348
EAD,0.45770931243896484
SLDP,0.45765164494514465
EOSE,0.457632452249527
MMT,0.4576044976711273
IXHL,0.45758822560310364
GSIT,0.4575831890106201
ABVX,0.4575752317905426
BIVI,0.45757395029067993
LDI,0.4575231373310089
SSII,0.4575202465057373
SY,0.4575112462043762
OTLK,0.45748311281204224
RPT,0.4574769139289856
CTSO,0.4574742317199707
SID,0.45743611454963684
SLSR,0.45739126205444336
TSI,0.4573894143104553
PETS,0.45738524198532104
FURY,0.45735037326812744
AIHS,0.4573462903499603
FVR,0.45733386278152466
PLBY,0.4573242962360382
CIFR,0.4572581946849823
UP,0.45725131034851074
CVU,0.45723873376846313
CLSK,0.45718514919281006
CRDF,0.4571668803691864
BRNS,0.45711395144462585
KLRS,0.4570869207382202
MDXH,0.4570734202861786
LVWR,0.4570732116699219
BYSI,0.4570663273334503
ATAI,0.4570549428462982
NYC,0.4570423364639282
DMRA,0.4570057690143585
HCWB,0.45698630809783936
YJ,0.45698022842407227
FRST,0.4569794833660126
NXXT,0.4569607675075531
HLLY,0.4569595754146576
UONEK,0.4569266140460968
WTI,0.456897497177124
OVBC,0.4568651020526886
PRME,0.4568539559841156
SONM,0.4568476974964142
MVIS,0.45682698488235474
JSM,0.45680809020996094
ROOT,0.45679187774658203
RIGL,0.4567834138870239
DFSC,0.4567468464374542
UMC,0.45670074224472046
TTEC,0.4566855728626251
GDL,0.4566161334514618
MTLS,0.4564150869846344
NIM,0.45627182722091675
DYNC,0.45616450905799866
ACIC,0.45610329508781433
IQI,0.45607709884643555
CMPX,0.45607462525367737
RLMD,0.4560518264770508
WKEY,0.45604175329208374
NDLS,0.45603758096694946
BTBT,0.4560367465019226
NAGE,0.45597565174102783
HPP,0.45597121119499207
CXDO,0.45595359802246094
DRTS,0.4559532701969147
KOPN,0.45594850182533264
DDI,0.4559358060359955
CTNT,0.4559265077114105
ATNM,0.45592114329338074
ARDT,0.4558984339237213
INDI,0.4558306634426117
BYND,0.4558058977127075
MHNC,0.4557743966579437
BIRD,0.45577409863471985
OMH,0.4556754231452942
SNAL,0.455667108297348
KRNY,0.45562413334846497
WHG,0.45556607842445374
HBIO,0.45554855465888977
OPRT,0.45551827549934387
CNDT,0.45549246668815613
VFF,0.45546141266822815
OPAD,0.4554536044597626
PLUG,0.4554446041584015
ONFO,0.4554406404495239
CRNT,0.4553774893283844
CHRN,0.4553351104259491
IPST,0.45527374744415283
TEI,0.4552324414253235
UPLD,0.45522990822792053
MCHX,0.455173134803772
ACXP,0.4550960063934326
WAFU,0.45508700609207153
NCEL,0.455056756734848
PLG,0.4550316631793976
VOXR,0.4550173878669739
ZKIN,0.45500534772872925
FTCI,0.4549684524536133
AIOT,0.454916775226593
AEI,0.4548918604850769
SLNHP,0.45487943291664124
VALN,0.4548623561859131
JWEL,0.45483532547950745
UCL,0.45482340455055237
SRFM,0.4547984004020691
BKSY,0.45471781492233276
ARBE,0.4547165036201477
GOODN,0.45468956232070923
OPEN,0.4546665549278259
MGIH,0.4546509385108948
SLGL,0.45459499955177307
JBDI,0.45458313822746277
AIIO,0.45456385612487793
BSET,0.45452383160591125
SER,0.4545081555843353
MPU,0.45446550846099854
SKYA,0.45445555448532104
NAII,0.4544488787651062
BDN,0.454415887594223
LPTH,0.45441508293151855
MRBK,0.45438575744628906
MUC,0.45432737469673157
WB,0.45432478189468384
JMM,0.4542945623397827
MDBH,0.4542813301086426
JYD,0.4542471766471863
HEPS,0.45424285531044006
ONL,0.45423173904418945
HITI,0.4542296528816223
XERS,0.4542224705219269
LGHL,0.4542214870452881
DIT,0.4542173743247986
TOI,0.4541853368282318
BIAF,0.45409974455833435
PLSE,0.4540124237537384
BSIN,0.45400556921958923
SOUN,0.45397400856018066
NNVC,0.4539528787136078
FVCB,0.4539065957069397
IVVD,0.4538627862930298
SHIP,0.45385169982910156
LOBO,0.45380711555480957
QUBT,0.4538031816482544
HTZ,0.45376771688461304
KG,0.4537622332572937
KSCP,0.4537397623062134
BRFH,0.4537298381328583
GGRP,0.45370063185691833
CBUS,0.4536878168582916
WHLRL,0.4536771774291992
EHTH,0.4536495506763458
BOF,0.453648179769516
NMZ,0.45361417531967163
SPRU,0.4535764455795288
AZ,0.4535500705242157
LOOP,0.45351898670196533
LGL,0.4535073935985565
QS,0.45349347591400146
GTIM,0.4534863531589508
GDRX,0.4534761309623718
GROW,0.45345762372016907
GHG,0.453336238861084
AGMH,0.45333319902420044
VMO,0.4533141255378723
JSPR,0.4532873332500458
SAFE,0.453279584646225
FBLA,0.45327356457710266
NWGL,0.4532664120197296
EQ,0.45323482155799866
DNN,0.4532078802585602
PROP,0.4532017111778259
PHK,0.4531885087490082
PMAX,0.4531131982803345
NAMS,0.4531095325946808
MVBF,0.45302334427833557
LU,0.45299017429351807
FLNA,0.4529309868812561
NMT,0.4529057443141937
ACTG,0.4528822898864746
BRID,0.4528553783893585
TEM,0.45284393429756165
AIFA,0.45272791385650635
MBRX,0.45267680287361145
DARE,0.45264771580696106
NEWTG,0.4526440501213074
DDD,0.45263540744781494
SKE,0.4526042938232422
VSTM,0.4525839388370514
BAK,0.45257294178009033
DHC,0.45255157351493835
AMWL,0.4524800777435303
EVTV,0.45247402787208557
CD,0.45245036482810974
SES,0.45242834091186523
DXR,0.4524279236793518
GLV,0.4524167478084564
VZLA,0.4523870646953583
KPRX,0.45238354802131653
TSHA,0.4523380398750305
HYPR,0.4522765874862671
EXK,0.4522635042667389
GCTK,0.45223331451416016
KTN,0.45221519470214844
CIK,0.4521917998790741
FGI,0.4521811604499817
SEDG,0.45210233330726624
GIPR,0.45206978917121887
SNDL,0.4520687758922577
FIRY,0.45206671953201294
MKTW,0.4520343840122223
ACIU,0.4520167410373688
PML,0.4520062804222107
CLST,0.45198389887809753
PAVM,0.45197758078575134
ZONE,0.4519599378108978
ZURA,0.451942503452301
BFRG,0.45187288522720337
OUST,0.4518285393714905
CRBU,0.45181864500045776
FOA,0.451754629611969
OLB,0.45173701643943787
ATER,0.4517344832420349
MVST,0.4517075717449188
GBLI,0.45170751214027405
ECC,0.45170697569847107
GUTS,0.451600581407547
RMTI,0.45157602429389954
LXEH,0.45156577229499817
EPOW,0.4515548348426819
BNTC,0.45155224204063416
XXI,0.451540470123291
OPTU,0.45152559876441956
IDAI,0.45151835680007935
OGI,0.45143088698387146
RERE,0.4514234960079193
LEE,0.45137760043144226
FGNX,0.45137035846710205
MWG,0.45133858919143677
GAU,0.45131587982177734
TECX,0.4512503743171692
NXL,0.4512476921081543
SPCE,0.4512438178062439
BEAT,0.45123574137687683
AUNA,0.4511825442314148
FUBO,0.45117682218551636
QSI,0.45115798711776733
PGY,0.45108550786972046
TDUP,0.4510664939880371
BDSX,0.451046347618103
TWG,0.45103827118873596
NBP,0.45100143551826477
REI,0.4510013163089752
MHF,0.45096853375434875
LASE,0.4509652256965637
KC,0.45089852809906006
SLI,0.45087167620658875
LGVN,0.4508415162563324
LIEN,0.45078933238983154
HOUR,0.4507550001144409
GRWG,0.4507301449775696
RVSB,0.45072731375694275
OPK,0.4507018029689789
HKIT,0.45066583156585693
OPAL,0.45063260197639465
PSIG,0.4506302773952484
YMM,0.45062312483787537
INCR,0.4505598545074463
BZUN,0.4505053460597992
BZFD,0.45044735074043274
QNCX,0.4503454566001892
LOCL,0.4503265917301178
CRWS,0.45032504200935364
ICON,0.45031893253326416
HNST,0.4502936005592346
SABS,0.4502844214439392
RILYL,0.45028409361839294
NXTC,0.45027804374694824
EURKU,0.45023179054260254
HNVR,0.45017099380493164
KPLT,0.45007580518722534
UPWK,0.45004767179489136
AQB,0.45003581047058105
PDSB,0.44998452067375183
HOWL,0.4499433636665344
ESBA,0.4499000608921051
BLND,0.44987213611602783
BOXL,0.44979730248451233
NIXX,0.4497896730899811
TUYA,0.4497469961643219
SCYX,0.449736624956131
IQST,0.44967445731163025
UNCY,0.4496581256389618
TOP,0.4496136009693146
SBXD,0.4495929479598999
MBAI,0.4495697319507599
SENS,0.44955527782440186
ILPT,0.44954198598861694
ZDGE,0.4495304226875305
LFWD,0.4495137333869934
GDC,0.44948840141296387
MODD,0.4494861960411072
JVA,0.4494442939758301
STKH,0.4494175612926483
DYAI,0.4494137167930603
BGSF,0.44941356778144836
REBN,0.44937023520469666
HGBL,0.44935086369514465
EUDA,0.44925153255462646
VIVK,0.4492093026638031
GDTC,0.4492076635360718
TOMZ,0.4492062032222748
RVSN,0.4492033123970032
SLND,0.44919076561927795
AIRE,0.4491790235042572
VIOT,0.44912102818489075
FTK,0.44910526275634766
BTOG,0.4490796625614166
APYX,0.44895559549331665
AMPX,0.4488281011581421
CCEL,0.44882071018218994
IVA,0.44872888922691345
ZVIA,0.44867363572120667
LGCL,0.4485442340373993
INDP,0.44851139187812805
KRRO,0.4484805464744568
ALOY,0.4484421908855438
CCLD,0.44844070076942444
NB,0.4484378695487976
ICG,0.44842177629470825
GALT,0.44836097955703735
WILC,0.4483563303947449
PBFS,0.44830605387687683
ARAY,0.44829878211021423
VUZI,0.4482637643814087
PEBK,0.4482528865337372
WVVI,0.4482326805591583
IRIX,0.44822198152542114
AMST,0.44821828603744507
BEEM,0.4482180178165436
MITQ,0.44814929366111755
DSM,0.4481419026851654
JYNT,0.448091983795166
NTWOU,0.44805410504341125
IMRX,0.44803476333618164
CCTG,0.44793400168418884
RPID,0.4478146731853485
INKT,0.4477769136428833
BKT,0.44775980710983276
GDEV,0.4477410614490509
FBRX,0.4477158188819885
DJT,0.4476805627346039
CUBB,0.44761109352111816
ABEO,0.4475102424621582
RNXT,0.44741952419281006
LPSN,0.4473709464073181
LCFY,0.447332501411438
DLNG,0.4472215473651886
CFFN,0.44718101620674133
SCZM,0.44716882705688477
HTCR,0.4471265971660614
NTRP,0.4471219480037689
ALAR,0.44702184200286865
CLLS,0.4469969570636749
SIF,0.44695305824279785
IPW,0.4469341039657593
SRG,0.4468761086463928
ALBT,0.44686487317085266
FKWL,0.4468024671077728
IMMX,0.44679516553878784
PRZO,0.44666555523872375
IPSC,0.44657573103904724
BOTJ,0.44656801223754883
TGB,0.4465542733669281
JZ,0.44653981924057007
AMRN,0.44650790095329285
DFLI,0.4464671015739441
DSWL,0.44646644592285156
NCV,0.44641074538230896
GRF,0.44634556770324707
AEF,0.4463159441947937
SLNG,0.4463001787662506
UNIT,0.4462657570838928
PRPL,0.4462122321128845
AKTX,0.4462110102176666
WHLRD,0.4461687505245209
WRN,0.44612765312194824
RGTI,0.44605252146720886
RLX,0.4460483491420746
AKA,0.44603097438812256
NAKA,0.4459863305091858
AQMS,0.445966511964798
BAOS,0.44596055150032043
SYPR,0.44590550661087036
FTH,0.44564682245254517
NAZ,0.44561567902565
ATS,0.4456135034561157
SBEV,0.44557324051856995
PCQ,0.44555261731147766
LSTA,0.44549837708473206
BBAI,0.4453261196613312
WIA,0.44529348611831665
CING,0.4452807605266571
CNTB,0.44524654746055603
KTCC,0.4452284574508667
BDTX,0.4452279210090637
QTTB,0.4452165365219116
FRAF,0.4451916813850403
SSYS,0.4451884627342224
TLRY,0.4451771378517151
MMA,0.4451674520969391
MOLN,0.4451657831668854
GWH,0.4451606869697571
SERA,0.4451596438884735
LANV,0.44515061378479004
MTEK,0.4451195001602173
NNBR,0.4451068341732025
AKO-A,0.4450741410255432
SNTI,0.44507187604904175
ACB,0.44502848386764526
GRNQ,0.444954514503479
GPRO,0.44495445489883423
OWLT,0.4449296295642853
SHPH,0.444909006357193
IBRX,0.44490116834640503
CUE,0.44484180212020874
JFU,0.4448329508304596
DOMH,0.44478604197502136
OCC,0.4447828531265259
PRTS,0.4447740614414215
ECX,0.44474896788597107
DAIO,0.4447379410266876
AVTX,0.4447266161441803
ALFUU,0.4446043074131012
EEIQ,0.4445715546607971
AEHL,0.444546103477478
CELU,0.4445255696773529
DLPN,0.4444882571697235
PRPO,0.44448211789131165
WBX,0.4443642199039459
VEEE,0.4443194568157196
VYNE,0.44430574774742126
NWTG,0.4442741274833679
XPON,0.4442320466041565
PLX,0.4441230297088623
HYMC,0.44411352276802063
NRXP,0.4441109299659729
AACG,0.4441105127334595
VERU,0.4441078305244446
ISTR,0.444044828414917
AAME,0.4440406560897827
GETY,0.4439338743686676
IHT,0.44383037090301514
FEAM,0.44382980465888977
ULBI,0.44376713037490845
IFRX,0.443758487701416
BLDP,0.4437018632888794
ELBM,0.443682998418808
BCDA,0.4436416029930115
SIDU,0.4436126947402954
MFM,0.4435391128063202
SWKHL,0.443537175655365
PHUN,0.44350144267082214
PNI,0.4434816837310791
GOTU,0.44343382120132446
LOT,0.4433653950691223
NCL,0.4433533847332001
BZ,0.4433484375476837
DZZ,0.44328731298446655
IMA,0.4432317614555359
QH,0.4432121813297272
MTNB,0.443208783864975
NEWP,0.4431714415550232
NUWE,0.4430835247039795
MOGU,0.44306161999702454
TCRX,0.4430559575557709
TV,0.4430493116378784
EJH,0.44296374917030334
HUDI,0.4429014325141907
BON,0.44289886951446533
SSBI,0.44289731979370117
CNTN,0.4428929090499878
KRKR,0.4428871273994446
PULM,0.4428673982620239
ZCMD,0.4428529739379883
TARA,0.4428139925003052
XTNT,0.4428039789199829
PAL,0.44280222058296204
HIHO,0.44267159700393677
SPRO,0.4426068365573883
APRE,0.4425603747367859
WNW,0.44253411889076233
PASG,0.44248804450035095
RKDA,0.44241687655448914
NRSN,0.4424145519733429
RNAZ,0.4424110949039459
BHST,0.44236013293266296
WIMI,0.4423428773880005
NNDM,0.442281574010849
NFGC,0.4422354996204376
HUIZ,0.4422098696231842
XELB,0.4421168267726898
ICCM,0.44206392765045166
APVO,0.4419993758201599
THCH,0.44190526008605957
YCBD,0.44187602400779724
NUTX,0.44185078144073486
SNT,0.44184261560440063
RNTX,0.44178685545921326
SLDB,0.4417741894721985
ASPS,0.4417136013507843
CTEV,0.44164273142814636
PETZ,0.4416169822216034
FXNC,0.44152265787124634
OPHC,0.4415108859539032
LION,0.44146350026130676
RVP,0.44146284461021423
GRABW,0.44142401218414307
NKTX,0.44140058755874634
EBON,0.44138655066490173
CLPS,0.4413578510284424
SLMT,0.4412882924079895
CTMX,0.44128361344337463
VSA,0.4412088096141815
FTF,0.4412021040916443
HYPD,0.44120168685913086
SNES,0.44116488099098206
AREN,0.4411497414112091
BLIN,0.4411296546459198
SACH,0.4410732388496399
ELE,0.44106295704841614
BODI,0.4410601258277893
MSC,0.44105929136276245
PCSA,0.4410398602485657
NCRA,0.44103386998176575
ANGH,0.44102755188941956
ALGS,0.440978467464447
ENTX,0.4409703016281128
AMS,0.4408780038356781
TOON,0.4408564567565918
GP,0.44083282351493835
CELZ,0.4407964050769806
EDIT,0.4407149851322174
GMM,0.44071319699287415
VOR,0.44070860743522644
BRBS,0.44066938757896423
IMRN,0.4405670464038849
EDSA,0.44051095843315125
LNZA,0.4404066205024719
BYFC,0.4404017925262451
PLUR,0.44034039974212646
GAME,0.440326988697052
QTEX,0.4403228461742401
HYFT,0.4403148889541626
PW,0.44029566645622253
BMRA,0.4402870237827301
AMC,0.44026029109954834
KNDI,0.4401877522468567
LUCY,0.44006016850471497
FCAP,0.4400261640548706
KLTR,0.4400252401828766
YHGJ,0.44001880288124084
IAUX,0.4400053024291992
AUBN,0.4399249255657196
CNL,0.4397844970226288
KTH,0.4397621750831604
BBUC,0.43975692987442017
BHRB,0.4396781027317047
XHG,0.43963855504989624
WBUY,0.43962860107421875
ROMA,0.43958422541618347
NCI,0.4395710229873657
MTVA,0.439534455537796
ZSTK,0.43952348828315735
CISS,0.43951091170310974
REVB,0.4394913911819458
CTRM,0.4393865466117859
ONDS,0.4393523931503296
HSDT,0.4392440915107727
AGPU,0.4392334222793579
MDRR,0.43918541073799133
RSSS,0.43912655115127563
YYAI,0.43909722566604614
CGTX,0.43909090757369995
FEED,0.43905675411224365
MDIA,0.43899601697921753
HIX,0.4389684498310089
VRAX,0.43891584873199463
PVLA,0.4389013350009918
WRAP,0.4388825595378876
WDH,0.43885913491249084
TAOX,0.43876034021377563
CGEN,0.43870681524276733
AIFC,0.438610315322876
PYXS,0.43844789266586304
SRXH,0.43844226002693176
PYPD,0.4383768141269684
VEON,0.4383731186389923
CANF,0.4383566081523895
REFR,0.4382801353931427
MSS,0.43807968497276306
XOMAP,0.43803679943084717
RCG,0.4379828870296478
CRDL,0.4379262924194336
CLIR,0.43787601590156555
ALZN,0.4377986788749695
TANH,0.4377392828464508
OSS,0.4376923143863678
INBKZ,0.43759089708328247
INO,0.4375283122062683
MYND,0.4375191032886505
TPCS,0.4375087022781372
UCAR,0.4375038146972656
DCX,0.43744683265686035
DCOY,0.43743661046028137
CVR,0.43741315603256226
ALTI,0.4373704493045807
HTOO,0.43733206391334534
MRDN,0.43731939792633057
AGIG,0.43728235363960266
PMCB,0.43724653124809265
SQNS,0.4371504783630371
CMCT,0.43712595105171204
ZH,0.43709152936935425
VXZ,0.4370705783367157
HCTI,0.4370556175708771
JXG,0.43703168630599976
LCTX,0.43692412972450256
CURI,0.4367819130420685
PDYN,0.43674588203430176
LXRX,0.4367360770702362
NXTS,0.4367092251777649
KITT,0.43668094277381897
GRDN,0.43663930892944336
MTEX,0.43656232953071594
NSPR,0.43656161427497864
LIDR,0.43647500872612
CYPH,0.43637964129447937
SCNI,0.43631064891815186
ORIO,0.4362744390964508
WLDS,0.43620193004608154
STFS,0.4361988306045532
AIFF,0.4361671507358551
NMG,0.4361337125301361
QCLS,0.4361322522163391
TULP,0.43610548973083496
ANY,0.43605491518974304
SPWR,0.4360087513923645
SATL,0.43585914373397827
CPSH,0.4358067214488983
IPDN,0.4357675015926361
SST,0.4357052445411682
ATYR,0.43569979071617126
IMPPP,0.43565651774406433
EVTL,0.43560439348220825
POLA,0.43557363748550415
OKLO,0.4354071021080017
SUIG,0.4353958070278168
MASS,0.43536800146102905
OIO,0.43516698479652405
SINT,0.4351499378681183
ALP,0.4351051449775696
FENG,0.435101717710495
MFI,0.43504267930984497
EU,0.4350019097328186
INSG,0.4349720776081085
KORE,0.4349312484264374
AGEN,0.4349294900894165
ORKA,0.43487828969955444
TMC,0.4348110556602478
VFSWW,0.4347459673881531
VNCE,0.43473020195961
CERS,0.4347018599510193
SABA,0.43469372391700745
NSTS,0.43468108773231506
FSHPU,0.43463483452796936
INDO,0.43455860018730164
CRVO,0.43441861867904663
LUCD,0.43441465497016907
OABI,0.4343414306640625
HUBC,0.434323251247406
SMSI,0.4343166947364807
TAVI,0.43431058526039124
SHFS,0.4342404901981354
NBTX,0.4341108202934265
HAFN,0.4340417981147766
CNTX,0.43399563431739807
CREX,0.433987021446228
ABX,0.4339274764060974
CLWT,0.43385979533195496
CNEY,0.43383529782295227
IMPP,0.433818519115448
MNYWW,0.43379831314086914
VHC,0.43377211689949036
BKKT,0.4337094724178314
MIND,0.43363726139068604
SPAI,0.4336298704147339
NYXH,0.4336068332195282
BNC,0.43358364701271057
GAINZ,0.4335109293460846
RJET,0.43349722027778625
RMCF,0.4334850609302521
ANL,0.43342825770378113
AHG,0.43342241644859314
FTLF,0.43337538838386536
SXTP,0.43335631489753723
BNR,0.43335461616516113
KUST,0.4333508312702179
COSM,0.43321889638900757
ADAG,0.4331988990306854
GFAI,0.43314677476882935
MTC,0.43311232328414917
LIVE,0.43298035860061646
CRGO,0.432924747467041
FXHO,0.4329070448875427
DTIL,0.43283289670944214
SBI,0.43273037672042847
APWC,0.43271252512931824
AWRE,0.43266016244888306
CVM,0.4326428771018982
CGC,0.432629257440567
SVRN,0.4325345456600189
TLSA,0.4324920177459717
SANG,0.4324745535850525
NEGG,0.43243715167045593
MYSE,0.43239694833755493
NMAD,0.4323507845401764
OBIO,0.43233993649482727
DWSN,0.4322926998138428
SDA,0.4322859048843384
CREG,0.43225908279418945
INBS,0.4322517514228821
FBIO,0.43223750591278076
GROV,0.43218308687210083
GTEC,0.4320823848247528
ARTW,0.4320308268070221
RAY,0.4320279061794281
WVVIP,0.43198731541633606
BARK,0.43187451362609863
SLE,0.4318711459636688
BKYI,0.43176648020744324
BAFN,0.43175920844078064
AIXI,0.43167778849601746
JCSE,0.431657075881958
RKTO,0.4315817654132843
FABC,0.4315797686576843
RDIB,0.43154072761535645
WALD,0.4315029978752136
BTCS,0.43150046467781067
HERE,0.4314941167831421
TMCWW,0.43143463134765625
BCAB,0.43110328912734985
OTLY,0.4310707449913025
ADCT,0.431058406829834
AURE,0.4310431182384491
SQFT,0.43101948499679565
SEG,0.4310026466846466
JCTC,0.4309592545032501
INAB,0.4309494197368622
LITB,0.4308946132659912
CDZIP,0.4308643341064453
XRTX,0.43083760142326355
RGS,0.4308343827724457
NEXR,0.4308304190635681
HOVR,0.43078747391700745
MYSZ,0.4306751489639282
LITS,0.43065667152404785
CBIO,0.4306471347808838
LUNR,0.4306219220161438
HOLO,0.4306015968322754
GXAI,0.4305843412876129
XOS,0.43053650856018066
GDHG,0.43048813939094543
TOUR,0.4304775297641754
CDT,0.4303058683872223
GVH,0.430216521024704
FNUC,0.4301823377609253
NCMI,0.43014177680015564
BAER,0.4300718307495117
CULP,0.4299798309803009
FAX,0.4299474358558655
BGDE,0.4299366772174835
GYRE,0.4298427402973175
NXPL,0.4297020435333252
SCNX,0.42957058548927307
CTM,0.4295685589313507
SWVL,0.4294576644897461
ELVA,0.4294249713420868
LUXE,0.42938122153282166
WKHS,0.42937901616096497
INTJ,0.42927756905555725
SWAG,0.429165244102478
SIFY,0.42916247248649597
LFMDP,0.42916005849838257
IMCC,0.4291049540042877
TRSG,0.4290589988231659
HURA,0.42882710695266724
CODX,0.42882370948791504
ZEPP,0.428630530834198
BOLT,0.4286154508590698
NEPH,0.42855116724967957
EDUC,0.4285280108451843
AIRI,0.4285038709640503
FCEL,0.4284902811050415
CIRC,0.4284721612930298
TRLV,0.42844322323799133
KOSS,0.42841383814811707
ABAT,0.42837345600128174
DDC,0.42829498648643494
NEXM,0.42823526263237
LRHC,0.42800286412239075
MRNO,0.42800113558769226
ALM,0.42794400453567505
VIVS,0.4279025197029114
ONCY,0.4278147220611572
SKYE,0.42777571082115173
GNPX,0.4276438057422638
GLMD,0.42756274342536926
WPRT,0.42753684520721436
VCIG,0.4274572432041168
BFRI,0.42738479375839233
TELO,0.42735692858695984
STXS,0.4273220896720886
CTXR,0.42726951837539673
SPPL,0.427249550819397
NVX,0.42718690633773804
RYM,0.4271365702152252
SCLX,0.4271100163459778
GNTA,0.4271090626716614
DPRO,0.42710036039352417
TPST,0.4270755350589752
CCNEP,0.4270661771297455
RFL,0.4270074665546417
ABVC,0.4269217550754547
HTFC,0.42686715722084045
PHIO,0.4267246723175049
ASM,0.42659953236579895
VSTD,0.4265969395637512
AZTR,0.42650195956230164
CYCN,0.4264371991157532
EVAX,0.4262308180332184
QNTM,0.42620712518692017
ANSC,0.42619389295578003
CPIX,0.4261898696422577
PAVS,0.4260987639427185
SOGP,0.42603206634521484
KGEI,0.4260183572769165
AKAN,0.4259931147098541
BBGI,0.42598065733909607
GREE,0.42596912384033203
ENLV,0.42594704031944275
BTBD,0.42594683170318604
JG,0.4259231686592102
PDC,0.4258979558944702
PRSO,0.4258655607700348
JF,0.4258555769920349
GNS,0.4257459044456482
WKSP,0.4256925880908966
CHPT,0.42551189661026
CRML,0.4253728687763214
BLNE,0.4252636432647705
KZIA,0.4252510666847229
AUC,0.42519623041152954
SOS,0.4251698851585388
CATX,0.4251191020011902
MNSBP,0.42500925064086914
SUGP,0.425008624792099
NYAX,0.42498815059661865
FPH,0.42493531107902527
SMXT,0.4249233901500702
AWX,0.42481091618537903
KALA,0.4247879981994629
SMTK,0.42473483085632324
TRVG,0.4246531128883362
NKTR,0.4246070384979248
COCP,0.4244667887687683
NUV,0.4242897033691406
BGMS,0.42418724298477173
FMST,0.42407286167144775
ATHE,0.42404720187187195
GBR,0.4240431785583496
TRNR,0.4240421950817108
DRUG,0.42399048805236816
NCSM,0.42394426465034485
RENX,0.42391952872276306
DHF,0.4238206446170807
CRIS,0.42379796504974365
XCUR,0.4237074851989746
VFS,0.42359715700149536
RNWWW,0.4235820174217224
YQ,0.4234845042228699
AIMD,0.4234446585178375
VVOS,0.4234209656715393
VXX,0.42341506481170654
BDL,0.42315295338630676
HIO,0.42314791679382324
MNOV,0.42309924960136414
FWDI,0.42307746410369873
ASRV,0.42304903268814087
GORO,0.4229280650615692
APM,0.42290976643562317
GTN-A,0.42272794246673584
MBIO,0.4226354658603668
RFAI,0.42262518405914307
XGN,0.42252182960510254
GLDG,0.4223255217075348
SLAI,0.4223197102546692
RYDE,0.42227527499198914
CCO,0.42206859588623047
DRMA,0.42196398973464966
ATOS,0.4219546914100647
BRAG,0.4218348264694214
PSTV,0.4217575788497925
REGCP,0.4217545986175537
CNET,0.4217395782470703
MGLD,0.4216809868812561
QBTS,0.4215375781059265
ODV,0.4215000867843628
BMR,0.4214496612548828
FSEA,0.42141178250312805
BH-A,0.421383261680603
GLBS,0.4213319420814514
GROY,0.42132845520973206
NXTT,0.42130419611930847
MNTS,0.4212576448917389
TCBS,0.4211651682853699
PHGE,0.42113789916038513
CHAI,0.4211358428001404
CFBK,0.42106395959854126
VIVO,0.42097774147987366
DHY,0.4209567904472351
RTB,0.4209458529949188
XTLB,0.42074888944625854
AVAL,0.42072370648384094
SEGG,0.42063114047050476
VANI,0.42058584094047546
DTI,0.42056897282600403
SOBR,0.420562207698822
YIBO,0.42054280638694763
IMDX,0.4202597439289093
MGX,0.4201924502849579
NTIP,0.42012155055999756
MHLA,0.42010819911956787
NDRA,0.4200962483882904
EICA,0.41993987560272217
OLOX,0.4198623597621918
EMPD,0.41968396306037903
QUCY,0.4196145236492157
XLO,0.41959264874458313
ZENA,0.41952455043792725
ABLV,0.41951069235801697
CLRB,0.41949164867401123
POET,0.41947418451309204
YXT,0.41946467757225037
POCI,0.41941362619400024
BURU,0.41938671469688416
AENT,0.4192972779273987
GRDX,0.4192475378513336
INTZ,0.4191840887069702
CUB,0.41892358660697937
CENN,0.41888660192489624
MIRA,0.4188253581523895
FLNT,0.41878119111061096
MGRX,0.41872677206993103
TLSI,0.418710857629776
INVZ,0.4186544120311737
USBC,0.4186042547225952
MLSS,0.4184524714946747
MNDR,0.4183213412761688
VBIO,0.4181670844554901
TNON,0.4181291460990906
ATLX,0.4180840849876404
EFOI,0.4178590774536133
ELSE,0.41776084899902344
PDCC,0.417728453874588
KTTA,0.41756489872932434
GRRR,0.4175501763820648
DBVT,0.4174535870552063
XXII,0.4174402058124542
IFBD,0.4174288213253021
FFAI,0.41739052534103394
IVDA,0.4173186123371124
PXLW,0.4170156419277191
AUUD,0.41696232557296753
GEGGL,0.41691854596138
BGM,0.41690507531166077
CETY,0.41683733463287354
UXIN,0.4167119264602661
AMBO,0.4166371822357178
FTEK,0.4165094196796417
SLNH,0.4164784550666809
AHT,0.41646257042884827
PRE,0.41644206643104553
ZTEK,0.4163457453250885
ZSQR,0.4163166880607605
PSHG,0.41618818044662476
ILAG,0.4161851108074188
OCS,0.41606464982032776
WAI,0.4160233438014984
MLGO,0.4157978296279907
GWAV,0.415793776512146
HOVNP,0.41570237278938293
SXTC,0.4156795144081116
HELP,0.4156546890735626
PRFX,0.4156230390071869
GSUN,0.41555485129356384
JAGX,0.4155150055885315
SLSN,0.41529926657676697
TC,0.41521522402763367
ATXG,0.4151216745376587
HCXY,0.41506898403167725
DSS,0.41489288210868835
PBK,0.41485217213630676
FGNXP,0.4148319959640503
SBET,0.4144745171070099
TAVIU,0.4144376814365387
PRHI,0.4144117832183838
ONCO,0.41424763202667236
AMIX,0.4141741693019867
BNAI,0.41415801644325256
MBOT,0.4140949547290802
ORBS,0.41407832503318787
GV,0.41397586464881897
LAES,0.413765549659729
FSP,0.4137524366378784
QETA,0.4137061834335327
TENX,0.41363725066185
NCNA,0.41348180174827576
ASST,0.41307711601257324
HKD,0.4129635989665985
BLRX,0.4128877818584442
GRCE,0.41247129440307617
BPOPM,0.41246387362480164
BETR,0.41241464018821716
CBAT,0.4123823046684265
OESX,0.4120720326900482
GRI,0.41206660866737366
PAPL,0.41201749444007874
ELAB,0.4119671583175659
ISBA,0.411822646856308
VGAS,0.41180911660194397
INM,0.41178447008132935
ARBB,0.4117771089076996
EDBL,0.4117491841316223
FRSX,0.4113120138645172
PLAG,0.41126781702041626
TAOP,0.4112589359283447
CMND,0.41125062108039856
ATGL,0.4110703766345978
MSGM,0.4109481871128082
ENGN,0.410867840051651
VNRX,0.41063806414604187
IVF,0.4105425775051117
MRT,0.4104703962802887
PALI,0.4103366732597351
PBHC,0.4102785587310791
BNRG,0.4101939797401428
ILLR,0.4101788103580475
CKX,0.41011449694633484
EQS,0.4101133644580841
NTZ,0.40998420119285583
TLF,0.409966379404068
TONX,0.4099138379096985
FSHP,0.40982240438461304
CLNN,0.40955641865730286
PTN,0.4095213711261749
PPT,0.4094141721725464
ELLO,0.40936949849128723
HSCS,0.40933552384376526
CPOP,0.4091736376285553
SGRP,0.40915170311927795
CCM,0.40912288427352905
SPRC,0.4090474545955658
TGEN,0.4088307321071625
USAR,0.40876224637031555
ACON,0.40874525904655457
TGL,0.4085872173309326
ENJ,0.40852341055870056
BQ,0.40839752554893494
RDHL,0.40836772322654724
TXMD,0.408325731754303
CNVS,0.4083159565925598
NVVE,0.40828531980514526
AVX,0.4082617461681366
PSIX,0.4082581400871277
ENVB,0.4082098603248596
SNTG,0.4081887900829315
SVRE,0.4080789387226105
ADGM,0.40798383951187134
MLCI,0.4078465402126312
ASTC,0.40772026777267456
OGEN,0.4076610505580902
GFR,0.40711453557014465
TRIB,0.4069828987121582
SBFM,0.4069167375564575
BCG,0.4069021940231323
WHLRP,0.40658435225486755
SNGX,0.4064997136592865
XMAX,0.4064388573169708
AIXC,0.40634456276893616
SHMD,0.40634191036224365
TMQ,0.40613853931427
CDIO,0.4060317873954773
ATCH,0.40603017807006836
ISPC,0.40588557720184326
GIFT,0.40583622455596924
AIRTP,0.40582239627838135
CCG,0.40557047724723816
BBLG,0.40550947189331055
TOPS,0.40540245175361633
WATT,0.40538179874420166
SCOR,0.40527087450027466
BRLS,0.40518006682395935
PEW,0.40517285466194153
HIND,0.405059814453125
TRON,0.40503594279289246
FGBIP,0.40500909090042114
ABTC,0.4049859344959259
EONR,0.40492117404937744
AIRJ,0.4045946002006531
CLDI,0.4042840301990509
KULR,0.4042353630065918
PIM,0.40415436029434204
OCCIN,0.40408727526664734
NAMSW,0.40396827459335327
GOVX,0.4037865102291107
FER,0.4037826955318451
TRAW,0.4037306010723114
DFNS,0.40370792150497437
RDGT,0.4034712612628937
THM,0.4033795893192291
DUO,0.40335777401924133
VTAK,0.403145432472229
BULL,0.4031345844268799
MRKR,0.402596116065979
LODE,0.4025385081768036
INDV,0.40251997113227844
DCBG,0.4024566411972046
PFX,0.40229594707489014
KXIN,0.40227922797203064
EZGO,0.40220221877098083
GGR,0.40212440490722656
EZRA,0.4021236300468445
LIQT,0.4020155668258667
ASTI,0.4018823802471161
MEGL,0.4016430377960205
JDZG,0.4014469385147095
CHR,0.40126773715019226
LPA,0.40097013115882874
LSBK,0.4009525179862976
MLEC,0.4007814824581146
CNSP,0.40066754817962646
BNGO,0.40060409903526306
EVGN,0.4005230665206909
VMAR,0.4003877341747284
ELPW,0.4002811908721924
LUCYW,0.4002060294151306
XPL,0.40010783076286316
TYGO,0.399784654378891
UBXG,0.39950013160705566
QNRX,0.39922741055488586
ENSC,0.3991159498691559
MNDO,0.3989593982696533
FLD,0.3987293243408203
BANL,0.39858773350715637
BWLP,0.3985508680343628
STRRP,0.398512601852417
FNWD,0.39846688508987427
NEUP,0.39845699071884155
NESR,0.3983194828033447
FORTY,0.3980847895145416
MGF,0.3980715572834015
USAS,0.39796459674835205
AEMD,0.39790794253349304
FRMM,0.3979038894176483
MAAS,0.39760106801986694
MDAI,0.39752259850502014
BJDX,0.39751866459846497
SNOA,0.3972613513469696
MIN,0.3970717787742615
INUV,0.3967829942703247
CHNR,0.39640939235687256
VS,0.39633575081825256
ADIL,0.3961573541164398
INTG,0.3959977924823761
ESLA,0.39598169922828674
BDRX,0.39573800563812256
MAKO,0.39564746618270874
AISP,0.3955744206905365
UZX,0.3954678177833557
RDZN,0.39526769518852234
RCON,0.3952571153640747
KFFB,0.39433833956718445
SSM,0.394231379032135
DBGI,0.39413100481033325
DSY,0.3935047686100006
RBKB,0.393499493598938
SEATW,0.39349693059921265
VTGN,0.39317208528518677
BNZI,0.3928544223308563
CYN,0.3926866352558136
IMNN,0.39261335134506226
FTFT,0.3917769491672516
TCRT,0.3915748596191406
FAMI,0.3912952244281769
RSVRW,0.3904443681240082
NCPL,0.3902859389781952
GCTS,0.39027753472328186
RMCO,0.39020273089408875
ICU,0.38992080092430115
ERNA,0.38984888792037964
FRGT,0.3896932303905487
CCIX,0.38904431462287903
STI,0.3888230323791504
QTI,0.388607382774353
RIME,0.38843291997909546
BENF,0.38836348056793213
MRM,0.38822266459465027
FRMEP,0.3881077170372009
XWEL,0.387766569852829
LPAAU,0.3875785768032074
TNXP,0.38742443919181824
UAMY,0.38704219460487366
RAND,0.38630667328834534
LIDRW,0.3861459195613861
AYTU,0.3855079412460327
ZEO,0.38509121537208557
ALMU,0.3848077058792114
RGC,0.3847798705101013
YDKG,0.38455283641815186
TWAV,0.3840022087097168
COCH,0.3835839331150055
GEG,0.38349366188049316
NSLRL,0.3832527995109558
TLPH,0.3830702304840088
NVNI,0.3821921646595001
PSQH,0.3820892870426178
NTRBW,0.38191163539886475
TSSI,0.3817831575870514
AZI,0.38073474168777466
QTEXW,0.38066402077674866
PNBK,0.38050371408462524
CLRO,0.37958577275276184
PMN,0.3793509602546692
BWBBP,0.3792838156223297
GIGM,0.3791160583496094
TVGN,0.3789813220500946
KVAC,0.3787478804588318
DVLT,0.3785744309425354
AMTD,0.3785218894481659
TII,0.37837982177734375
INV,0.37727487087249756
GNLN,0.3766390085220337
MOBX,0.3758978247642517
IBIO,0.3758903443813324
TRUG,0.37582340836524963
ACFN,0.37537503242492676
BGLC,0.37526237964630127
SDEV,0.3742895722389221
CXAI,0.3739778399467468
APLM,0.3739440143108368
OPTX,0.37314850091934204
JOB,0.3731071949005127
BTCT,0.3729636073112488
SDST,0.3721331059932709
CURR,0.3715953528881073
FEDU,0.37118688225746155
MKDW,0.3704696297645569
UAVS,0.37040984630584717
AERT,0.37009888887405396
FIEE,0.3696736693382263
XTIA,0.3694901168346405
TOVX,0.3690848648548126
IGC,0.3690427839756012
MSLE,0.3687804043292999
VGZ,0.36871466040611267
ATPC,0.3676924705505371
JTAI,0.36677587032318115
MSAI,0.3665142357349396
GPAT,0.36600959300994873
TOYO,0.3660023808479309
SBC,0.3656083941459656
SW,0.3653287887573242
BBLGW,0.3651277422904968
XBP,0.36469924449920654
WWR,0.3646446466445923
FUFU,0.36399006843566895
SUNE,0.36331161856651306
MNY,0.36330273747444153
SIM,0.36329230666160583
SMX,0.3629312813282013
AIM,0.3623731732368469
JBK,0.3620995283126831
ALLR,0.3616441488265991
DUKR,0.3613351583480835
BCHT,0.36066916584968567
HCWC,0.360320508480072
ONMD,0.359688401222229
ZNB,0.3578644096851349
CMTV,0.3576979637145996
AMOD,0.35768526792526245
HWH,0.3556056320667267
TPET,0.35549503564834595
GPUS,0.35495004057884216
TNMG,0.3547910749912262
PFXNZ,0.3545064926147461
GJS,0.35426557064056396
RZLV,0.35345858335494995
IBAC,0.35321757197380066
SPCB,0.3530629575252533
BCAL,0.3527945876121521
OGCP,0.3508976697921753
LINE,0.35075831413269043
OXSQG,0.35036253929138184
STKE,0.34993261098861694
OPTT,0.34983766078948975
MYSEW,0.3491443693637848
CETX,0.34910982847213745
AMCI,0.3485757112503052
TAP-A,0.34855031967163086
BNBX,0.3482263684272766
GJH,0.3478798568248749
ITP,0.346711665391922
ASBP,0.34434038400650024
CCZ,0.34407880902290344
MSN,0.34323519468307495
SOAR,0.34237366914749146
MBAVU,0.3423517644405365
GJT,0.34161993861198425
FSUN,0.3415529727935791
KBSX,0.34146448969841003
CTOR,0.34144458174705505
GRML,0.3410273492336273
PCSC,0.341012567281723
VEEA,0.34057921171188354
TLSIW,0.34052780270576477
CNCK,0.3399815857410431
NEN,0.3396665155887604
REED,0.3382505476474762
HFBL,0.3375825881958008
BZAI,0.33729392290115356
SOWG,0.33565470576286316
AFJK,0.335416704416275
COOT,0.3330894112586975
SIMAU,0.33219000697135925
CPHI,0.33210697770118713
PBM,0.331470251083374
FNRN,0.3314498960971832
DTCX,0.33041784167289734
FUSE,0.32994067668914795
ANNA,0.3298897445201874
SPKL,0.32947444915771484
NIVF,0.32937055826187134
BULLW,0.32917115092277527
BBOT,0.32874536514282227
TRX,0.3287428021430969
DGICB,0.3273874521255493
ALF,0.32661736011505127
GCL,0.3248288035392761
GIBO,0.32425835728645325
AVBH,0.32086053490638733
PCTTU,0.3200390338897705
NAK,0.317776620388031
PPCB,0.3174126446247101
GMHS,0.31662091612815857
SFBC,0.31535428762435913
BANFP,0.31396573781967163
WHLR,0.31353992223739624
VSEE,0.3134665787220001
IOR,0.3133464753627777
SLXN,0.3124086558818817
WLYB,0.3120652437210083
NUAI,0.31154683232307434
FOXX,0.31082069873809814
RFAIU,0.3082779347896576
WALDW,0.3082627058029175
BDMD,0.3065163195133209
AGM-A,0.3034321367740631
PYT,0.3021712899208069
OSRH,0.29398494958877563
QXL,0.29273560643196106
POLEU,0.29120346903800964
SENEB,0.29061388969421387
CUBWU,0.2887674868106842
GJP,0.28821760416030884
GJO,0.2840544283390045
OFSSH,0.2840536832809448
FISK,0.2808241844177246
BKHA,0.27648934721946716
KVACU,0.27307698130607605
LBTYB,0.27137598395347595
RMSG,0.2636224627494812
GYRO,0.2621752917766571
CCIXU,0.2561074197292328
ODYS,0.2529476284980774
NAMMW,0.25020748376846313
GRAF-U,0.24986205995082855
MAYS,0.24885191023349762
KELYB,0.24505846202373505
EXOD,0.2434663623571396
CCGWW,0.2389078289270401
CIIT,0.23472590744495392
GJR,0.2346455603837967
HVT-A,0.23080652952194214
EFSI,0.22513505816459656
MBBC,0.2234393060207367
BKHAU,0.21939393877983093
GPATU,0.21761204302310944
BESS,0.2108917236328125
SPKLU,0.20583856105804443
MOG-B,0.2029310166835785
AEC,0.18995027244091034
WSO-B,0.14378100633621216
QETAU,0.13142341375350952
ANSCU,0.1303732693195343
AFJKU,0.12646429240703583
BIO-B,0.07030405104160309
